Mutual Fund FAQ RAG — Chunks & Embeddings Export
Collection : mf_facts @ /Users/himani/Desktop/NextLeap/Mutual Fund Chat Bot/chroma_db
Model      : sentence-transformers/all-MiniLM-L6-v2 (384-dim)
Chunks     : 105
Exported   : 2026-10-07T06:18:29+00:00
==============================================================================

[1] id: ELSS_0
category    : ELSS
scheme      : HDFC ELSS Tax Saver Fund - Direct Plan - Growth
section     : Key facts
source_url  : https://groww.in/mutual-funds/hdfc-elss-tax-saver-fund-direct-plan-growth
ingested_at : 2026-10-07T06:17:37+00:00  |  chunk_index: 0
chars       : 111  |  embedding: 384-dim
------------------------------------------------------------------------------
TEXT:
NAV: 06 Oct '26: ₹1,423.24

Min. for SIP: ₹500

Fund size (AUM): ₹15,991.78 Cr

Expense ratio: 1.21%

Rating: 5

EMBEDDING (384 floats, rounded to 6 dp):
0.033349, -0.016512, -0.112591, 0.075158, 0.022867, -0.024787
0.065772, 0.061071, -0.004013, 0.016998, -0.017679, -0.104090
-0.089400, 0.027645, -0.018011, -0.062267, -0.040779, -0.134366
-0.000849, 0.016225, 0.021840, 0.014927, 0.025386, 0.008972
0.044541, -0.029248, 0.048338, 0.020273, -0.037882, -0.065657
0.110384, 0.148716, 0.114663, -0.076474, -0.025578, -0.020105
-0.046439, 0.013760, 0.049638, -0.072182, 0.002953, -0.014960
0.041277, -0.043020, 0.029198, -0.012892, -0.050190, 0.122956
0.028108, 0.058652, 0.002108, 0.034656, -0.033119, -0.069454
-0.025685, 0.023938, -0.057320, -0.010138, 0.017366, -0.011353
0.021164, 0.049858, -0.061581, 0.043373, 0.041730, -0.018039
-0.039267, 0.019238, 0.028654, 0.055455, 0.030422, -0.099939
0.020975, -0.108666, -0.036656, 0.007261, 0.014924, 0.006696
-0.027117, 0.024284, -0.013607, -0.038538, 0.057289, 0.024001
0.044273, -0.008784, 0.070075, -0.034571, -0.045262, -0.065447
0.074827, 0.085676, -0.019356, 0.027380, -0.034304, 0.003857
0.013582, -0.083454, 0.011215, 0.055842, 0.037665, 0.094475
-0.044384, -0.010298, -0.014210, -0.010398, 0.073833, 0.060091
0.067546, 0.037484, -0.051292, 0.067051, -0.018885, -0.048341
-0.024944, 0.010023, -0.082414, -0.026035, 0.117913, 0.057283
-0.033237, 0.072332, -0.005079, -0.055309, -0.041965, -0.062322
0.014457, 0.000000, -0.084888, -0.008165, -0.066319, -0.049018
-0.008221, 0.000268, 0.068606, -0.059504, -0.016160, -0.050810
-0.032407, -0.000975, -0.006085, -0.019575, -0.003931, -0.052117
0.032883, 0.041371, -0.016214, -0.053066, -0.018342, -0.007887
0.022145, -0.037916, 0.110848, 0.004874, 0.021098, -0.035313
0.068287, 0.046389, 0.028720, 0.027374, -0.040417, -0.012129
-0.048943, 0.058479, -0.018380, -0.020054, -0.074227, -0.064658
-0.008066, 0.055220, -0.000732, -0.068537, -0.105891, 0.032630
0.027312, 0.058392, 0.015228, 0.031320, -0.112455, -0.043479
-0.057598, 0.042836, 0.027182, -0.035968, -0.041344, -0.032638
-0.011034, -0.046690, 0.011404, -0.058105, -0.100966, -0.076322
-0.055622, 0.036320, -0.015535, -0.066842, 0.036507, -0.032025
-0.037136, 0.007323, 0.099856, 0.077121, -0.039479, 0.015530
0.051990, 0.004333, -0.008974, 0.153565, -0.009941, 0.062848
0.068058, -0.045532, 0.085073, -0.014981, 0.059672, -0.005505
-0.017529, 0.003753, 0.008308, -0.013316, 0.047070, -0.020717
-0.020671, -0.000000, -0.010197, 0.012274, -0.012371, 0.087974
-0.011593, 0.016661, 0.035045, 0.096977, 0.029449, 0.023163
-0.022157, 0.077046, 0.057421, -0.016487, -0.019226, -0.034242
0.052673, -0.002878, 0.012681, -0.007102, -0.004997, 0.036898
0.057570, -0.005751, -0.038126, 0.024146, 0.025162, -0.034227
-0.090004, -0.053546, 0.004541, -0.019386, -0.085158, 0.088242
-0.041602, -0.033540, 0.024988, 0.033838, -0.013399, 0.082921
0.056522, 0.047877, -0.016465, -0.102529, 0.081544, -0.101089
0.049250, -0.009666, 0.032897, -0.092617, 0.030062, -0.029139
0.046648, 0.049865, 0.019940, 0.018256, 0.045231, -0.010416
0.016563, -0.064757, 0.062459, 0.093637, 0.002053, 0.001902
0.011202, -0.022491, -0.028517, -0.026104, 0.046951, -0.057740
-0.012208, -0.052166, 0.032771, 0.070316, 0.002440, 0.040338
-0.030296, -0.006687, 0.060009, 0.028331, 0.022544, 0.113719
0.008443, 0.020039, -0.015708, -0.011277, 0.089758, -0.085242
0.033694, 0.024173, -0.035861, -0.009325, 0.000445, 0.040955
0.049232, -0.000000, -0.016049, -0.042392, 0.004978, 0.011038
0.025248, -0.009825, -0.077761, -0.008650, 0.005998, 0.074165
0.075406, -0.028966, -0.108176, -0.005492, -0.110595, -0.047433
-0.039604, 0.082773, -0.024232, -0.102065, 0.063726, 0.030319
0.022062, 0.023934, 0.015370, -0.011048, -0.019154, 0.049764
-0.024781, -0.065283, -0.031354, 0.061020, 0.033541, -0.034392
-0.075624, -0.006624, 0.042202, -0.000766, -0.032265, 0.112271
0.022412, -0.183995, -0.000912, -0.059927, -0.048300, 0.004089
-0.048373, -0.037898, -0.042968, -0.132155, 0.037654, 0.018020
-0.002901, 0.001946, 0.006809, -0.013275, -0.068172, 0.010335
-0.048322, -0.034839, 0.059414, -0.052304, -0.091938, 0.023266

==============================================================================

[2] id: ELSS_1
category    : ELSS
scheme      : HDFC ELSS Tax Saver Fund - Direct Plan - Growth
section     : Minimum investments
source_url  : https://groww.in/mutual-funds/hdfc-elss-tax-saver-fund-direct-plan-growth
ingested_at : 2026-10-07T06:17:37+00:00  |  chunk_index: 1
chars       : 80  |  embedding: 384-dim
------------------------------------------------------------------------------
TEXT:
Min. for 1st investment: ₹500

Min. for 2nd investment: ₹500

Min. for SIP: ₹500

EMBEDDING (384 floats, rounded to 6 dp):
0.055384, 0.013866, -0.110904, 0.023551, -0.058077, 0.014416
0.041317, 0.116209, 0.061129, -0.023571, 0.002820, -0.046697
-0.044306, 0.033664, -0.009627, -0.052462, -0.021424, -0.099309
-0.021057, 0.007137, 0.109529, -0.038903, -0.022278, -0.045925
0.112483, -0.006293, 0.010325, 0.071480, 0.006075, 0.002598
0.070836, 0.092957, 0.105623, -0.054072, -0.024832, -0.005449
-0.006371, 0.017207, 0.075954, -0.098226, -0.042768, -0.062607
-0.003940, -0.042574, 0.029497, -0.020552, -0.043707, 0.116248
0.031048, 0.034300, -0.006853, 0.011473, -0.076974, -0.024765
-0.042869, 0.008034, -0.032760, -0.002066, 0.041720, 0.039251
-0.030487, 0.022424, -0.017431, 0.094959, 0.043679, -0.036228
-0.018118, -0.034924, -0.017168, 0.042174, -0.007120, -0.063066
-0.038708, -0.091085, -0.048552, -0.026555, 0.063844, 0.063572
-0.039308, -0.049370, 0.001385, -0.010483, -0.020121, -0.000543
-0.011736, 0.015213, -0.002216, 0.053984, -0.021717, -0.064441
0.089515, 0.097657, -0.026692, 0.037851, -0.053996, 0.019809
-0.001947, -0.032356, -0.024678, 0.038519, 0.010116, -0.044565
-0.071870, -0.014216, 0.008584, -0.070121, 0.078506, -0.047462
0.026951, -0.010616, -0.056624, 0.063979, 0.031649, -0.044646
-0.057629, 0.092152, -0.071492, -0.014278, 0.140358, 0.051296
-0.020221, 0.076102, -0.024415, -0.064805, -0.102052, -0.039895
0.019363, 0.000000, -0.068431, -0.027255, -0.044504, -0.014522
-0.058837, -0.003416, 0.054205, -0.048764, -0.041689, -0.053770
-0.000324, -0.091481, 0.001833, -0.018677, 0.009063, -0.065595
0.041979, 0.084453, 0.018747, -0.024073, -0.014342, -0.077707
0.031210, -0.000152, 0.125917, -0.008925, 0.033510, -0.107313
0.080466, 0.050693, 0.082334, 0.012506, -0.099035, 0.015900
-0.039657, 0.068003, 0.067294, -0.005749, -0.042711, -0.020401
-0.065176, 0.064968, -0.055970, -0.074907, -0.041853, 0.051358
0.002472, 0.073452, -0.000745, 0.010404, -0.092023, -0.021534
-0.047054, 0.000632, 0.020485, -0.008728, -0.006385, -0.080702
-0.060251, -0.024839, -0.024967, -0.051365, -0.096582, -0.027537
-0.083875, 0.067034, -0.004637, -0.020866, 0.063412, 0.023194
-0.067969, -0.031911, 0.103322, 0.037623, 0.002670, 0.022884
0.069458, 0.040082, 0.004618, 0.120987, -0.001923, 0.071583
-0.025032, 0.018933, 0.021831, 0.052031, 0.053632, 0.002394
-0.047829, -0.000161, -0.092115, -0.011364, 0.030681, 0.039161
0.013575, -0.000000, -0.017303, 0.030337, 0.046828, 0.042683
0.000922, 0.021745, 0.077411, 0.069475, 0.072658, 0.098797
-0.041535, 0.020964, 0.016722, -0.052190, -0.046995, -0.040600
0.043930, -0.052138, 0.036397, -0.000213, 0.060942, 0.021581
0.004903, 0.024755, 0.019358, 0.050288, -0.018612, -0.000727
-0.101222, -0.069352, -0.018384, -0.044361, -0.088846, 0.041718
-0.041791, -0.000237, 0.005902, -0.009795, -0.033802, 0.113635
0.063510, 0.049288, 0.045628, -0.043503, 0.038464, -0.079301
0.043563, -0.045432, -0.023228, -0.090050, 0.001887, -0.004403
0.011981, 0.040734, 0.044434, 0.006591, 0.043999, -0.046745
0.024478, -0.032369, 0.041873, 0.054164, -0.006996, 0.080462
-0.034742, 0.002979, 0.027454, -0.041011, 0.059553, -0.125230
-0.039195, -0.005279, 0.055938, -0.002096, -0.064625, 0.043515
-0.056510, -0.024775, 0.046955, 0.034822, -0.055024, 0.118740
-0.036323, 0.014966, -0.020332, -0.012991, 0.050093, -0.071807
0.033401, -0.038826, -0.059290, 0.045558, 0.050579, 0.022362
0.004707, -0.000000, -0.024855, -0.054348, 0.025085, -0.013588
0.036814, 0.003439, -0.058977, 0.000272, 0.048909, 0.012069
0.097245, -0.025041, -0.013092, -0.003352, -0.094967, -0.049538
0.013559, -0.006928, -0.018270, -0.054252, 0.069044, 0.033696
0.059802, 0.009897, -0.029129, -0.036616, 0.046042, 0.031036
0.013049, -0.008205, -0.078446, 0.083158, 0.005688, -0.012334
-0.079243, -0.005275, 0.025756, 0.036433, -0.031474, 0.092142
0.021201, -0.191356, -0.012219, -0.046419, 0.007578, -0.024833
-0.024511, 0.010437, 0.042133, -0.119091, 0.018078, 0.002033
0.025254, -0.010619, -0.006554, 0.002091, -0.055387, 0.014196
-0.054360, -0.036603, 0.027187, -0.021779, -0.081583, 0.014828

==============================================================================

[3] id: ELSS_2
category    : ELSS
scheme      : HDFC ELSS Tax Saver Fund - Direct Plan - Growth
section     : Annualised returns
source_url  : https://groww.in/mutual-funds/hdfc-elss-tax-saver-fund-direct-plan-growth
ingested_at : 2026-10-07T06:17:37+00:00  |  chunk_index: 2
chars       : 67  |  embedding: 384-dim
------------------------------------------------------------------------------
TEXT:
Average of the yearly returns of a mutual fund over a given period.

EMBEDDING (384 floats, rounded to 6 dp):
0.073831, -0.053884, -0.045890, 0.085548, 0.014444, -0.019194
0.001279, 0.057618, 0.010150, 0.019774, -0.052869, 0.001217
-0.035032, -0.043621, -0.065760, -0.019517, -0.107793, -0.049778
0.090995, 0.010173, 0.081284, -0.022932, 0.100689, -0.045771
0.068301, -0.030427, -0.012736, -0.012968, -0.066506, 0.052606
-0.001905, 0.012934, 0.064460, -0.054513, -0.027838, 0.018508
-0.032655, 0.035916, -0.015232, -0.002201, -0.064238, 0.053985
0.089596, -0.049026, -0.007049, 0.024252, -0.009632, 0.070798
0.045780, 0.067162, -0.018908, 0.075729, -0.046569, 0.010221
0.045196, 0.045390, -0.094979, 0.005443, -0.013030, 0.030689
-0.038205, 0.028528, 0.029277, 0.047474, 0.039903, -0.017765
-0.048920, 0.036544, 0.016444, -0.013583, -0.010935, -0.034939
-0.124535, -0.122025, -0.009573, 0.038251, -0.048846, 0.016045
0.008041, 0.007143, 0.011339, 0.042941, 0.062828, -0.037157
0.074717, -0.004727, 0.146851, 0.021560, 0.058963, 0.066492
-0.049654, -0.005671, -0.025510, -0.024730, -0.011788, 0.038727
0.008945, -0.110163, 0.026254, 0.057084, 0.031476, -0.087854
0.003233, -0.033219, -0.045368, -0.049238, 0.083619, -0.038322
-0.009558, 0.019054, -0.067013, 0.060833, 0.001485, 0.023702
0.003994, -0.017830, -0.072960, -0.005154, 0.098183, 0.069402
0.111306, 0.058474, 0.017428, 0.031315, -0.076650, 0.000074
0.036493, -0.000000, -0.042596, 0.015302, 0.030581, -0.005723
-0.090361, -0.017761, 0.044704, -0.050844, 0.008364, -0.048515
0.005532, 0.019936, -0.011790, 0.000104, 0.008264, -0.086459
0.033246, 0.092479, 0.086886, -0.057892, 0.029055, 0.010962
0.024771, -0.018644, 0.071329, -0.086553, -0.027921, 0.022371
0.012336, 0.012365, 0.136038, 0.035711, -0.040301, -0.101573
-0.054573, -0.020495, 0.043937, 0.091814, -0.012864, 0.012009
-0.030129, 0.029892, 0.018932, -0.010520, -0.083724, -0.002757
0.066868, 0.039621, -0.032797, 0.002116, -0.093032, -0.062756
0.009847, 0.025306, 0.036968, 0.052479, -0.058669, 0.016760
-0.084035, -0.012843, 0.045082, 0.033266, -0.000596, -0.015488
-0.069371, 0.082771, 0.009375, 0.047242, -0.003263, 0.094862
0.010524, 0.002447, -0.062084, -0.039308, 0.004309, -0.023045
-0.005995, 0.009858, -0.003584, 0.072290, -0.002363, -0.028988
-0.031100, 0.005742, 0.033399, 0.049547, 0.046974, 0.041446
0.054911, -0.066151, 0.028685, -0.103541, 0.019329, 0.013016
-0.056750, 0.000000, -0.011310, 0.027844, 0.160401, 0.077541
-0.035121, -0.036105, -0.027201, 0.084773, 0.028148, 0.097254
-0.001346, -0.021332, 0.026405, 0.016836, 0.009747, -0.033748
0.027789, -0.037794, 0.013172, -0.016014, -0.037419, -0.040272
0.049586, -0.068023, -0.023943, -0.006589, -0.054787, -0.014123
-0.104826, -0.082142, 0.000828, -0.057009, -0.020378, 0.043186
-0.032475, -0.031591, 0.032430, -0.068592, -0.003238, 0.004149
0.033337, -0.001841, 0.083871, -0.042815, 0.093884, -0.039134
-0.067425, 0.040762, 0.063846, -0.048146, -0.085926, -0.069121
-0.011171, -0.102016, -0.135273, 0.025737, 0.038071, 0.026529
-0.063914, -0.008786, 0.016598, -0.045542, -0.034657, 0.065943
-0.066468, 0.003503, -0.066585, -0.086463, -0.010630, -0.039347
0.096865, 0.017534, 0.054006, 0.027111, 0.044304, 0.037741
0.028326, -0.037156, 0.013478, 0.053496, -0.026325, 0.038611
-0.038409, -0.049573, -0.042796, -0.033172, 0.042531, -0.068466
-0.059280, 0.009624, -0.000364, -0.029174, 0.026983, 0.023334
0.005870, -0.000000, 0.039766, -0.029704, 0.048712, -0.070114
0.018192, 0.021775, 0.039195, -0.109589, -0.003741, -0.096230
0.036456, -0.028850, -0.060310, 0.007068, -0.054742, -0.032355
-0.080945, 0.050436, -0.002319, -0.094871, 0.037144, 0.009086
0.061998, 0.028858, 0.026860, 0.043591, -0.030073, -0.047871
-0.037187, -0.004568, 0.060231, 0.003002, 0.065579, 0.021307
-0.098478, 0.033971, 0.013935, 0.010847, 0.048879, 0.012164
0.042540, 0.037234, 0.134517, -0.019250, 0.029481, -0.043374
0.033186, 0.028461, 0.033567, -0.140276, 0.118887, 0.009294
-0.037365, 0.033802, 0.008808, 0.019356, -0.018217, 0.015945
-0.098637, -0.054318, -0.011451, -0.073123, -0.041029, 0.037140

==============================================================================

[4] id: ELSS_3
category    : ELSS
scheme      : HDFC ELSS Tax Saver Fund - Direct Plan - Growth
section     : Absolute returns
source_url  : https://groww.in/mutual-funds/hdfc-elss-tax-saver-fund-direct-plan-growth
ingested_at : 2026-10-07T06:17:37+00:00  |  chunk_index: 3
chars       : 54  |  embedding: 384-dim
------------------------------------------------------------------------------
TEXT:
The total return of a mutual fund over a given period.

EMBEDDING (384 floats, rounded to 6 dp):
0.037983, 0.002179, -0.069593, 0.052208, 0.044884, -0.004699
0.024150, 0.041674, 0.040183, 0.043676, -0.006793, -0.001289
-0.044309, -0.019723, -0.085915, -0.039201, -0.091901, 0.002698
0.082825, 0.019074, 0.106168, -0.046521, 0.047961, -0.032146
0.090129, -0.001337, -0.001558, -0.004842, -0.057332, -0.007376
0.025751, 0.023817, -0.006352, -0.047741, -0.040693, 0.048390
-0.026811, 0.014803, -0.006620, 0.037500, -0.078128, 0.022638
0.052940, -0.026032, 0.013147, 0.018586, -0.012928, 0.059083
0.033516, 0.081282, 0.052475, 0.054881, -0.074365, 0.030813
0.059709, 0.048276, -0.063270, -0.009712, -0.046203, 0.019145
-0.010677, -0.024666, -0.016753, 0.042499, 0.050589, -0.013134
-0.102257, 0.005616, 0.010442, -0.001751, 0.023258, -0.054141
-0.041581, -0.108126, -0.030956, 0.040293, 0.014163, 0.018327
0.027289, -0.011718, 0.026324, 0.076460, 0.066791, -0.043371
0.088452, 0.013869, 0.100216, 0.024072, 0.090669, 0.037518
-0.028848, 0.019391, -0.046960, -0.019967, -0.061181, -0.029244
-0.010823, -0.081604, 0.045778, 0.057016, 0.029173, -0.082326
-0.034588, -0.070537, -0.035042, -0.068032, 0.033554, 0.022347
0.005104, -0.001792, -0.062568, 0.046133, 0.040114, 0.014862
0.007589, 0.013343, -0.071365, 0.004928, 0.136732, -0.013102
0.108399, 0.067061, 0.001243, 0.007051, -0.112056, -0.018732
0.032565, -0.000000, -0.081921, -0.009026, 0.045760, -0.025828
-0.071827, -0.020689, 0.044586, -0.027383, 0.000570, -0.072020
0.002566, 0.009761, -0.025314, -0.035562, -0.024356, -0.073206
0.030385, 0.138473, 0.113970, -0.042477, 0.008753, 0.027472
0.040550, -0.001086, 0.094724, -0.087297, -0.060898, 0.002981
-0.025039, 0.036131, 0.095638, 0.024210, -0.071816, -0.094174
0.003150, 0.001492, 0.029988, 0.052454, -0.016110, 0.031842
-0.035033, 0.012803, -0.009310, -0.041324, -0.127725, -0.024819
0.094522, 0.045071, -0.025741, 0.058226, -0.074433, -0.091996
0.007893, -0.017726, -0.005871, 0.020286, -0.062656, 0.019850
-0.090461, 0.010032, 0.080318, 0.020433, -0.029572, 0.000309
-0.074055, 0.072511, 0.035318, 0.035323, 0.012600, 0.089108
-0.053219, 0.004765, 0.028928, -0.019242, 0.013351, -0.078467
0.018475, 0.007179, 0.010499, 0.065883, -0.024166, -0.021167
-0.052510, 0.015739, 0.058144, 0.089441, 0.032020, 0.020395
0.046300, -0.079150, -0.004634, -0.110274, 0.056746, 0.029049
-0.032948, 0.000000, 0.012109, 0.039960, 0.112701, 0.034153
-0.040104, -0.037443, 0.004601, 0.091852, -0.006961, 0.128001
0.054899, -0.038745, 0.021073, 0.016386, -0.012485, -0.043689
0.005411, -0.044998, 0.013432, -0.008475, 0.012143, -0.030262
0.052555, -0.065119, -0.006458, 0.030253, -0.035711, -0.012612
-0.076398, -0.029208, 0.053483, -0.058599, -0.057244, 0.018371
-0.014697, -0.030540, 0.031513, -0.071568, 0.025624, 0.039270
0.070320, -0.029324, 0.125503, -0.025926, 0.093529, -0.056269
-0.011287, 0.046678, 0.075378, -0.066099, -0.082339, -0.063300
0.008777, -0.043545, -0.134387, -0.007408, 0.038550, -0.000410
-0.020746, -0.019260, -0.007756, -0.047423, -0.026461, 0.091510
-0.058948, -0.008370, -0.053518, -0.090945, 0.030120, -0.033507
0.087170, 0.059407, 0.055582, 0.050660, 0.012256, 0.058817
0.023587, -0.066685, 0.010693, 0.068911, -0.060636, 0.024778
-0.028426, -0.010076, -0.029177, -0.045881, 0.017566, -0.039263
-0.008340, -0.030041, 0.011086, -0.022775, 0.061387, 0.073442
0.002041, -0.000000, -0.000686, -0.067832, 0.046491, -0.090907
0.058512, 0.001128, 0.056377, -0.125255, 0.019297, -0.067191
0.048530, 0.001403, -0.032045, -0.004486, -0.095242, 0.003369
-0.053234, 0.033264, 0.006588, -0.058605, 0.048024, -0.022004
0.059576, 0.037812, 0.002358, 0.007816, -0.024905, 0.018268
-0.007048, -0.024035, 0.047946, 0.037973, -0.004177, 0.017882
-0.114999, 0.024714, 0.034744, 0.062587, 0.039313, 0.067939
-0.001054, -0.009817, 0.112980, 0.026056, 0.006799, -0.019398
-0.020460, -0.019003, -0.047028, -0.158588, 0.071378, -0.001150
-0.041071, 0.013247, -0.034455, 0.013692, -0.026520, -0.004222
-0.123283, -0.036609, -0.034719, -0.041239, 0.013317, 0.005495

==============================================================================

[5] id: ELSS_4
category    : ELSS
scheme      : HDFC ELSS Tax Saver Fund - Direct Plan - Growth
section     : Expense ratio
source_url  : https://groww.in/mutual-funds/hdfc-elss-tax-saver-fund-direct-plan-growth
ingested_at : 2026-10-07T06:17:37+00:00  |  chunk_index: 4
chars       : 203  |  embedding: 384-dim
------------------------------------------------------------------------------
TEXT:
A fee payable to a mutual fund house for managing your mutual fund investments. It is the total percentage of a company's fund assets used for administrative, management, advertising, and other expenses.

EMBEDDING (384 floats, rounded to 6 dp):
0.078798, -0.061586, -0.070337, 0.032638, 0.121845, 0.015240
0.108334, 0.021425, 0.049949, 0.038191, -0.047763, -0.038062
-0.002083, 0.044184, -0.078058, -0.082985, -0.011436, -0.014541
0.009620, 0.024470, 0.005205, -0.008266, 0.065634, 0.058631
0.068917, -0.033115, 0.017681, -0.003693, -0.086221, -0.003679
-0.015823, -0.012359, -0.014173, -0.043024, -0.007812, 0.114959
-0.043294, 0.025016, -0.007203, 0.018650, -0.003350, 0.044093
0.055444, -0.018245, -0.030683, 0.082599, -0.029854, 0.028359
-0.001829, 0.078561, 0.014555, 0.037996, -0.020236, -0.007557
-0.015071, 0.029254, -0.001762, -0.018211, -0.015443, -0.038524
-0.040866, -0.068769, 0.043794, 0.026975, 0.013683, -0.042972
-0.044859, 0.064615, -0.020273, -0.071194, 0.058192, -0.013890
-0.026276, -0.061348, -0.015144, 0.033363, 0.022577, 0.080852
0.040859, -0.009961, -0.047796, 0.014770, 0.132494, 0.006855
-0.007075, 0.004073, 0.067675, -0.042525, 0.072961, 0.026637
0.010574, 0.017798, -0.058614, -0.054567, 0.008397, 0.065015
-0.054049, -0.050018, -0.059699, 0.017506, 0.016538, -0.085248
-0.026203, -0.003444, -0.005717, -0.037425, 0.055934, 0.004300
0.073929, 0.040957, -0.040986, 0.071679, 0.047145, -0.004642
0.025823, 0.076119, -0.066782, -0.027965, 0.167564, -0.002313
0.051648, 0.006046, -0.012664, -0.109638, -0.043007, -0.023041
-0.054153, -0.000000, -0.004483, 0.059310, -0.026578, 0.016258
-0.116566, 0.002192, 0.013165, 0.024445, -0.081662, -0.078610
0.022917, 0.070310, 0.017887, 0.001514, -0.043945, -0.094475
0.014983, 0.127335, 0.108107, -0.029297, 0.009884, 0.113666
-0.020669, -0.015702, -0.000837, -0.055134, -0.001212, 0.018025
0.055814, 0.019349, 0.029390, 0.043273, -0.014111, -0.054747
-0.062089, 0.004989, -0.067335, 0.011311, -0.030782, 0.036116
0.002258, -0.014003, -0.000846, -0.097831, -0.142741, -0.003795
0.080675, 0.036371, -0.038128, -0.002478, -0.061951, -0.064686
-0.007177, 0.023181, 0.031689, -0.006242, -0.010873, -0.060086
-0.053027, -0.031445, 0.014080, -0.033388, -0.036802, 0.041009
-0.027524, 0.010565, 0.011626, 0.032265, 0.042731, 0.034797
-0.048931, -0.027078, 0.045378, 0.054421, -0.019657, -0.038710
0.006731, 0.031342, 0.050768, 0.129367, -0.043735, -0.056211
-0.003778, 0.049632, 0.039366, 0.003044, 0.030440, 0.058572
-0.064848, -0.048837, 0.081518, -0.041903, -0.014584, 0.038702
-0.041431, 0.000000, -0.024455, 0.012718, 0.079150, 0.045592
-0.010165, -0.016833, -0.036986, 0.002649, 0.046631, 0.012659
-0.092435, -0.044607, -0.041863, -0.045379, -0.068410, -0.117856
-0.069392, -0.030077, 0.015279, -0.004064, 0.024875, -0.028977
0.056297, -0.012172, -0.044185, 0.025289, -0.061495, 0.030833
-0.043981, 0.069082, 0.021939, -0.046670, -0.076145, 0.015810
-0.071261, -0.023945, 0.012279, -0.019950, -0.009335, 0.022650
-0.004897, 0.020090, 0.084456, -0.015790, 0.091778, 0.003002
-0.070156, -0.084041, 0.051075, -0.043208, -0.148250, -0.059278
0.001534, -0.047995, -0.123212, 0.003169, 0.003736, 0.137829
0.047438, 0.017792, 0.054277, 0.025494, 0.009128, 0.096416
-0.100586, 0.072728, -0.065338, -0.085452, -0.024294, 0.068684
0.016228, 0.034036, 0.037091, 0.077511, 0.001896, 0.062659
0.083810, -0.044193, 0.034149, 0.014921, 0.074283, -0.006356
-0.024938, -0.021620, 0.013780, -0.060649, 0.013046, -0.035211
-0.046277, -0.060685, 0.008197, -0.080271, 0.065688, 0.103723
-0.046720, -0.000000, -0.007112, -0.050041, 0.020072, -0.079432
-0.055047, -0.034390, 0.024321, -0.027068, 0.065764, 0.032833
0.064491, 0.004207, -0.095529, -0.002992, -0.052501, -0.032312
-0.058067, 0.074990, -0.002048, 0.029156, 0.047389, 0.017834
-0.047465, 0.026239, 0.060918, -0.030815, 0.064947, 0.031324
-0.007145, -0.023326, -0.002133, 0.032508, 0.042681, 0.059279
-0.074459, 0.087729, -0.065621, 0.021941, 0.035040, 0.104008
0.022585, -0.025039, 0.023114, -0.039512, 0.012971, 0.004061
-0.065961, -0.010231, -0.030178, -0.095928, 0.062872, 0.076544
-0.024988, 0.039154, -0.084755, 0.018344, 0.010748, 0.004300
-0.070594, -0.029610, -0.027209, -0.052003, 0.018249, -0.019761

==============================================================================

[6] id: ELSS_5
category    : ELSS
scheme      : HDFC ELSS Tax Saver Fund - Direct Plan - Growth
section     : Tax
source_url  : https://groww.in/mutual-funds/hdfc-elss-tax-saver-fund-direct-plan-growth
ingested_at : 2026-10-07T06:17:37+00:00  |  chunk_index: 5
chars       : 252  |  embedding: 384-dim
------------------------------------------------------------------------------
TEXT:
A percentage of your capital gains payable to the government upon exiting your mutual fund investments. Taxation is categorized as long-term capital gains (LTCG) and short-term capital gains (STCG) depending on your holding period and the type of fund.

EMBEDDING (384 floats, rounded to 6 dp):
0.042902, -0.088269, -0.022038, 0.014382, 0.112398, 0.072874
0.073796, 0.046410, 0.024837, 0.020267, 0.003600, 0.009986
-0.059097, -0.030407, -0.020498, -0.064357, -0.053782, 0.031038
0.041733, -0.019265, 0.035263, 0.009572, -0.011416, 0.005090
0.149107, -0.065567, -0.036505, -0.004288, 0.041097, -0.003106
-0.011829, 0.020100, -0.065155, -0.020317, -0.047055, 0.059815
-0.009699, -0.083398, 0.038903, -0.061099, 0.023981, -0.008025
0.058213, -0.001834, -0.038246, 0.016817, 0.024530, 0.019717
-0.060633, 0.018361, 0.070984, 0.029374, -0.066926, 0.099309
-0.039246, 0.002073, -0.019052, 0.031051, 0.008218, -0.010029
-0.057290, -0.044977, 0.050802, -0.010035, 0.000416, -0.020087
-0.021829, 0.024763, 0.042436, -0.023370, -0.006200, -0.035742
-0.054709, -0.097691, -0.106762, 0.047759, 0.006909, 0.064740
0.026315, -0.056622, 0.007043, 0.087465, 0.088647, -0.051134
-0.004416, -0.016895, 0.069955, 0.042448, 0.069995, 0.053008
0.061399, 0.035414, -0.034908, 0.005167, -0.059626, -0.038428
-0.020001, -0.070377, -0.045573, 0.024273, 0.042801, -0.017656
-0.017170, 0.001388, 0.033382, -0.044628, -0.022491, -0.009912
0.024564, -0.084364, -0.080777, 0.146623, -0.008685, 0.020858
-0.045802, 0.096014, -0.053700, -0.022121, 0.063981, -0.049371
0.004676, -0.003069, -0.046730, -0.018829, -0.056190, -0.030462
-0.010067, -0.000000, -0.086308, 0.011247, 0.032540, -0.000426
-0.069124, 0.006751, 0.076894, -0.049250, -0.009889, -0.073778
0.003967, 0.035441, -0.007289, 0.047274, 0.062609, -0.126933
-0.049204, 0.079048, 0.114975, -0.044196, 0.052300, 0.076976
0.030046, 0.015167, 0.094016, 0.019989, -0.066364, 0.000930
-0.050664, 0.024698, 0.054655, 0.091321, 0.003101, -0.040507
-0.039591, -0.011018, -0.051041, -0.031317, 0.042524, 0.010549
-0.007652, -0.049581, 0.037516, -0.056060, -0.152174, -0.023536
0.045884, 0.056790, -0.056113, -0.007594, 0.035888, -0.088477
-0.091110, -0.036611, 0.021168, 0.019381, -0.070180, -0.030023
-0.045761, -0.015262, 0.018280, -0.027842, -0.037419, 0.004766
-0.080775, 0.063422, -0.061886, 0.004424, 0.050684, 0.039517
-0.014145, -0.013822, 0.001813, 0.051986, 0.102397, -0.038827
-0.080523, 0.051549, 0.038429, 0.083367, -0.006222, 0.004256
-0.059443, -0.068370, 0.072383, 0.019153, 0.026539, -0.020761
0.001827, -0.043007, 0.025062, -0.038826, 0.036564, 0.030566
-0.080453, -0.000000, -0.004094, 0.002405, 0.011875, 0.020223
-0.029143, -0.011320, 0.010204, 0.016744, -0.046417, 0.070008
0.010180, -0.036489, -0.097035, -0.007010, -0.076841, -0.139324
0.018098, -0.016063, -0.008278, -0.006085, 0.058570, -0.043029
0.023200, 0.086945, -0.024020, -0.020032, -0.085323, 0.032797
-0.045090, 0.034488, 0.048633, 0.053246, -0.040586, 0.009640
0.005777, -0.054932, 0.054079, -0.024701, 0.039575, 0.058207
0.014097, 0.014730, 0.133351, 0.054387, 0.061031, -0.033939
-0.004267, 0.047228, 0.019706, 0.002944, -0.018195, -0.026650
0.007308, -0.035066, -0.062196, 0.045118, -0.003996, -0.028214
-0.068098, 0.016045, 0.048427, 0.057942, -0.032234, 0.060486
-0.000891, -0.078391, -0.029099, -0.074181, 0.078874, -0.041378
0.059223, -0.001089, -0.020447, -0.023096, 0.005245, -0.000705
0.065810, 0.017128, 0.072852, -0.022279, 0.031203, -0.016181
0.028646, -0.001076, -0.008306, -0.010566, -0.004209, -0.034502
0.077256, -0.047181, -0.022221, -0.014984, 0.087086, 0.049616
0.047272, -0.000000, -0.025301, -0.002974, -0.003150, -0.017422
-0.047344, 0.033489, -0.017999, -0.046238, 0.011841, -0.017523
0.028825, 0.027562, -0.079360, -0.053219, -0.155176, -0.032996
-0.027655, 0.051104, 0.040434, 0.005388, 0.054404, -0.013506
-0.007866, 0.085994, 0.029558, -0.030296, 0.103007, 0.080583
0.001700, 0.042006, 0.059481, 0.017847, -0.011450, 0.093842
0.000877, 0.073312, 0.051541, 0.020638, 0.046540, 0.165223
0.002222, 0.053866, 0.072858, -0.025522, -0.120632, 0.009560
-0.028086, -0.018962, 0.012534, -0.075602, 0.105472, -0.041371
-0.103318, -0.030749, -0.051870, -0.029800, -0.019603, 0.047200
-0.107707, -0.085703, -0.039795, -0.058549, 0.029091, 0.006410

==============================================================================

[7] id: ELSS_6
category    : ELSS
scheme      : HDFC ELSS Tax Saver Fund - Direct Plan - Growth
section     : Exit load
source_url  : https://groww.in/mutual-funds/hdfc-elss-tax-saver-fund-direct-plan-growth
ingested_at : 2026-10-07T06:17:37+00:00  |  chunk_index: 6
chars       : 149  |  embedding: 384-dim
------------------------------------------------------------------------------
TEXT:
A fee payable to a mutual fund house for exiting a fund (fully or partially) before the completion of a specified period from the date of investment.

EMBEDDING (384 floats, rounded to 6 dp):
0.052803, -0.007138, -0.040792, 0.046013, 0.104875, 0.036901
0.059843, -0.007241, 0.005164, 0.049381, -0.015521, -0.000176
-0.033192, 0.030129, -0.093092, -0.097774, -0.030436, -0.022626
0.049056, 0.052378, 0.032581, 0.016657, 0.012014, 0.060660
0.102230, -0.049554, 0.042550, -0.021612, -0.022316, -0.002548
0.017371, 0.007045, -0.033675, -0.067110, 0.047934, 0.090009
-0.033885, 0.035777, 0.003681, 0.015389, 0.020128, -0.001820
0.061054, 0.025660, -0.019356, 0.088598, -0.023835, 0.009759
-0.028104, 0.080436, 0.025480, 0.037534, -0.033819, 0.010317
0.002052, 0.059788, 0.006211, -0.036483, -0.033523, 0.002738
-0.006629, -0.047089, -0.031379, -0.011242, 0.006998, -0.003997
-0.049709, 0.029311, 0.043756, 0.010930, 0.031055, -0.034115
-0.082086, -0.062556, -0.012688, 0.047081, 0.030685, 0.048678
0.023084, -0.048460, -0.036691, 0.020814, 0.113079, -0.034437
-0.000040, 0.002165, 0.033410, 0.012876, 0.120492, -0.005748
0.031030, 0.020662, -0.034305, -0.042192, -0.001799, -0.022592
-0.030885, -0.104017, -0.009658, 0.055548, 0.048122, -0.068163
-0.096494, -0.006077, 0.033901, -0.055289, 0.031785, 0.005684
0.033652, 0.008188, -0.069861, 0.021529, 0.098431, -0.021544
0.029272, 0.131737, -0.059416, -0.004700, 0.209032, -0.047771
0.071409, 0.050824, -0.039489, -0.120854, -0.047755, -0.027437
0.019886, -0.000000, -0.016071, -0.024486, -0.047525, -0.011986
-0.086494, -0.029179, -0.006029, 0.006285, -0.043961, -0.078290
0.063091, -0.048049, -0.032141, -0.067407, -0.027147, -0.120695
0.020524, 0.128649, 0.147499, -0.026789, 0.083674, 0.032374
0.006555, -0.001473, 0.024123, -0.053740, -0.010493, -0.015102
0.087322, 0.039791, 0.020863, 0.045616, -0.050439, -0.029406
-0.055809, 0.004690, -0.074059, -0.020947, 0.012123, -0.022423
0.001952, 0.008409, -0.041846, -0.047658, -0.094072, -0.065352
0.131063, 0.014527, -0.061622, 0.000668, -0.054210, -0.076216
-0.038618, -0.036846, -0.030591, -0.010413, -0.021059, -0.027583
-0.049179, -0.045292, 0.067410, -0.006406, -0.059801, 0.030301
-0.106561, -0.006959, -0.014852, 0.000349, -0.006722, 0.020518
-0.037707, -0.009511, 0.055581, -0.038260, -0.002826, -0.031160
-0.007773, 0.001752, 0.104741, 0.079993, 0.011629, -0.058993
-0.027961, 0.045618, 0.104081, 0.001330, 0.050398, 0.009405
-0.064643, -0.111047, -0.000892, -0.036483, -0.000373, 0.014556
0.001418, 0.000000, 0.023295, -0.041176, 0.053346, 0.074416
-0.003256, -0.012571, -0.032008, 0.028722, 0.032181, 0.037155
-0.044364, -0.044097, 0.049823, -0.025186, -0.073829, -0.123636
-0.002113, -0.061848, 0.045406, 0.042037, 0.056054, -0.041343
-0.019845, -0.050269, 0.000396, 0.026460, -0.044719, 0.066909
-0.120084, 0.071590, -0.009468, -0.021086, -0.047155, 0.019292
-0.069003, 0.020197, 0.021299, 0.021157, -0.061934, 0.092478
0.052185, -0.000497, 0.116051, -0.012298, 0.088245, -0.018823
-0.054528, -0.042495, 0.044990, -0.004589, -0.133141, -0.036293
0.036821, -0.034876, -0.099525, 0.008035, 0.074246, 0.104374
0.006588, 0.062999, 0.048688, 0.020394, 0.064841, 0.057896
-0.027912, 0.023034, -0.059325, -0.057061, 0.007088, 0.011499
0.046723, 0.064314, -0.018269, 0.057159, 0.021421, 0.061307
0.082754, -0.056191, 0.014744, -0.026121, 0.005855, 0.014961
-0.021299, 0.032517, 0.032883, -0.090308, -0.043924, -0.054362
0.011044, -0.039168, 0.019828, -0.056478, 0.127086, 0.038111
-0.064500, -0.000000, 0.003556, -0.011287, 0.041784, -0.054630
0.024740, -0.072995, 0.068370, -0.001550, 0.058924, -0.003175
0.071604, 0.050566, -0.004817, 0.012399, -0.109384, -0.053488
0.015445, 0.028268, -0.021110, 0.005389, 0.046738, -0.008632
-0.030874, -0.019756, 0.019283, -0.046233, 0.049224, 0.025708
0.034427, -0.033522, -0.022697, 0.062495, 0.062403, 0.040115
-0.075955, 0.080891, -0.054946, 0.027109, -0.047467, 0.067303
0.019448, 0.009631, -0.010866, -0.051644, 0.041458, -0.010013
-0.049028, -0.041864, -0.022332, -0.068583, 0.066319, 0.018862
-0.014823, 0.038802, -0.047026, -0.007685, -0.008871, 0.021166
-0.091510, -0.028177, -0.011409, -0.044423, 0.019294, 0.010150

==============================================================================

[8] id: ELSS_7
category    : ELSS
scheme      : HDFC ELSS Tax Saver Fund - Direct Plan - Growth
section     : Stamp duty
source_url  : https://groww.in/mutual-funds/hdfc-elss-tax-saver-fund-direct-plan-growth
ingested_at : 2026-10-07T06:17:37+00:00  |  chunk_index: 7
chars       : 71  |  embedding: 384-dim
------------------------------------------------------------------------------
TEXT:
A form of tax payable for the purchase or sale of an asset or security.

EMBEDDING (384 floats, rounded to 6 dp):
-0.049208, 0.047441, -0.069193, -0.055288, -0.036805, 0.083522
0.142021, 0.002716, -0.012919, 0.012594, 0.086963, 0.025872
0.003698, -0.000248, -0.031874, -0.040897, 0.006225, 0.038600
0.030651, 0.087477, 0.066796, 0.033032, -0.036630, 0.007053
0.041480, -0.066381, -0.029460, -0.011686, 0.023656, -0.000264
0.043610, -0.030712, -0.050073, 0.033722, -0.000594, -0.014444
0.012046, -0.067872, -0.028192, -0.009344, 0.014002, -0.050385
-0.086404, 0.004498, -0.048751, 0.049378, 0.086711, -0.005664
-0.003902, 0.048394, 0.051135, 0.075290, -0.050603, 0.094426
-0.050070, -0.097329, -0.017109, -0.008384, 0.007106, -0.079518
-0.012319, -0.046010, 0.002343, 0.003396, 0.035328, -0.011314
-0.040953, -0.059287, -0.089151, -0.071730, 0.046780, -0.081627
-0.033031, 0.011333, -0.056921, -0.120907, 0.056116, 0.013859
-0.031231, -0.035200, -0.024518, 0.105580, -0.013434, -0.067167
0.029957, 0.009323, 0.018665, -0.011698, 0.146750, 0.032375
-0.035613, -0.024411, 0.034035, -0.064212, -0.000411, -0.018897
0.091165, -0.022345, 0.057049, 0.032303, 0.063688, 0.017086
0.001820, -0.006982, -0.051842, -0.014144, 0.007114, 0.003109
-0.015540, -0.015762, -0.099575, -0.022199, -0.068980, 0.007087
0.023529, 0.101983, -0.092302, -0.022693, 0.075199, -0.127451
0.069358, 0.018467, -0.006711, -0.093245, -0.054491, -0.031556
0.008149, -0.000000, -0.022035, 0.036453, -0.058805, -0.011050
0.008344, 0.024334, 0.041427, 0.007527, -0.053099, 0.045065
-0.031696, -0.015446, -0.001001, 0.059351, 0.089852, 0.067495
-0.106963, 0.104621, 0.189021, -0.026526, 0.072784, 0.014883
0.092760, -0.012759, -0.010404, -0.038483, -0.041387, -0.047401
0.010571, 0.020497, 0.071022, 0.032351, 0.042160, -0.017129
-0.012259, 0.046049, -0.033021, -0.022134, 0.067696, -0.047424
0.009142, -0.085307, 0.055174, -0.008822, -0.067316, 0.053921
-0.021698, 0.056772, -0.037398, 0.045060, -0.003121, -0.053440
0.006165, -0.094113, -0.027429, -0.056114, -0.001234, -0.000911
-0.097140, -0.041083, 0.017096, -0.011061, 0.004088, 0.009361
-0.150648, -0.058090, -0.004001, -0.035944, 0.091026, -0.068892
-0.072791, 0.034357, 0.069885, -0.001991, 0.040772, -0.027668
-0.035261, 0.041262, 0.081234, 0.071858, -0.100289, -0.066196
-0.038058, 0.038174, -0.040961, 0.077744, 0.019261, -0.038167
-0.046496, -0.092421, -0.017828, -0.014446, -0.033347, 0.016095
0.069096, 0.000000, -0.005560, -0.088743, -0.055661, 0.062746
-0.041115, -0.002515, -0.016782, -0.041651, -0.059479, 0.027183
-0.115379, -0.038874, 0.043379, -0.017117, -0.000736, -0.064659
-0.038986, -0.004611, 0.060762, -0.006744, 0.000209, 0.074719
0.068034, 0.046823, -0.037065, 0.015289, -0.083492, -0.007232
0.022962, 0.056730, 0.017699, 0.004569, -0.017303, -0.033683
-0.040720, -0.012200, 0.104672, -0.017398, 0.037057, -0.007368
0.007153, 0.013499, 0.123243, 0.075528, 0.057384, -0.024296
-0.015904, -0.001687, 0.051718, -0.021180, -0.003550, 0.041027
-0.014123, 0.008980, -0.079737, 0.121406, -0.043725, 0.039732
0.034134, 0.069162, 0.069193, 0.027631, 0.019087, 0.081433
0.007961, -0.015645, 0.001433, -0.083581, 0.046035, -0.005549
0.020682, -0.112115, -0.015170, -0.055881, -0.005181, 0.004492
0.037635, 0.004025, -0.000456, -0.031985, -0.030931, -0.021177
0.000499, 0.056213, 0.021064, -0.132063, -0.041567, -0.064054
0.054650, -0.059202, -0.065833, -0.034185, 0.000877, 0.046739
-0.065530, -0.000000, 0.006222, 0.010956, 0.003141, 0.034082
-0.023291, -0.032726, 0.012416, 0.002333, -0.003750, 0.007281
0.061682, -0.038989, -0.032394, 0.007980, -0.043799, 0.029172
-0.003272, 0.065446, -0.058911, 0.035061, 0.046037, -0.054025
-0.018986, 0.018511, -0.022410, -0.034165, 0.072136, 0.047158
0.077583, 0.044919, -0.012662, 0.082416, 0.068911, 0.050610
-0.027588, 0.081180, -0.009850, 0.039876, -0.003072, 0.023843
-0.031643, 0.000625, -0.002042, 0.015371, -0.009042, 0.039741
-0.122605, -0.052462, 0.007660, -0.024608, 0.079900, 0.009420
0.027541, 0.011926, -0.092146, 0.012655, 0.005126, -0.020299
0.061260, -0.010466, 0.027479, -0.022753, 0.064440, -0.002237

==============================================================================

[9] id: ELSS_8
category    : ELSS
scheme      : HDFC ELSS Tax Saver Fund - Direct Plan - Growth
section     : Exit Load
source_url  : https://groww.in/mutual-funds/hdfc-elss-tax-saver-fund-direct-plan-growth
ingested_at : 2026-10-07T06:17:37+00:00  |  chunk_index: 8
chars       : 15  |  embedding: 384-dim
------------------------------------------------------------------------------
TEXT:
01 Jan 2013

--

EMBEDDING (384 floats, rounded to 6 dp):
-0.081644, 0.026745, 0.004848, 0.074071, 0.014766, 0.015091
-0.022347, -0.019953, -0.048633, 0.001649, 0.066905, 0.040939
-0.071078, 0.000342, -0.071505, -0.016574, -0.053367, -0.074213
0.025371, 0.042729, -0.111674, -0.003711, 0.023351, 0.060371
0.040189, 0.012839, 0.005605, -0.009424, -0.017708, -0.004729
-0.035956, 0.002991, -0.025926, -0.044856, 0.082555, 0.044139
0.018881, -0.048082, -0.010116, 0.014819, -0.013399, -0.097549
0.021478, -0.021283, -0.004085, -0.063383, -0.041583, 0.032702
-0.007043, 0.082693, -0.008337, -0.000521, 0.057269, -0.061682
0.100236, 0.038230, -0.020566, 0.094778, 0.016035, 0.057314
0.074168, -0.005625, -0.157350, 0.055711, 0.013502, -0.039236
-0.009017, -0.015517, -0.042673, -0.012634, -0.029289, -0.017309
-0.009855, -0.047398, 0.015186, 0.069569, 0.005174, 0.078697
0.044203, -0.083882, -0.005873, -0.055103, -0.024396, -0.010752
0.046522, 0.020913, -0.055401, 0.072898, -0.015199, 0.029061
0.043143, 0.073970, 0.069555, 0.017284, -0.033482, -0.045275
-0.039449, 0.035658, 0.064274, 0.171279, 0.005582, 0.074856
0.011079, -0.017874, 0.001860, -0.026039, -0.076559, 0.066624
0.030898, -0.047278, -0.068106, -0.039336, 0.055492, -0.008514
-0.031241, -0.001358, -0.010946, 0.004241, 0.014471, -0.053578
-0.004158, -0.005319, -0.063705, 0.020784, -0.046276, 0.022629
-0.022295, -0.000000, 0.101158, -0.115844, 0.014903, 0.040242
-0.029519, -0.086359, 0.034688, -0.052747, -0.006558, 0.006442
0.091581, 0.009265, -0.070544, -0.138162, 0.017736, -0.053250
-0.060088, -0.079937, 0.011320, 0.003165, 0.044415, -0.047578
0.021039, -0.016941, 0.016160, 0.008500, -0.008193, -0.015501
0.029817, 0.039785, 0.044261, -0.028560, -0.017813, -0.014625
0.007110, 0.040366, -0.019982, -0.094919, 0.053204, 0.013963
0.048976, -0.025381, 0.014903, -0.020182, 0.038176, 0.073284
0.057948, 0.024478, 0.089199, -0.039158, -0.008351, 0.020841
-0.094931, -0.064514, -0.007895, 0.024346, -0.015943, 0.008392
0.105584, 0.013882, 0.012058, 0.056143, -0.025391, -0.011949
-0.068216, -0.003277, 0.052156, 0.003565, -0.033294, -0.025054
-0.066095, 0.001382, 0.002868, -0.091763, 0.029885, -0.026423
-0.004512, 0.029366, -0.016981, 0.014030, -0.030686, 0.030963
0.033943, -0.020338, -0.016011, 0.038585, -0.003679, -0.057346
-0.017017, -0.040814, 0.026690, 0.011934, -0.061521, 0.034250
-0.036223, 0.000000, -0.077941, 0.042060, -0.084830, 0.010083
0.006917, -0.031436, 0.047957, 0.205264, -0.008355, 0.009218
0.012314, -0.014827, 0.049821, 0.046746, 0.014875, 0.026372
-0.021073, -0.073116, -0.104423, 0.004037, -0.050529, 0.042647
-0.066052, 0.011330, -0.055132, 0.041550, 0.132930, -0.055002
-0.043526, -0.123916, 0.024315, -0.042896, -0.053474, -0.023348
0.031565, 0.021605, 0.003897, 0.014045, -0.028153, -0.007674
0.108152, -0.063178, -0.043578, 0.112672, 0.056057, -0.008307
-0.036141, -0.013125, 0.040352, 0.011585, -0.096035, 0.064008
0.021734, -0.035516, -0.021542, 0.028964, -0.013865, -0.011891
0.070422, -0.000478, 0.018507, -0.014346, -0.092508, -0.024527
-0.027908, 0.068280, 0.009684, -0.056295, 0.077392, 0.020804
0.116466, 0.043507, -0.066400, 0.001087, -0.142797, 0.034977
-0.032192, -0.022853, -0.055537, 0.035377, 0.006111, 0.011768
-0.051367, 0.105800, 0.031023, 0.071299, 0.043932, -0.050581
-0.059347, -0.013503, -0.042804, -0.031983, -0.031185, 0.007520
0.032348, -0.000000, 0.036310, 0.025594, -0.048630, 0.006993
0.129511, 0.021518, 0.059955, 0.002156, -0.061507, 0.011922
-0.030842, 0.068555, -0.035212, -0.113665, 0.029057, 0.059827
-0.057110, 0.011848, -0.041299, -0.117245, 0.029998, -0.026373
0.047745, -0.067039, 0.015740, 0.040798, -0.069016, 0.105765
-0.018417, -0.026402, 0.015103, 0.055182, 0.036237, -0.112017
0.016596, 0.045857, -0.017800, -0.057520, 0.027685, -0.116866
-0.007499, 0.068053, 0.097673, 0.039776, -0.027563, 0.093368
0.034205, 0.020941, 0.061083, 0.025765, -0.009615, 0.042466
-0.023474, 0.015533, -0.017149, 0.047419, -0.009623, -0.063472
-0.027745, 0.034752, 0.034337, -0.000756, -0.034279, 0.005047

==============================================================================

[10] id: ELSS_9
category    : ELSS
scheme      : HDFC ELSS Tax Saver Fund - Direct Plan - Growth
section     : Exit load
source_url  : https://groww.in/mutual-funds/hdfc-elss-tax-saver-fund-direct-plan-growth
ingested_at : 2026-10-07T06:17:37+00:00  |  chunk_index: 9
chars       : 3  |  embedding: 384-dim
------------------------------------------------------------------------------
TEXT:
Nil

EMBEDDING (384 floats, rounded to 6 dp):
-0.064034, 0.003742, -0.033185, -0.000017, 0.045709, -0.073752
0.084671, -0.041846, -0.029974, -0.030202, -0.046751, -0.059474
-0.049330, 0.046163, -0.051388, -0.031773, -0.027157, -0.051492
-0.092517, -0.033732, -0.082665, 0.122813, -0.034779, -0.027895
-0.053504, -0.033348, 0.048845, 0.087681, 0.017925, -0.048940
0.019696, 0.095308, 0.035151, -0.024943, -0.011218, -0.064349
-0.038450, -0.012816, -0.027199, -0.003372, 0.013743, -0.051182
-0.001981, 0.018916, 0.065727, 0.050187, 0.042932, 0.005989
0.028840, -0.010266, -0.059468, -0.051735, 0.009932, -0.023567
0.045495, 0.035318, -0.092165, -0.009251, 0.068332, 0.005618
0.028535, 0.041080, -0.124311, 0.006062, 0.059229, 0.057070
0.068928, -0.090770, -0.082592, 0.010335, 0.052020, 0.016329
-0.023843, -0.069862, 0.024812, -0.037520, 0.083610, -0.017975
0.024552, -0.003824, -0.040612, 0.041052, -0.040276, 0.070713
0.008914, -0.007952, -0.028748, -0.009330, -0.057596, 0.001242
-0.037724, 0.007723, 0.055559, -0.038825, 0.012884, -0.030632
-0.084441, -0.026733, -0.125096, 0.172066, 0.038976, 0.019538
-0.019673, 0.007554, -0.048271, -0.032168, -0.081176, 0.047196
0.056343, 0.058032, -0.016073, -0.007840, -0.035868, -0.005469
0.014277, 0.031469, -0.051251, 0.067650, 0.075309, 0.000455
0.054586, 0.028852, -0.015619, 0.023976, -0.045353, -0.025363
0.103131, -0.000000, -0.014113, -0.011359, -0.059983, 0.058696
0.066678, 0.016292, -0.022620, -0.051220, -0.014092, -0.040053
0.023598, 0.032723, -0.060612, -0.072432, 0.082415, 0.046123
-0.000274, 0.047406, 0.019891, 0.022521, -0.032298, 0.052020
-0.067502, 0.044125, -0.054035, -0.032285, -0.076188, -0.086168
0.061696, 0.025429, 0.052262, 0.010500, -0.025174, 0.025288
0.024655, 0.013571, 0.070334, -0.049988, -0.022916, 0.016992
-0.070342, 0.059759, 0.012289, 0.043464, 0.003233, 0.132159
-0.037264, -0.007589, -0.043764, -0.049858, -0.039389, -0.011433
-0.059711, 0.033683, 0.019346, 0.027224, 0.019510, -0.022259
0.041662, -0.040671, 0.058039, 0.053725, -0.014738, 0.013223
0.023879, -0.013765, 0.010653, -0.024166, 0.127468, -0.029671
-0.057568, 0.058780, 0.125537, 0.028266, 0.036689, -0.063766
-0.056014, -0.022435, 0.016871, 0.017794, 0.037590, -0.031702
-0.013781, -0.003221, 0.048344, 0.014038, -0.070554, -0.026184
0.025274, -0.038121, -0.144215, 0.022982, -0.023776, -0.095656
-0.038551, 0.000000, 0.003924, -0.007208, -0.017906, 0.095498
0.039643, 0.022893, 0.006830, -0.002641, -0.070424, 0.082379
0.045950, -0.074413, 0.086970, 0.085165, 0.063737, -0.030048
0.005869, 0.038459, 0.010390, 0.001532, -0.045803, 0.026305
-0.027851, 0.004347, -0.032533, 0.078077, -0.010508, 0.050761
0.002960, -0.030088, 0.013835, -0.035784, -0.040900, -0.053509
0.062501, 0.065245, -0.035360, 0.063121, -0.040182, -0.073335
0.020635, 0.017035, 0.021153, 0.101298, -0.026798, -0.020763
-0.055338, 0.033469, 0.055851, 0.049990, 0.000438, 0.032968
-0.078924, 0.006528, -0.066499, -0.025226, 0.063260, 0.040454
0.003014, -0.050994, -0.046062, 0.010958, -0.055310, -0.002084
-0.011097, 0.004229, -0.032524, 0.037713, 0.051775, -0.024352
0.067768, 0.007449, 0.029578, -0.007907, -0.041239, -0.081208
0.098034, 0.034215, -0.020562, -0.122188, -0.027047, -0.019998
-0.025300, 0.057106, 0.067883, -0.005003, 0.099017, 0.097792
0.035946, -0.020446, 0.009492, 0.036407, 0.084708, -0.057433
-0.078446, -0.000000, 0.006374, 0.003236, 0.004157, 0.014032
0.050905, 0.033415, -0.010949, 0.001076, 0.060264, 0.052166
0.087493, -0.011514, 0.004872, 0.023360, 0.006354, 0.036147
0.002368, -0.084402, 0.032017, -0.024710, 0.017434, 0.123944
-0.052948, 0.011650, -0.018537, 0.004418, -0.011435, 0.056775
0.001642, -0.066509, 0.029859, 0.065132, -0.027270, -0.086549
0.104794, -0.003691, -0.010385, 0.010902, -0.026830, 0.025709
-0.058810, -0.021931, 0.028085, 0.004051, -0.140539, -0.007050
0.057612, -0.085014, -0.011109, -0.078275, -0.060588, -0.061516
-0.024778, 0.076411, 0.063517, 0.021619, 0.050815, -0.033959
-0.012789, 0.061545, 0.142137, -0.117211, -0.092548, 0.018078

==============================================================================

[11] id: ELSS_10
category    : ELSS
scheme      : HDFC ELSS Tax Saver Fund - Direct Plan - Growth
section     : Stamp duty on investment: 0.005% (from July 1st, 2020)
source_url  : https://groww.in/mutual-funds/hdfc-elss-tax-saver-fund-direct-plan-growth
ingested_at : 2026-10-07T06:17:37+00:00  |  chunk_index: 10
chars       : 18  |  embedding: 384-dim
------------------------------------------------------------------------------
TEXT:
from July 1st 2020

EMBEDDING (384 floats, rounded to 6 dp):
-0.005528, -0.004964, 0.020407, 0.012797, 0.036582, 0.018029
-0.024132, -0.045879, -0.058652, 0.062237, 0.029509, -0.001876
0.039458, 0.031301, 0.019227, 0.025915, 0.029155, -0.064853
0.041752, -0.040702, -0.029552, 0.023912, -0.047139, 0.010897
-0.005044, 0.030909, -0.003052, -0.021220, 0.039694, 0.016806
0.084966, -0.045665, -0.075278, 0.019486, 0.036823, -0.022707
-0.010017, -0.031961, -0.009881, 0.014985, -0.085837, -0.153053
-0.023646, 0.053961, 0.093181, 0.027024, -0.015122, 0.064952
-0.015687, 0.098590, -0.020512, -0.010330, 0.027294, -0.047701
0.010622, 0.048837, -0.007204, -0.031001, 0.041152, 0.013695
0.012180, -0.089632, -0.092812, -0.034549, -0.011575, -0.045192
0.037035, 0.025025, 0.041286, -0.063475, -0.024249, -0.004598
0.044293, -0.020794, 0.023124, 0.055101, 0.044484, 0.087545
0.085190, -0.076454, -0.024914, -0.080408, 0.063067, -0.049364
-0.035120, 0.048471, -0.050686, 0.032176, 0.031252, 0.017937
-0.021224, 0.062312, 0.005312, 0.069167, -0.130827, -0.017575
-0.015774, -0.023576, 0.093939, 0.146736, -0.020859, 0.075139
-0.032411, -0.044780, -0.035906, -0.002149, 0.062076, -0.074591
0.002944, -0.067133, -0.041359, -0.016319, 0.079644, 0.003114
-0.011955, 0.025277, 0.000276, 0.031137, 0.071093, -0.053211
0.071697, 0.037656, -0.021857, 0.011757, -0.058914, -0.015073
-0.031471, -0.000000, 0.002084, -0.009338, 0.009111, 0.086410
-0.047935, -0.032563, 0.087292, -0.072377, -0.002948, -0.035939
0.011965, -0.052459, -0.046526, -0.071680, 0.020236, -0.058852
-0.051802, -0.043993, -0.009861, 0.073274, -0.004039, -0.079600
-0.020603, -0.025747, -0.014296, -0.025149, -0.018739, -0.062194
-0.006122, 0.058382, 0.001090, -0.016142, -0.070685, -0.008283
-0.013972, 0.011680, -0.048385, -0.058484, -0.040824, -0.001396
0.083153, 0.030167, 0.035061, -0.027967, 0.027134, 0.013551
0.047815, 0.074327, 0.060952, -0.009929, -0.022204, 0.023254
-0.074867, -0.046735, 0.023945, 0.013362, -0.071629, -0.058798
0.077757, -0.036105, 0.015846, 0.065026, -0.061834, 0.012601
-0.106995, 0.006446, 0.055397, -0.030031, -0.035016, -0.007250
0.055524, 0.011959, -0.014370, -0.134821, -0.020314, -0.021353
0.119826, -0.080592, 0.038476, 0.053880, -0.028698, 0.098003
0.074597, 0.017148, 0.063048, -0.065245, 0.028190, 0.043391
0.041678, -0.089367, -0.074626, -0.082691, 0.048434, 0.060396
-0.043439, -0.000000, 0.014108, 0.107207, 0.052504, -0.009936
0.016013, -0.046024, 0.065627, 0.193857, 0.021569, 0.019052
0.035688, 0.010997, 0.081358, 0.064505, 0.000244, -0.024739
0.026101, -0.029409, -0.096948, -0.014056, -0.085152, 0.019320
-0.074742, 0.012239, -0.071278, 0.017321, 0.126294, -0.044484
-0.070826, -0.046304, -0.039966, -0.065893, -0.017325, 0.016588
0.040324, 0.035756, 0.082680, -0.035650, 0.027616, 0.029612
0.032779, 0.007047, -0.039537, 0.064123, 0.005390, 0.005171
0.032594, 0.011171, 0.052051, 0.000433, -0.043293, 0.043910
-0.049219, 0.034040, 0.002919, -0.002611, 0.011901, 0.018918
0.026135, -0.027826, -0.043333, 0.010260, -0.022728, -0.020328
0.022332, -0.050755, -0.047591, 0.069472, 0.046390, 0.062243
0.043159, -0.017016, -0.157317, -0.009101, -0.063427, -0.022333
0.014545, -0.010710, -0.000529, -0.056507, -0.052863, 0.064517
-0.040508, 0.036712, 0.071396, -0.007925, -0.009990, -0.079938
-0.028787, -0.050142, -0.065786, -0.042245, -0.017048, 0.048631
0.015301, -0.000000, 0.052224, 0.044551, -0.045483, 0.095200
0.086823, 0.048034, -0.020627, -0.045389, 0.053345, 0.031835
0.075444, 0.001098, 0.023931, 0.000915, 0.034274, 0.137698
-0.033775, 0.024088, 0.002418, -0.055969, 0.013470, 0.028930
0.083159, 0.021509, -0.018701, -0.027944, -0.065601, 0.062704
-0.024556, -0.046799, 0.013632, 0.013303, -0.023708, -0.096261
-0.050086, 0.015305, -0.096374, 0.044887, 0.048090, -0.038715
0.032367, 0.019866, 0.037841, 0.076351, 0.004458, -0.092688
-0.046156, -0.036947, -0.020173, -0.085031, -0.098562, -0.011884
0.041290, -0.022072, 0.086564, 0.047409, -0.041503, -0.039248
-0.020825, 0.025289, 0.098251, -0.048234, 0.008890, 0.035399

==============================================================================

[12] id: ELSS_11
category    : ELSS
scheme      : HDFC ELSS Tax Saver Fund - Direct Plan - Growth
section     : Tax implication
source_url  : https://groww.in/mutual-funds/hdfc-elss-tax-saver-fund-direct-plan-growth
ingested_at : 2026-10-07T06:17:37+00:00  |  chunk_index: 11
chars       : 174  |  embedding: 384-dim
------------------------------------------------------------------------------
TEXT:
If you redeem within one year, returns are taxed at 20%. If you redeem after one year, returns exceeding Rs 1.25 lakh in a financial year are taxed at 12.5%.

Check past data

EMBEDDING (384 floats, rounded to 6 dp):
-0.013113, -0.037038, -0.042176, -0.021699, 0.000801, 0.034358
0.077987, 0.050187, 0.007713, 0.018998, 0.079016, 0.012598
-0.065295, -0.014643, 0.005963, 0.014451, -0.047694, -0.013140
-0.028823, -0.031359, 0.133993, -0.037194, -0.077347, -0.037466
0.100319, -0.074828, 0.002324, -0.012916, -0.032882, -0.016930
0.083141, 0.002027, -0.048639, -0.046966, -0.011587, 0.009091
0.014093, -0.064164, 0.013091, -0.037579, -0.074550, 0.034277
-0.049244, -0.046095, 0.060854, -0.042179, 0.017080, 0.058845
-0.016868, 0.106356, 0.029973, 0.120448, -0.020928, 0.054235
-0.038305, -0.093072, -0.030026, 0.098236, -0.001273, -0.113165
-0.037923, -0.034197, -0.008082, -0.024761, -0.037463, 0.007658
-0.016216, -0.077719, -0.032085, -0.036096, -0.044966, -0.079607
0.000720, -0.065477, -0.044630, -0.054217, -0.005822, 0.087366
-0.055829, -0.056838, 0.063081, 0.058092, -0.009397, -0.083742
0.013447, 0.003817, 0.018291, 0.052637, 0.037069, 0.038906
0.099699, 0.051238, 0.030601, 0.039606, -0.032467, -0.032604
-0.005574, 0.000468, 0.077146, 0.030034, -0.030091, 0.071809
-0.066267, -0.027249, 0.002674, -0.020131, 0.019718, 0.041570
0.021937, -0.052136, 0.003560, 0.061405, -0.005297, 0.028435
-0.022919, 0.066881, -0.064632, -0.019778, -0.023881, -0.038424
0.066042, 0.011591, 0.001968, -0.045002, -0.042644, -0.110508
0.047231, 0.000000, -0.026806, 0.038106, -0.033618, -0.117408
-0.040333, -0.004304, 0.071255, 0.052480, -0.025621, 0.001521
-0.032859, -0.015573, 0.039639, -0.031421, 0.020393, 0.040796
-0.041026, -0.007348, 0.078709, 0.038408, 0.028555, -0.053967
0.049512, -0.007721, -0.027336, 0.073357, -0.041467, -0.031375
-0.043225, 0.006360, 0.061356, 0.038973, 0.075098, -0.080859
-0.030570, 0.084911, 0.116410, -0.003104, 0.014019, 0.006071
0.017995, 0.049152, 0.048980, 0.004469, -0.084088, -0.067857
0.021950, 0.011542, 0.004974, 0.073814, -0.035269, 0.000627
-0.015087, -0.032780, -0.042393, -0.012877, -0.015121, -0.003144
0.008752, 0.015463, 0.034484, -0.102027, 0.008753, -0.017867
-0.080409, -0.031880, 0.106370, -0.023541, -0.010241, -0.011494
-0.021857, -0.038917, 0.027233, -0.026458, 0.035586, 0.032991
0.050504, 0.011941, 0.080188, 0.057684, -0.042607, -0.046517
-0.132837, -0.050928, 0.018373, 0.071923, 0.036257, -0.045452
0.002539, 0.017224, 0.076421, -0.044042, 0.027058, -0.061849
0.070850, -0.000000, 0.020758, 0.042477, -0.039748, 0.020913
-0.066064, 0.052009, 0.039655, 0.115740, -0.098613, 0.128879
0.002820, 0.015691, 0.053601, 0.048288, 0.030233, 0.015604
-0.013570, 0.068109, 0.010991, -0.050827, 0.023586, 0.080966
0.074546, 0.073095, -0.010962, 0.064251, -0.059416, 0.031181
0.008025, -0.019184, 0.075485, -0.007895, -0.051299, -0.045593
0.028994, -0.028053, 0.038033, -0.060023, 0.053934, 0.047898
-0.014007, 0.014052, -0.018685, -0.049187, 0.073598, -0.079100
-0.029935, 0.084721, 0.086852, -0.085502, 0.121463, 0.013366
-0.000591, -0.050396, -0.024095, 0.080600, -0.021285, -0.012731
-0.062263, -0.037881, -0.016842, -0.030185, -0.006663, 0.094552
-0.005368, -0.091618, 0.108271, -0.026848, 0.121504, -0.052444
0.007432, -0.089819, 0.025760, -0.028294, -0.014017, 0.046565
-0.050834, 0.032890, 0.090489, 0.010449, -0.003679, 0.014742
0.044537, 0.015258, 0.021747, -0.135526, 0.029663, -0.051438
0.006309, 0.001552, -0.013389, -0.014919, 0.028201, -0.006584
0.057442, -0.000000, 0.014611, -0.007696, 0.026764, 0.058103
-0.021791, 0.059400, -0.019008, -0.008634, -0.096868, -0.052190
0.052748, -0.043233, -0.090960, -0.049939, -0.064278, 0.016902
-0.035044, 0.027045, -0.005284, 0.001490, 0.078734, 0.025645
0.026084, -0.035186, -0.047578, -0.023750, 0.060730, 0.079618
0.015530, -0.043721, 0.003247, -0.004360, 0.012141, 0.000163
-0.043743, -0.059943, 0.039324, 0.020620, 0.007853, 0.012112
0.021526, -0.115443, 0.003418, -0.030628, -0.132474, -0.003857
-0.094913, -0.040273, -0.015778, -0.111173, 0.034615, 0.009855
-0.083470, -0.040385, -0.058420, 0.015726, -0.088924, 0.063321
-0.000664, -0.044228, 0.042864, -0.010637, -0.073453, -0.019798

==============================================================================

[13] id: ELSS_12
category    : ELSS
scheme      : HDFC ELSS Tax Saver Fund - Direct Plan - Growth
section     : AK Amar Kalkundrikar Dec 2025 - Present View details
source_url  : https://groww.in/mutual-funds/hdfc-elss-tax-saver-fund-direct-plan-growth
ingested_at : 2026-10-07T06:17:37+00:00  |  chunk_index: 12
chars       : 289  |  embedding: 384-dim
------------------------------------------------------------------------------
TEXT:
Education: Mr. Kalkundrikar has done B.Com, CA, CFA, and MBA from Columbia Business School.

Experience: Prior to joining HDFC Asset Management Company Limited, he has worked with Nippon India Mutual Fund, and HDFC AMC. He worked with multiple roles at HDFC MF.

Also manages these schemes

EMBEDDING (384 floats, rounded to 6 dp):
0.036571, -0.052484, -0.109897, 0.011755, 0.028747, 0.071984
0.018103, 0.006360, -0.001348, 0.022611, -0.068060, -0.058926
-0.034283, -0.026194, -0.007739, 0.003410, -0.005315, -0.008863
0.048519, -0.075364, -0.096064, -0.031418, 0.000033, -0.036973
0.025382, -0.058333, -0.001868, -0.016822, -0.051173, -0.057564
0.050066, 0.021639, 0.013348, 0.025016, 0.065282, 0.069456
-0.094111, 0.064490, -0.049053, -0.074635, 0.013398, -0.020875
0.020506, -0.065134, 0.032585, -0.026797, -0.002003, 0.032038
-0.008831, 0.051420, -0.053422, -0.021778, 0.010311, -0.057847
0.021048, 0.107286, -0.016155, -0.000346, 0.055635, -0.048041
-0.031418, -0.032955, 0.038907, 0.008205, 0.089192, 0.001666
-0.029013, 0.073621, 0.013305, -0.004122, 0.004217, -0.155524
-0.079588, 0.011506, -0.000925, 0.012934, -0.009311, 0.068952
0.052018, -0.056666, -0.039086, 0.010504, 0.015007, 0.004967
-0.061542, -0.015693, 0.030198, -0.022351, -0.000632, -0.011406
0.135051, 0.017663, 0.039825, 0.015038, -0.099352, -0.041910
-0.053079, 0.048187, -0.040232, 0.000910, 0.015033, 0.029642
-0.041077, -0.056732, -0.103476, -0.035565, 0.043000, 0.055365
0.055803, 0.010640, -0.003687, 0.109440, -0.065726, -0.044699
0.056136, -0.046498, -0.017017, -0.094227, 0.016720, -0.006206
0.012628, 0.030220, -0.013413, -0.102263, -0.033462, -0.053858
-0.067861, 0.000000, -0.024368, 0.062578, 0.078772, -0.017200
0.004447, -0.038802, 0.046649, 0.009051, -0.020585, 0.042406
0.038232, 0.107612, 0.004291, -0.038671, -0.069413, -0.030628
-0.051880, 0.041377, 0.033948, 0.026542, 0.020502, 0.070634
0.006201, -0.049626, 0.070820, -0.003532, 0.084483, 0.010764
0.082259, 0.056437, 0.018204, -0.023529, -0.153469, -0.059161
-0.015442, -0.028062, -0.083685, -0.052402, -0.125176, 0.004008
-0.057794, -0.014346, -0.025099, 0.033984, -0.036105, 0.039849
0.084705, 0.048249, 0.053191, -0.008037, -0.059039, -0.104761
0.052035, -0.002635, 0.109745, 0.096843, -0.034329, -0.057996
0.010141, 0.006738, 0.027176, -0.022215, -0.125067, -0.006474
-0.040417, -0.006595, 0.051437, -0.008155, 0.029720, -0.096527
0.043639, -0.036425, 0.092559, 0.043732, -0.024362, -0.015257
-0.049518, 0.153521, -0.037304, 0.005255, 0.022784, 0.051775
0.062393, 0.008465, 0.004497, 0.035370, 0.005024, -0.040703
0.019608, 0.000268, -0.047752, -0.090085, 0.072393, 0.113955
-0.051759, -0.000000, 0.003315, -0.035499, -0.000522, 0.012841
0.038184, 0.023091, 0.051388, 0.012039, 0.004841, -0.005819
0.083261, 0.057078, -0.023513, -0.015042, -0.038549, -0.042114
0.115333, -0.003875, -0.070794, -0.051162, 0.027358, -0.031319
0.035168, 0.064986, -0.037880, 0.043805, 0.019407, 0.024314
-0.056686, 0.079596, 0.044420, 0.022328, -0.071471, 0.013086
-0.104880, -0.088970, -0.037397, 0.030459, -0.013713, 0.047438
-0.011604, 0.056418, 0.006108, -0.069062, 0.019786, -0.059403
0.012003, -0.016023, 0.116057, -0.030120, -0.029426, -0.011470
0.027199, -0.044761, -0.039144, 0.044567, 0.089756, -0.011768
0.039293, 0.057604, 0.013332, 0.046236, 0.068626, 0.067261
0.032458, 0.038527, 0.003820, -0.021830, -0.037489, -0.061883
0.028328, -0.084332, 0.062258, 0.050028, 0.013904, 0.050214
0.020453, -0.035012, -0.013874, -0.003551, 0.064961, -0.013429
-0.010635, 0.097652, -0.028426, -0.037335, -0.021755, -0.193531
0.076347, -0.048606, -0.059482, -0.047553, 0.052104, 0.033114
-0.018591, -0.000000, -0.007534, -0.003593, -0.025556, -0.068672
-0.022754, -0.031794, -0.125504, -0.016417, 0.025225, 0.022509
0.001046, -0.019106, -0.060118, 0.018635, 0.007494, -0.041643
0.021895, 0.051270, 0.011081, -0.012957, 0.074326, 0.038364
0.060804, -0.011068, 0.059509, 0.051456, -0.014914, -0.022581
0.060556, 0.042779, -0.030266, 0.066194, 0.047248, 0.043641
0.010630, 0.019437, 0.041322, -0.015336, -0.004941, 0.079963
-0.064593, -0.036278, 0.052502, -0.030798, -0.023343, 0.021336
-0.066768, 0.027789, 0.010882, -0.037921, -0.019491, -0.042588
-0.014406, -0.014815, 0.010994, -0.060428, -0.017380, -0.066955
-0.010038, -0.007991, 0.062004, -0.096829, -0.025326, 0.074270

==============================================================================

[14] id: ELSS_13
category    : ELSS
scheme      : HDFC ELSS Tax Saver Fund - Direct Plan - Growth
section     : DM Dhruv Muchhal Jun 2023 - Present View details
source_url  : https://groww.in/mutual-funds/hdfc-elss-tax-saver-fund-direct-plan-growth
ingested_at : 2026-10-07T06:17:37+00:00  |  chunk_index: 13
chars       : 250  |  embedding: 384-dim
------------------------------------------------------------------------------
TEXT:
Education: Mr. Dhruv has done B.Com, CA and CFA

Experience: Prior to joining HDFC MF,he has worked with Motilal Oswal Financial Services Ltd., Goldman Sachs, CRISIL Global Research & Analytics and Deloitte Haskins & Sells

Also manages these schemes

EMBEDDING (384 floats, rounded to 6 dp):
0.010498, -0.081862, -0.084567, 0.018841, 0.012251, 0.005959
-0.023829, -0.040051, -0.017299, -0.018819, -0.022153, -0.022120
-0.040402, 0.039019, -0.004279, 0.027751, -0.012746, 0.003688
0.048736, -0.075334, -0.093033, -0.017494, 0.024280, -0.031283
-0.009157, -0.027049, -0.028747, 0.043082, -0.041491, -0.052233
0.046244, 0.066014, 0.007893, 0.017218, 0.046516, 0.086551
-0.018233, 0.046202, -0.056152, -0.084752, -0.019246, -0.051809
0.016656, 0.014254, 0.053424, -0.027332, -0.008034, 0.025012
0.025760, -0.009837, -0.096942, -0.046054, 0.008528, -0.023508
0.003650, 0.074504, 0.006557, 0.005536, 0.022222, -0.022347
-0.078726, 0.006430, -0.003189, 0.043921, 0.040330, 0.005921
-0.069790, 0.004631, -0.041129, -0.062703, -0.000288, -0.141710
-0.057318, -0.016847, 0.038994, 0.040998, -0.002860, -0.011917
0.048217, -0.089848, 0.065960, 0.054824, -0.004976, 0.055980
-0.040395, -0.086433, 0.000128, -0.036231, -0.007868, -0.063391
0.142581, 0.007732, -0.019514, 0.010273, -0.077322, -0.073111
0.019193, 0.080779, -0.029307, 0.012986, -0.003326, -0.041205
-0.062746, -0.009477, -0.090268, 0.017911, 0.050277, 0.127418
0.031282, 0.023032, 0.010776, 0.134570, -0.068872, -0.047659
0.077196, -0.035830, -0.037811, 0.026978, 0.014809, -0.063399
-0.062271, 0.060255, -0.029640, -0.113051, -0.063492, -0.047129
-0.096818, 0.000000, 0.009864, 0.064833, 0.036214, 0.001323
-0.005836, -0.001140, 0.073661, 0.006003, -0.032291, 0.037905
-0.001643, 0.114626, -0.003283, 0.009238, -0.061709, -0.084468
0.000886, -0.007710, 0.009058, 0.034297, 0.051241, 0.052136
0.021263, -0.010465, 0.098186, -0.039122, 0.094116, 0.047211
0.080982, 0.052600, -0.038071, -0.018280, -0.106553, -0.033439
-0.012105, 0.032295, -0.090361, -0.085162, -0.057031, -0.080559
-0.056467, 0.066219, -0.014754, -0.051342, -0.079444, 0.055749
0.022099, 0.081245, 0.037859, 0.022855, -0.032191, -0.060026
-0.002821, -0.000703, 0.026320, 0.080841, 0.021289, -0.050444
0.016467, 0.047071, -0.024612, 0.001502, -0.147162, -0.025685
-0.035457, -0.015043, 0.033691, -0.060863, 0.048187, -0.037787
0.024491, 0.083655, 0.040520, 0.011272, -0.054371, -0.070056
-0.044005, 0.148224, 0.026666, -0.000522, 0.043958, 0.078574
0.135130, -0.018340, 0.050617, 0.056978, 0.005985, -0.009971
-0.053616, 0.022311, -0.054239, -0.088540, 0.119300, 0.098307
0.003307, -0.000000, -0.057772, -0.051207, 0.013903, -0.011283
-0.007586, 0.041297, 0.034933, 0.008013, 0.026875, 0.000827
0.058449, 0.059903, 0.035709, -0.050487, -0.048827, -0.043467
0.017882, -0.017596, -0.034787, -0.037529, 0.068723, 0.013717
0.027878, 0.014058, 0.014127, -0.003171, 0.045210, 0.008163
-0.052374, 0.054371, 0.040870, 0.006098, -0.102425, 0.034288
-0.035618, -0.033707, -0.040504, 0.060042, -0.004746, 0.048582
-0.063290, 0.047974, 0.022058, -0.060803, -0.011069, 0.026904
-0.032077, 0.023864, 0.094192, -0.051685, -0.090458, -0.013994
-0.008495, -0.023970, -0.044708, 0.020246, 0.088551, 0.000793
-0.008676, -0.004464, -0.006698, 0.094835, 0.056979, 0.064010
0.070768, 0.069683, -0.040101, -0.049478, 0.015233, -0.089868
0.041854, -0.066459, 0.006779, -0.021101, -0.017549, -0.023957
-0.038113, -0.039629, -0.040158, 0.066711, 0.126342, -0.024781
0.010278, 0.090349, -0.014025, -0.041755, 0.055851, -0.112843
0.018519, 0.007779, -0.028424, -0.054702, 0.006157, -0.023922
0.034783, -0.000000, -0.045457, -0.017916, -0.034083, -0.062458
-0.032089, -0.021458, -0.033034, 0.031597, 0.057703, 0.065739
0.047290, -0.026287, -0.104207, 0.016733, -0.032937, -0.020809
0.053501, 0.084220, 0.024919, 0.047400, 0.089760, 0.022284
0.032737, 0.055651, 0.039954, 0.002446, -0.022357, -0.042809
0.065751, 0.066336, -0.053055, 0.015736, 0.045089, -0.040596
0.033963, 0.014624, -0.001687, -0.007791, 0.004469, 0.083980
-0.015901, 0.009328, 0.049860, 0.010165, 0.008630, -0.017968
-0.107186, 0.059042, 0.035978, 0.019583, 0.026923, -0.029088
0.023728, -0.049963, -0.008760, -0.047522, 0.017960, -0.027425
-0.005051, 0.009561, 0.076414, -0.105508, 0.050746, 0.059015

==============================================================================

[15] id: ELSS_14
category    : ELSS
scheme      : HDFC ELSS Tax Saver Fund - Direct Plan - Growth
section     : About HDFC ELSS Tax Saver Fund Direct Plan Growth
source_url  : https://groww.in/mutual-funds/hdfc-elss-tax-saver-fund-direct-plan-growth
ingested_at : 2026-10-07T06:17:37+00:00  |  chunk_index: 14
chars       : 461  |  embedding: 384-dim
------------------------------------------------------------------------------
TEXT:
HDFC ELSS Tax Saver Fund Direct Plan Growth is a Equity Mutual Fund Scheme launched by HDFC Mutual Fund.

This scheme was made available to investors on 10 Dec 1999.

Amar Kalkundrikar is the Current Fund Manager of HDFC ELSS Tax Saver Fund Direct Plan Growth fund.

The fund currently has an Asset Under Management(AUM) of ₹9,86,237 Cr and the Latest NAV as of 06 Oct 2026 is ₹1,423.24.

The HDFC ELSS Tax Saver Fund Direct Plan Growth is rated Very High risk.

EMBEDDING (384 floats, rounded to 6 dp):
0.023463, -0.047497, -0.126643, -0.000333, 0.135101, 0.072531
0.018532, 0.027661, -0.025282, 0.045977, -0.016136, -0.027519
-0.058531, -0.088311, -0.033893, -0.036997, -0.051946, -0.057042
0.038261, -0.031048, 0.030760, -0.023589, -0.011791, 0.042496
0.054137, -0.059636, 0.012925, 0.043563, -0.032236, -0.034321
0.119670, 0.015039, -0.002984, -0.030263, -0.032745, 0.057200
-0.092405, 0.026971, -0.034330, -0.047694, 0.034515, -0.038644
-0.016717, -0.084070, 0.014600, -0.033523, -0.057571, 0.027402
-0.024140, 0.022885, 0.020488, -0.003843, -0.013963, -0.040705
0.036141, 0.014304, -0.034467, 0.014459, 0.043100, -0.015817
-0.048644, -0.046744, 0.089881, -0.047198, -0.015988, -0.004362
0.007949, 0.011867, 0.017066, -0.005117, -0.027017, -0.091137
-0.056262, -0.037185, -0.028215, 0.012093, 0.020117, 0.079249
0.042661, -0.092128, -0.022372, 0.051866, 0.064753, 0.027626
-0.022766, 0.009148, 0.083048, -0.099481, 0.000435, -0.038691
0.073631, 0.039645, 0.014849, 0.016665, -0.112650, -0.042941
-0.053484, -0.075030, -0.054154, -0.009570, 0.064649, 0.079164
-0.012683, -0.065624, 0.001446, -0.035791, 0.038682, 0.067837
0.038221, 0.003410, 0.017765, 0.066574, -0.016686, -0.011848
-0.004607, -0.009447, -0.090140, -0.127755, 0.052475, -0.009461
0.059275, -0.007530, 0.034130, -0.098086, 0.010282, -0.065675
-0.017177, 0.000000, -0.061621, 0.067627, -0.015605, -0.073129
-0.027086, -0.075442, 0.065132, 0.065318, -0.024350, 0.008329
-0.014181, 0.048587, 0.007093, 0.036983, -0.057167, -0.122425
-0.019522, 0.071572, -0.010047, 0.007598, 0.002197, 0.082060
0.051794, -0.111353, 0.089733, 0.025578, 0.019710, -0.019024
0.027184, 0.072814, 0.014167, 0.014502, -0.065855, -0.053652
-0.043108, 0.012258, -0.019482, -0.046571, -0.056927, -0.030014
0.002612, 0.064445, 0.040272, -0.019766, -0.035217, -0.016998
0.074214, 0.042595, 0.024597, 0.038676, -0.025358, -0.129854
0.059796, -0.005482, 0.070339, 0.039622, -0.092089, -0.036518
0.042192, 0.016707, 0.038882, -0.053398, -0.122600, 0.031275
-0.046818, 0.022100, 0.074000, -0.094322, 0.012750, -0.064388
0.030360, 0.021270, 0.062003, 0.029297, -0.006842, -0.041228
-0.021576, 0.110110, -0.015608, 0.052514, -0.002261, 0.050273
0.039722, -0.060115, 0.038488, -0.005959, 0.002653, 0.091983
-0.020351, -0.026254, 0.041519, -0.057319, 0.082404, 0.021589
-0.030967, -0.000000, 0.013093, -0.009767, -0.003426, 0.061245
0.024675, 0.056301, 0.064860, 0.060152, 0.017710, 0.039030
0.135740, 0.008984, 0.022460, -0.056310, 0.023632, -0.073179
0.020490, -0.062807, -0.068920, -0.070389, 0.034228, 0.000210
0.032108, 0.067607, -0.030732, 0.011455, -0.023230, 0.053440
-0.066005, 0.047452, -0.007557, -0.000939, -0.084269, 0.022677
-0.002977, -0.093117, -0.013714, 0.032321, -0.080217, 0.044920
0.013789, 0.027373, 0.017894, -0.041076, 0.048580, -0.016928
0.012894, 0.029783, 0.091118, 0.040046, -0.031928, -0.077824
0.032512, 0.017712, -0.044115, 0.068442, 0.061098, 0.059954
-0.051800, 0.032808, 0.057890, 0.057959, 0.031114, 0.084523
0.005815, 0.007586, -0.039813, -0.080220, 0.015784, -0.056991
0.071746, -0.042341, 0.024162, 0.035229, 0.010806, 0.021030
0.021726, -0.033136, 0.012597, -0.000724, 0.076822, 0.020531
-0.026545, 0.090724, -0.039317, -0.066897, -0.045102, -0.118445
0.000828, -0.010375, -0.053171, -0.044650, 0.013891, 0.052551
-0.036092, -0.000000, 0.013555, 0.023876, -0.000120, -0.021972
-0.034585, -0.059840, -0.037952, -0.018071, -0.005494, 0.011803
0.097221, 0.051420, -0.053936, -0.034862, -0.018586, -0.056875
0.064549, 0.121951, -0.017874, 0.003267, 0.114177, 0.018848
0.021413, 0.009301, 0.087419, 0.013537, 0.023965, 0.025639
0.040404, -0.028299, 0.033977, 0.034808, 0.041247, 0.064287
-0.036983, 0.100361, -0.017116, 0.045497, 0.074890, 0.085143
0.008308, -0.062187, 0.019015, -0.091060, -0.074347, 0.061600
-0.048459, -0.062144, -0.015361, -0.112235, -0.044722, -0.027607
0.002643, -0.033756, 0.000620, -0.053548, -0.061726, -0.025809
0.040324, -0.054631, 0.061589, -0.048445, 0.013339, 0.105736

==============================================================================

[16] id: ELSS_15
category    : ELSS
scheme      : HDFC ELSS Tax Saver Fund - Direct Plan - Growth
section     : About HDFC ELSS Tax Saver Fund Direct Plan Growth
source_url  : https://groww.in/mutual-funds/hdfc-elss-tax-saver-fund-direct-plan-growth
ingested_at : 2026-10-07T06:17:37+00:00  |  chunk_index: 15
chars       : 78  |  embedding: 384-dim
------------------------------------------------------------------------------
TEXT:
Minimum SIP Investment is set to ₹500.

Minimum Lumpsum Investment is ₹500.

;

EMBEDDING (384 floats, rounded to 6 dp):
0.058672, 0.034685, -0.084292, -0.015221, -0.065326, -0.008060
0.091923, 0.099900, 0.004032, 0.004260, 0.017020, -0.064857
0.022985, -0.001294, -0.042831, -0.058750, -0.022274, -0.116007
-0.023270, 0.032784, 0.048613, -0.029798, 0.016663, -0.002992
0.111311, 0.002304, 0.069925, 0.019498, 0.030716, -0.002328
0.111884, 0.150730, 0.101929, -0.108915, 0.055679, 0.026800
-0.020814, 0.028838, 0.039815, -0.062510, 0.006767, -0.031905
0.015603, -0.014514, 0.019571, -0.035882, -0.073718, 0.101794
0.041093, -0.018156, 0.017162, -0.009116, -0.039348, -0.018761
-0.044487, -0.100244, -0.010540, 0.066075, 0.021787, 0.025614
-0.019112, 0.014763, 0.065609, 0.040426, 0.060265, -0.010634
-0.005614, -0.020820, -0.078896, 0.068620, 0.022262, -0.039519
-0.025253, -0.040191, -0.068608, -0.032778, 0.035889, 0.045156
-0.009043, 0.039989, -0.032371, 0.013238, -0.016158, -0.031032
-0.040739, 0.026000, 0.013501, -0.057932, 0.012887, -0.050501
0.031469, 0.080230, -0.034388, 0.038846, -0.067504, -0.000585
-0.013333, -0.061685, -0.026450, 0.051515, 0.013186, -0.045475
-0.018514, -0.025705, -0.013034, -0.066759, 0.071624, -0.063875
0.020949, 0.004975, -0.088025, 0.026355, 0.014396, -0.032062
-0.078123, 0.049591, -0.033350, -0.040393, 0.070238, 0.011974
-0.038736, 0.043482, -0.019228, -0.047182, -0.080842, -0.044408
-0.022790, 0.000000, -0.011721, -0.047454, -0.029899, -0.011936
-0.064184, -0.014771, 0.050327, -0.069741, -0.061266, -0.082205
-0.005944, -0.068555, -0.018589, -0.003308, 0.031936, -0.077622
0.012149, 0.088820, 0.044237, -0.055270, -0.050312, -0.061010
0.024836, -0.046992, 0.111403, 0.041544, 0.065185, -0.099879
0.103171, 0.054122, 0.060944, 0.062686, -0.032281, -0.017933
-0.032466, 0.053698, 0.045181, -0.012363, -0.048533, -0.011422
-0.019077, 0.017106, -0.021102, -0.059773, -0.020144, 0.067557
0.047946, 0.033744, -0.007935, 0.033150, -0.055794, -0.046755
-0.048065, 0.065074, 0.020732, -0.073616, -0.046991, -0.078479
-0.044024, -0.034528, -0.026148, -0.081462, -0.075294, 0.011310
-0.029639, 0.083288, -0.007343, -0.019790, 0.052047, -0.002323
-0.042108, -0.040584, 0.083976, 0.043843, 0.009877, 0.037898
0.072774, 0.061166, 0.013792, 0.096296, -0.031954, 0.075625
0.005730, -0.032351, 0.045137, 0.013528, 0.037961, 0.045347
-0.031455, 0.020985, -0.031278, -0.034674, 0.002190, 0.077077
0.040047, -0.000000, -0.064805, 0.058229, 0.031503, 0.034127
-0.009886, 0.009259, 0.118510, 0.033292, 0.066259, 0.080779
-0.052338, 0.011150, 0.000631, 0.001473, -0.068089, -0.015248
0.032907, -0.016374, 0.057438, 0.001349, 0.015986, 0.001885
0.037025, 0.074904, -0.011212, 0.070735, -0.064608, 0.013150
-0.086263, -0.051682, -0.008349, -0.020608, -0.134061, 0.033866
-0.036900, -0.086969, 0.028468, -0.010928, -0.040002, 0.033747
0.037800, 0.030343, 0.036098, -0.058133, 0.051068, -0.106253
0.039417, -0.028830, 0.025599, -0.109627, 0.017824, -0.018551
0.049773, 0.111654, 0.009671, 0.027368, 0.049647, 0.027324
0.015183, -0.046296, 0.048219, 0.052060, -0.057146, 0.059083
0.009557, 0.019281, -0.001125, -0.042699, 0.054599, -0.110981
0.016681, 0.004423, 0.077561, -0.004369, -0.033931, 0.065282
-0.033115, -0.083874, 0.070917, 0.034825, -0.021141, 0.124885
-0.008240, -0.021815, 0.030355, -0.033574, 0.029619, -0.101704
0.011702, 0.018371, -0.117593, 0.011596, 0.046796, 0.026584
-0.025520, -0.000000, -0.051099, -0.035315, 0.003432, -0.004134
0.063250, -0.060921, -0.017554, -0.045888, 0.050108, -0.011492
0.036769, -0.020658, -0.038193, 0.025747, -0.053046, -0.062703
-0.034958, 0.012617, -0.049623, -0.051779, 0.049947, 0.002997
0.033021, 0.003938, -0.026568, -0.008919, 0.065578, 0.034821
0.020760, -0.014278, -0.061437, 0.075931, 0.047101, -0.016419
-0.127733, 0.065557, 0.066632, 0.067019, -0.052524, 0.084114
0.001601, -0.172122, -0.000122, -0.094948, -0.029849, 0.009402
-0.031603, 0.003479, 0.015808, -0.104950, 0.055036, 0.030334
-0.015679, -0.007736, -0.003620, -0.048194, -0.043289, 0.031352
-0.050841, -0.039409, 0.005701, -0.015658, 0.031834, 0.065496

==============================================================================

[17] id: ELSS_16
category    : ELSS
scheme      : HDFC ELSS Tax Saver Fund - Direct Plan - Growth
section     : Investment Objective
source_url  : https://groww.in/mutual-funds/hdfc-elss-tax-saver-fund-direct-plan-growth
ingested_at : 2026-10-07T06:17:37+00:00  |  chunk_index: 16
chars       : 219  |  embedding: 384-dim
------------------------------------------------------------------------------
TEXT:
The scheme seeks to generate capital appreciation / income from a portfolio, comprising predominantly of equity & equity related instruments.

Fund benchmarkNIFTY 500 Total Return Index: Scheme Information Document(SID)

EMBEDDING (384 floats, rounded to 6 dp):
0.010973, 0.042691, -0.103615, -0.000541, 0.032362, 0.013682
-0.000411, 0.033796, -0.017290, 0.022085, -0.117700, -0.050214
0.040680, -0.084794, -0.048056, 0.006777, 0.001345, -0.021241
0.047042, 0.061013, 0.027123, -0.000785, -0.030761, -0.044496
0.035517, 0.019081, 0.076041, 0.013029, -0.014914, 0.023503
0.053001, 0.046315, 0.029803, -0.071305, -0.098930, 0.091617
-0.053909, -0.001360, -0.016643, 0.032661, -0.000777, 0.001280
0.023657, -0.056985, 0.048908, -0.015700, -0.057269, 0.014472
-0.034682, 0.034535, -0.066476, 0.014486, -0.039240, 0.049522
-0.071279, 0.001104, -0.073544, 0.002303, -0.005633, -0.073621
0.021263, -0.019821, 0.053093, 0.025013, 0.119971, -0.024997
-0.059039, -0.032768, -0.003239, -0.089155, -0.023849, -0.040583
-0.045098, -0.048110, 0.017505, 0.053426, 0.023397, -0.003470
0.045666, -0.103971, 0.026287, 0.093834, 0.048098, -0.023896
0.006311, 0.067299, 0.060612, 0.025481, 0.028387, -0.005367
0.059272, -0.024366, -0.026782, -0.012849, -0.041040, -0.050952
-0.054274, -0.064115, 0.010645, 0.081867, 0.019305, 0.011735
-0.036890, -0.073569, -0.082858, -0.070382, 0.074961, 0.032146
0.016530, -0.048493, -0.051718, 0.108848, -0.021582, -0.058301
-0.009283, 0.052650, -0.058184, 0.008815, 0.071403, 0.059573
0.083773, -0.036692, -0.004947, 0.005388, -0.032478, -0.020461
-0.031759, 0.000000, -0.058626, 0.060856, 0.124149, -0.035720
-0.049697, -0.041563, 0.010326, -0.079159, -0.061204, -0.006130
0.018101, 0.116648, 0.034452, 0.064218, 0.021731, -0.079646
-0.034515, 0.102011, 0.082043, -0.045866, 0.058757, 0.026343
0.021600, -0.017216, 0.040781, 0.079322, 0.003818, 0.051942
-0.035926, 0.040303, 0.041541, 0.051542, -0.042472, -0.099636
-0.026034, 0.085143, 0.012649, -0.076857, 0.031921, 0.002834
-0.020854, 0.014202, 0.051389, -0.039078, -0.143456, 0.053949
0.023921, 0.075940, 0.053332, 0.089410, -0.056511, -0.032558
-0.039243, -0.020156, 0.024574, -0.060176, -0.065580, -0.025845
-0.016551, 0.001464, 0.050427, -0.101481, -0.095949, -0.038865
-0.156643, 0.017925, 0.046575, -0.011010, 0.105229, 0.035614
-0.046933, 0.087998, -0.012940, -0.001791, -0.011937, -0.041625
0.035541, 0.072686, -0.013999, 0.065931, -0.036918, -0.016822
-0.014648, -0.042257, 0.081536, 0.056647, 0.031548, -0.012201
-0.066549, -0.071963, 0.020114, -0.003590, -0.005684, -0.017646
-0.033354, -0.000000, 0.006486, -0.030782, -0.040795, 0.040050
0.016694, -0.039093, 0.015759, 0.007248, -0.064791, 0.047968
0.029847, -0.040630, 0.035455, 0.015796, 0.000444, -0.048960
-0.006289, -0.041547, 0.038811, -0.053470, 0.088144, 0.045860
0.013244, -0.006295, -0.039682, 0.062695, -0.094431, 0.050907
-0.056901, -0.017093, -0.021755, -0.042896, -0.080540, 0.011821
-0.031817, 0.004900, 0.025839, -0.053576, -0.042023, 0.067545
0.011298, 0.025935, 0.021057, 0.018161, 0.004597, -0.041439
0.043574, 0.039442, 0.134290, -0.045389, 0.028477, 0.012544
0.038213, 0.033263, -0.079969, 0.028698, -0.011274, -0.012606
-0.008286, -0.014798, 0.024484, 0.079817, -0.049627, 0.127975
0.014963, -0.036709, 0.036546, -0.093067, -0.050142, -0.004214
0.045750, -0.065074, 0.079985, 0.011610, -0.043241, 0.044252
0.019154, -0.021566, -0.011747, 0.053949, 0.002900, 0.017766
0.069255, 0.064199, 0.006960, -0.007928, -0.001066, -0.070508
-0.062090, 0.053517, -0.082440, 0.028341, 0.061873, 0.092226
0.070768, -0.000000, -0.019175, -0.053440, -0.037970, -0.021051
-0.047328, -0.006472, -0.011788, -0.087819, -0.057049, -0.032837
0.061137, 0.017334, -0.088914, 0.032861, 0.010145, -0.029690
-0.017590, 0.074436, -0.010006, -0.018903, -0.007241, 0.019276
0.068616, -0.118793, 0.008193, 0.063211, 0.089849, 0.048186
0.073994, -0.022691, -0.058760, 0.042601, 0.055216, -0.037620
-0.030119, 0.115624, -0.020621, 0.090539, 0.029583, 0.060445
0.017124, -0.042461, 0.042659, -0.022740, 0.004765, 0.043588
-0.082239, -0.004226, 0.027107, -0.138558, -0.041830, -0.036249
-0.065589, 0.000406, -0.028231, 0.024991, -0.072803, -0.000282
0.007626, -0.030610, 0.015791, 0.003816, 0.003172, -0.039885

==============================================================================

[18] id: ELSS_17
category    : ELSS
scheme      : HDFC ELSS Tax Saver Fund - Direct Plan - Growth
section     : Fund house
source_url  : https://groww.in/mutual-funds/hdfc-elss-tax-saver-fund-direct-plan-growth
ingested_at : 2026-10-07T06:17:37+00:00  |  chunk_index: 17
chars       : 475  |  embedding: 384-dim
------------------------------------------------------------------------------
TEXT:
![AMC Image

HDFC Mutual Fund](/mutual-funds/amc/hdfc-mutual-funds)

Rank (total assets)#2 in India

Total AUM₹9,86,236.84 Cr: Date of Incorporation10 Dec 1999

Phone022 – 66316333

E-mail[[email protected]](https://mail.google.com/mail/?view=cm&fs=1&tf=1&to=shareholders.relations@hdfcfund.com&su=Hello&shva=1)

Website<http://www.hdfcfund.com>

Launch Date10 Dec 1999: Address"HDFC House", 2nd Floor, H. T. Parekh Marg, 165-166, BackbayReclamation, Churchgate Mumbai 400020

EMBEDDING (384 floats, rounded to 6 dp):
0.048723, -0.081122, -0.086029, 0.011180, 0.053011, 0.058185
0.014106, 0.051342, -0.040416, -0.033225, -0.010360, -0.046440
-0.033735, -0.056065, -0.042965, -0.042915, -0.031895, -0.060654
0.053690, 0.019255, -0.033875, -0.032406, 0.008007, 0.022156
0.065675, 0.015579, 0.010553, 0.046407, -0.050961, -0.048551
0.066551, 0.051695, 0.039090, 0.004668, 0.052873, 0.074288
-0.060738, -0.018935, 0.032269, -0.057291, 0.035331, -0.010880
0.059668, -0.069016, 0.041988, 0.001796, -0.008415, 0.057030
0.013166, 0.014428, -0.010484, 0.038860, 0.008511, -0.041832
0.025347, 0.075717, 0.000850, -0.054470, 0.038900, -0.028367
0.021113, 0.031658, 0.046282, -0.017774, 0.099359, -0.034184
-0.011691, 0.007617, 0.041290, -0.031306, 0.036733, -0.076494
-0.040867, -0.036781, -0.069883, 0.016733, -0.016368, 0.042241
0.055147, -0.116018, -0.025529, -0.006334, 0.098547, 0.056208
-0.039472, 0.052089, 0.087757, -0.031355, -0.026349, -0.018304
0.099992, 0.068273, -0.001861, 0.025958, -0.052732, -0.044511
-0.058133, 0.005050, -0.022778, 0.016284, 0.038859, 0.016401
-0.040518, -0.081064, -0.055287, -0.004971, -0.019039, 0.061957
0.086960, -0.035144, -0.072404, 0.073917, -0.037440, -0.040056
-0.057374, -0.022942, -0.043478, -0.110274, 0.043760, -0.069187
0.018282, 0.014583, -0.019578, -0.087088, -0.031323, -0.106671
-0.027801, 0.000000, -0.045047, 0.053802, 0.025827, -0.053342
-0.012969, -0.068484, 0.034913, -0.007906, -0.032111, 0.026030
-0.050628, 0.025221, -0.037214, -0.092726, -0.125852, -0.105904
0.001733, 0.044609, 0.020574, -0.020032, -0.011730, 0.065266
0.010338, -0.024296, 0.045622, -0.022285, 0.041510, 0.014665
0.047411, 0.064914, 0.075288, -0.005829, -0.073989, -0.057178
-0.017922, -0.042260, -0.022414, -0.057224, -0.111576, 0.016139
0.035825, 0.054562, -0.032701, -0.044905, -0.000223, 0.050751
0.099376, 0.104748, 0.092904, 0.032283, -0.136040, -0.069782
0.001603, -0.021953, 0.037069, -0.008811, -0.067642, -0.032959
0.017898, 0.020510, 0.016577, -0.002222, -0.148383, 0.012952
-0.083797, 0.012108, 0.077542, -0.005422, 0.027811, -0.011764
0.055002, -0.029918, 0.069037, 0.023850, -0.037953, -0.052877
-0.011065, 0.076770, 0.036575, 0.062994, -0.004851, 0.067277
0.031768, -0.016569, 0.077450, 0.019338, 0.029675, -0.025169
-0.055311, 0.047903, -0.007938, -0.037630, 0.038430, 0.021593
0.009810, -0.000000, 0.015105, 0.002680, -0.017030, -0.012667
0.009982, 0.063187, 0.042707, 0.087455, 0.054945, 0.041779
0.110838, 0.031144, -0.002493, -0.086057, -0.043373, -0.041454
0.020353, -0.037090, -0.075154, -0.007819, 0.039373, 0.023670
0.010348, 0.081856, -0.032448, 0.061638, 0.022673, 0.064080
0.002917, 0.028059, 0.043567, 0.003244, -0.124397, 0.108598
-0.062476, -0.099695, 0.046755, 0.058851, -0.028238, 0.031073
-0.009470, 0.072103, 0.050391, -0.012123, 0.014831, -0.038717
0.014780, -0.040374, 0.075573, -0.001206, -0.016809, -0.088496
0.069795, -0.035342, -0.076511, 0.059114, 0.089825, 0.077975
-0.003243, 0.006408, 0.057700, 0.083724, 0.018892, 0.115878
-0.000664, 0.007352, -0.062128, -0.057769, 0.028134, -0.070732
0.040697, -0.052368, 0.027789, 0.037035, -0.000162, 0.067355
0.018828, -0.000997, 0.047838, 0.037057, 0.124886, 0.054786
-0.027858, 0.069163, -0.035299, -0.051524, -0.005913, -0.074969
0.021439, 0.010947, -0.065057, -0.025895, 0.036524, 0.053838
-0.032044, -0.000000, -0.001147, -0.057263, 0.032813, -0.069214
-0.005387, -0.090836, 0.014409, 0.011443, 0.013923, -0.018831
0.012814, 0.016356, -0.117418, -0.017603, -0.061468, -0.103735
-0.056095, 0.070097, -0.016625, -0.049092, 0.042532, 0.003697
0.085954, -0.019890, 0.028876, 0.009777, 0.021504, -0.043512
-0.016124, 0.034946, 0.012389, 0.029659, 0.003612, 0.008204
-0.067268, 0.083854, 0.046157, 0.019297, -0.012709, 0.050625
-0.004122, -0.072591, 0.023493, -0.025006, 0.029081, -0.015265
-0.073773, -0.006593, 0.050747, -0.127989, -0.015827, -0.033400
-0.038973, -0.031929, -0.095195, 0.019924, -0.056424, -0.000315
-0.014460, -0.002034, 0.093711, -0.065186, -0.005497, 0.069777

==============================================================================

[19] id: ELSS_18
category    : ELSS
scheme      : HDFC ELSS Tax Saver Fund - Direct Plan - Growth
section     : Fund house
source_url  : https://groww.in/mutual-funds/hdfc-elss-tax-saver-fund-direct-plan-growth
ingested_at : 2026-10-07T06:17:37+00:00  |  chunk_index: 18
chars       : 496  |  embedding: 384-dim
------------------------------------------------------------------------------
TEXT:
CustodianDeutsche Bank: Registrar & Transfer AgentCams

Email[[email protected]](https://mail.google.com/mail/?view=cm&fs=1&tf=1&to=enq_h@camsonline.com&su=Hello&shva=1)

Websitewww.camsonline.com: Address7th Floor, Tower II, Rayala Towers, 158, Anna Salai,
HDFC ELSS Tax Saver Fund Direct Plan Growth

Vaishnavi Tech Park, South Tower, 3rd FloorSarjapur Main Road, Bellandur, Bengaluru – 560103Karnataka

GROWW: PRODUCTS

915 TerminalCredit

© 2016-2026 Groww. All rights reserved.Version: 8.0.5

EMBEDDING (384 floats, rounded to 6 dp):
0.017896, 0.007254, -0.059209, -0.018463, -0.054384, 0.019192
-0.023208, 0.007856, -0.046274, -0.045032, -0.002544, -0.093312
-0.004542, -0.075102, -0.051025, -0.016456, -0.030040, -0.017727
0.011052, -0.022508, 0.007637, -0.036176, -0.059044, -0.069615
0.071931, -0.019668, -0.024221, 0.034034, -0.004440, -0.104647
0.062984, 0.035814, -0.015699, 0.015033, 0.097316, 0.035796
-0.028355, 0.038048, 0.053549, -0.061223, 0.012661, -0.029421
-0.017382, -0.042022, 0.056521, 0.022413, 0.007132, 0.014142
-0.012159, -0.009585, -0.024895, -0.018857, 0.042961, 0.004842
-0.062862, 0.002696, 0.053232, -0.054763, 0.074530, -0.087992
0.078427, 0.065330, -0.031589, -0.056615, -0.016577, -0.057495
-0.031989, 0.036363, 0.010015, -0.097216, 0.003002, -0.039283
-0.056678, 0.010648, -0.051077, 0.063367, -0.003947, 0.045665
0.094815, -0.062540, -0.038605, -0.025154, -0.008470, 0.090496
-0.033119, 0.009875, 0.056518, -0.033078, 0.062657, -0.069643
0.058440, 0.079384, 0.008463, -0.019889, -0.055626, -0.078533
-0.088799, -0.071344, -0.059364, 0.037992, 0.010634, 0.062911
0.009067, 0.046309, -0.034530, -0.000847, 0.036605, 0.087483
0.036018, -0.086197, -0.051202, 0.036013, -0.008635, -0.020671
0.036545, 0.069763, -0.093275, -0.051715, 0.031383, -0.034218
0.073968, 0.033223, -0.129120, -0.077211, -0.090060, -0.087747
0.077805, 0.000000, -0.030176, 0.106539, 0.058708, -0.025065
0.101765, -0.031021, -0.078378, 0.037344, -0.035020, 0.045346
-0.027886, -0.051243, -0.007349, -0.040900, -0.011948, -0.030573
0.054994, 0.032184, 0.007664, 0.065997, -0.005496, -0.028154
0.050581, -0.015954, 0.054294, -0.011051, -0.007723, 0.017716
0.046982, 0.035935, 0.075099, -0.039111, -0.001052, 0.001759
-0.024150, 0.004178, 0.025099, -0.077144, -0.015457, -0.015722
0.021239, 0.022657, 0.032142, 0.002190, 0.051005, 0.057518
0.084583, 0.022619, 0.088889, 0.040636, -0.106161, 0.000249
-0.125791, -0.001250, 0.046437, -0.041171, 0.022467, 0.030994
0.034255, -0.024394, -0.012385, -0.016681, -0.118271, 0.019869
-0.078355, -0.103741, 0.033443, 0.014055, 0.071138, -0.042769
-0.047960, 0.041253, 0.098104, 0.049985, -0.062253, -0.013203
-0.109015, 0.071351, 0.008534, 0.057206, -0.016715, 0.042316
-0.033160, -0.100416, 0.129570, 0.014152, 0.100038, -0.007860
0.026404, 0.031700, -0.070720, 0.024685, 0.059653, 0.041784
-0.019660, -0.000000, 0.026584, -0.066273, -0.020370, -0.005793
0.001236, 0.088415, -0.011545, -0.063235, 0.044496, 0.013878
-0.042744, 0.067495, 0.028037, -0.023368, -0.000324, -0.016936
0.057175, -0.049660, -0.062860, -0.030829, 0.004059, 0.075114
-0.096456, 0.111138, -0.037786, 0.072946, -0.058210, 0.012298
-0.006377, 0.057370, -0.053329, -0.045206, -0.085486, 0.114645
-0.036334, -0.136447, 0.080438, 0.047573, 0.031808, 0.106795
0.052837, 0.030469, 0.022021, -0.004337, 0.034688, -0.080118
0.026550, -0.087336, -0.017836, 0.007261, 0.039355, -0.042868
-0.016156, -0.000492, 0.009484, 0.057891, 0.090405, 0.014093
-0.026769, -0.041978, 0.059211, 0.031434, 0.052220, 0.105908
0.006516, 0.004543, 0.034981, 0.044562, 0.024701, -0.121183
-0.048489, -0.022905, 0.019960, -0.013635, -0.069281, 0.008048
-0.032323, 0.023213, 0.017559, 0.026676, 0.022501, 0.008930
0.017141, -0.022863, 0.009410, -0.078725, -0.017582, -0.031397
0.093798, -0.067754, -0.103748, -0.042365, 0.035022, -0.023554
0.014409, -0.000000, -0.012805, -0.033928, -0.029034, 0.010242
0.072746, -0.150952, 0.042365, 0.048627, -0.013588, -0.002666
0.024878, -0.000730, -0.028688, -0.041883, 0.012124, -0.009236
0.041091, 0.003292, -0.001589, -0.012758, 0.036354, 0.020450
0.007178, -0.034092, -0.064785, -0.021088, 0.013624, 0.022343
0.025301, 0.023344, 0.042755, 0.021254, 0.059685, -0.043497
-0.017477, 0.087830, 0.065392, -0.013650, 0.029782, 0.025060
0.020287, -0.056969, 0.012467, -0.023095, -0.014677, -0.007873
-0.019487, -0.020617, 0.043086, -0.115646, -0.063117, -0.023059
0.056921, 0.030674, -0.001424, 0.022050, -0.092373, -0.024356
-0.000772, 0.033527, 0.083747, -0.061163, -0.000433, -0.018045

==============================================================================

[20] id: ELSS_19
category    : ELSS
scheme      : HDFC ELSS Tax Saver Fund - Direct Plan - Growth
section     : Fund house
source_url  : https://groww.in/mutual-funds/hdfc-elss-tax-saver-fund-direct-plan-growth
ingested_at : 2026-10-07T06:17:37+00:00  |  chunk_index: 19
chars       : 273  |  embedding: 384-dim
------------------------------------------------------------------------------
TEXT:
All rights reserved.Version: 8.0.5

Share Market: Indices

ETFs: Funds By Groww

Calculators: Miscellaneous

Others:: NSEBSEMCXTerms and ConditionsPolicies and ProceduresPrivacy PolicyDisclosureSMART ODRBug BountyGroww Pay - Terms of useGroww Pay - Privacy policyGroww IFSC

EMBEDDING (384 floats, rounded to 6 dp):
0.014900, 0.034039, -0.049562, 0.062366, 0.075239, -0.014139
0.059326, -0.055827, -0.013028, 0.033404, 0.025716, -0.077272
-0.047521, -0.022753, -0.079894, -0.046802, -0.067302, -0.028331
-0.038022, -0.001521, 0.016636, -0.005903, -0.025557, -0.063789
0.083739, -0.035465, 0.009746, 0.037755, -0.023465, -0.051961
0.011247, 0.009999, 0.028009, 0.017524, -0.004390, 0.002165
-0.047042, -0.068187, -0.049298, -0.014657, 0.036923, -0.086300
0.000466, 0.012507, -0.041435, 0.005849, -0.017975, 0.054690
0.016595, 0.042341, 0.021358, -0.022316, 0.022698, 0.050750
0.044244, -0.020663, -0.073956, -0.025960, 0.034824, -0.006675
0.010637, -0.005398, -0.033916, 0.078251, -0.048256, 0.010706
0.043894, 0.036591, -0.073643, -0.052539, 0.020982, 0.022031
-0.074682, 0.024218, 0.013821, 0.079794, 0.030762, -0.051400
0.088674, -0.087553, -0.068595, 0.021529, 0.053648, -0.009769
-0.032635, -0.010969, 0.024022, -0.017438, 0.098148, -0.031870
0.059696, 0.045148, -0.030744, -0.022709, -0.022526, -0.008401
-0.046669, -0.055509, -0.129975, 0.040090, 0.007954, -0.005236
-0.024182, 0.011707, -0.026634, -0.048224, 0.061575, 0.037968
0.006295, 0.041939, 0.001094, 0.029614, 0.041916, -0.050039
-0.006090, 0.020988, -0.129637, -0.032821, 0.084266, -0.051950
0.089210, 0.074642, -0.072293, -0.032779, -0.087845, -0.050875
-0.062594, 0.000000, -0.054828, -0.021155, -0.013248, -0.054709
0.035366, -0.031673, 0.034585, 0.009446, -0.083263, -0.022086
-0.013909, 0.078461, -0.008487, -0.006559, 0.031546, -0.015655
0.042823, 0.149084, 0.151820, 0.062155, 0.059209, -0.007005
0.032517, 0.016501, -0.011120, -0.008736, -0.002335, -0.101286
0.113335, 0.039785, 0.040909, -0.020252, 0.006500, -0.090075
0.043684, 0.002363, -0.018696, 0.006946, -0.012738, -0.015147
0.032008, 0.001688, -0.011019, -0.101976, -0.143779, 0.021446
0.034912, 0.023439, 0.101330, 0.063222, -0.035561, -0.016547
-0.022615, -0.052611, 0.025142, 0.039154, -0.048127, -0.006845
-0.023570, -0.047973, -0.040678, -0.006093, 0.000152, -0.055032
-0.099619, 0.005833, -0.043527, -0.023749, -0.035266, 0.058721
-0.029854, 0.039304, 0.086752, 0.049962, -0.038723, -0.040336
-0.014244, 0.074169, 0.071171, -0.022419, -0.042830, -0.004751
0.023117, 0.014880, 0.024660, -0.000099, -0.020286, 0.057684
0.036146, -0.020949, -0.005629, -0.088302, 0.006951, -0.067762
-0.084736, -0.000000, -0.041942, 0.024140, -0.034040, -0.027401
-0.005609, 0.055904, 0.028339, -0.024266, 0.072295, 0.020592
-0.024813, 0.090683, -0.008058, -0.085368, 0.032718, -0.078934
-0.004964, -0.025638, -0.061938, -0.017975, -0.097479, 0.025330
0.028026, 0.094301, 0.045352, -0.043225, -0.030595, 0.063381
-0.046207, 0.021055, -0.006784, -0.026252, -0.111277, 0.071067
-0.021989, -0.050249, 0.084648, -0.018114, -0.010654, 0.037904
0.048819, -0.013647, 0.008735, 0.056859, 0.026093, -0.015845
-0.008609, 0.004464, 0.073931, 0.002623, -0.025547, -0.042329
0.028642, 0.014458, -0.105315, 0.082684, 0.066576, 0.040567
-0.007653, -0.037984, 0.028409, -0.001466, -0.036158, 0.100388
-0.006048, -0.003913, -0.113766, -0.057106, -0.032291, -0.066717
0.100647, -0.065124, -0.000789, -0.041853, -0.000361, 0.060719
0.099923, -0.011013, -0.037135, 0.094548, 0.075872, 0.047041
0.046746, -0.003766, 0.004388, 0.017574, 0.060427, 0.039527
-0.028406, 0.022313, -0.115276, -0.046004, 0.008208, 0.066205
0.010595, -0.000000, -0.087566, -0.000432, -0.004081, 0.022526
0.059491, -0.007045, 0.059075, -0.024126, -0.012001, 0.022658
0.092973, 0.012465, -0.097834, -0.011402, 0.001419, -0.105993
-0.118307, 0.039478, -0.042901, -0.051188, -0.049511, 0.017787
-0.053819, -0.022028, 0.020565, 0.002513, 0.063271, 0.015648
0.030457, 0.078925, 0.010650, 0.045778, -0.026358, -0.025514
-0.011436, 0.066443, -0.039025, 0.100102, 0.032303, 0.078794
-0.015885, 0.022016, 0.042906, -0.028496, -0.069122, 0.055240
-0.104241, -0.009512, 0.091559, -0.117343, -0.012112, -0.059075
0.009286, 0.064338, -0.004664, -0.004821, -0.061386, -0.014102
0.004314, 0.031081, 0.095689, -0.125313, -0.013016, 0.056687

==============================================================================

[21] id: ELSS_20
category    : ELSS
scheme      : HDFC ELSS Tax Saver Fund - Direct Plan - Growth
section     : Fund data
source_url  : https://groww.in/mutual-funds/hdfc-elss-tax-saver-fund-direct-plan-growth
ingested_at : 2026-10-07T06:17:37+00:00  |  chunk_index: 20
chars       : 40  |  embedding: 384-dim
------------------------------------------------------------------------------
TEXT:
- Exit load is zero
- Lock-in period: 3Y

EMBEDDING (384 floats, rounded to 6 dp):
-0.016777, 0.008508, -0.036488, -0.019207, 0.041288, -0.043708
-0.006051, -0.040855, 0.089379, 0.034934, 0.047816, -0.049492
-0.070157, -0.036119, 0.086390, 0.069749, -0.103431, -0.094311
0.028294, 0.017516, 0.076034, 0.011807, -0.029450, 0.003648
-0.069571, -0.010570, -0.023890, 0.022756, -0.023634, -0.042265
-0.028447, 0.020024, -0.102011, -0.063441, 0.126307, 0.090612
-0.048801, -0.089941, -0.037101, 0.039847, -0.020925, 0.069415
-0.017773, 0.015207, -0.012364, 0.033961, -0.073178, -0.028137
0.062401, 0.003566, 0.014926, 0.073531, 0.009459, 0.001407
0.023972, -0.039650, 0.090908, 0.025793, -0.025735, -0.022193
0.011836, 0.038779, -0.043759, -0.020871, 0.068018, 0.052540
-0.074222, -0.100234, -0.037840, 0.048317, -0.013065, -0.084649
-0.058157, 0.013980, 0.026248, 0.045991, 0.016356, 0.000400
-0.020943, -0.063394, -0.014353, -0.061498, -0.032327, 0.035929
0.007914, -0.030255, -0.047132, -0.027585, 0.037700, 0.035270
-0.036135, 0.060686, -0.024289, 0.073438, 0.059664, 0.008810
0.045256, 0.077706, -0.084156, 0.026917, 0.052194, -0.030522
0.066705, 0.094721, 0.004707, 0.033922, 0.011422, 0.022758
-0.066888, 0.003742, 0.025689, 0.009162, 0.057133, -0.022345
0.045553, 0.067022, -0.077958, 0.083714, 0.045678, 0.038219
0.082804, 0.005052, -0.084879, -0.023707, -0.056605, 0.002831
0.103554, -0.000000, -0.020894, -0.127239, 0.004806, 0.017157
0.002288, 0.018619, -0.015927, -0.033111, -0.081225, 0.056860
0.017404, -0.109250, 0.000383, -0.049692, 0.037965, -0.035011
0.092920, -0.032474, 0.100668, 0.032142, 0.105688, -0.141101
-0.040774, -0.024852, -0.032277, 0.040528, -0.041619, -0.083334
-0.019694, 0.046544, 0.021510, 0.017354, 0.025429, -0.016883
-0.063440, -0.101434, 0.033679, 0.011294, -0.058062, -0.030828
-0.047717, -0.025566, -0.010926, -0.010793, -0.022250, -0.052496
0.032182, 0.083747, -0.056214, 0.084367, -0.027731, -0.018590
-0.030477, -0.014815, -0.018339, -0.043543, -0.027125, 0.054615
-0.025660, -0.021114, 0.017905, 0.058394, 0.042707, -0.043930
0.027306, 0.010430, -0.014368, -0.022797, 0.008610, 0.092393
-0.104838, -0.065160, 0.062525, 0.003368, 0.032495, -0.007601
0.045926, -0.037445, 0.021470, -0.032633, 0.085542, -0.004039
0.023110, -0.006817, -0.014205, -0.024957, 0.041009, -0.013212
-0.045148, 0.033485, 0.065513, -0.016525, 0.028851, 0.059616
-0.071361, -0.000000, 0.036341, 0.020541, -0.018372, -0.011441
0.089967, -0.008732, -0.041732, 0.030583, -0.039296, 0.051297
0.077930, -0.010365, -0.075941, 0.059359, 0.058713, -0.018475
0.053606, -0.019127, 0.003184, 0.057479, 0.084165, 0.003872
-0.110485, 0.046932, -0.037463, -0.028118, -0.106453, -0.007004
-0.035639, 0.065284, 0.003079, 0.045104, 0.019789, 0.101786
0.014130, 0.019545, 0.013488, 0.027129, 0.016822, 0.020315
0.057684, 0.062602, 0.009470, -0.029575, -0.035314, 0.025549
0.056268, -0.005015, -0.031622, 0.063684, -0.047093, -0.080399
0.069078, 0.003374, 0.044046, -0.014304, 0.065679, -0.066198
-0.031294, -0.053953, -0.020956, 0.003289, 0.017002, -0.077129
0.069997, -0.080317, -0.031434, 0.036039, 0.036057, -0.086128
0.025600, 0.066047, 0.013831, 0.018736, -0.068794, -0.027576
-0.095115, -0.090039, -0.008988, 0.083311, -0.032605, -0.024197
-0.041283, 0.101587, -0.025299, 0.015135, -0.031802, 0.080971
0.011178, -0.006995, 0.018798, 0.012784, -0.030652, 0.088437
0.080103, -0.000000, 0.030191, -0.033787, 0.018961, 0.028486
0.088991, -0.024422, 0.023894, -0.034169, -0.002796, 0.029373
0.055126, -0.012818, -0.018015, -0.021530, -0.090317, -0.001189
-0.001421, 0.006768, 0.030928, -0.129396, -0.013073, -0.061791
-0.010769, -0.098989, -0.023122, 0.001517, 0.048207, -0.030368
0.013260, -0.040223, -0.078616, -0.025027, -0.009621, -0.011810
-0.153374, 0.059577, 0.038308, 0.044462, 0.052462, -0.025777
-0.038745, 0.072179, 0.001879, -0.027316, -0.085305, 0.021863
-0.068960, 0.098426, -0.033178, -0.012714, -0.005645, -0.045260
-0.052247, 0.086077, 0.085582, -0.077575, -0.022676, 0.038958
-0.040923, 0.053896, -0.008264, 0.018854, -0.004210, -0.086584

==============================================================================

[22] id: Flexi_Cap_0
category    : Flexi Cap
scheme      : HDFC Equity Fund - Direct Plan - Growth
section     : Key facts
source_url  : https://groww.in/mutual-funds/hdfc-equity-fund-direct-growth
ingested_at : 2026-10-07T06:17:36+00:00  |  chunk_index: 0
chars       : 113  |  embedding: 384-dim
------------------------------------------------------------------------------
TEXT:
NAV: 06 Oct '26: ₹2,179.19

Min. for SIP: ₹100

Fund size (AUM): ₹1,13,606.46 Cr

Expense ratio: 0.77%

Rating: 5

EMBEDDING (384 floats, rounded to 6 dp):
0.037364, -0.005201, -0.119616, 0.065619, 0.018362, -0.020568
0.068768, 0.068768, -0.006159, 0.019977, -0.014097, -0.105090
-0.085154, 0.026589, -0.016060, -0.074258, -0.039370, -0.126459
0.014214, 0.013863, 0.019976, 0.031333, 0.026280, 0.012290
0.042923, -0.028894, 0.048379, 0.020375, -0.030831, -0.065715
0.102504, 0.141821, 0.106651, -0.061531, -0.034757, -0.036934
-0.044131, 0.015009, 0.031529, -0.067022, 0.007521, -0.014965
0.045122, -0.042173, 0.029473, -0.012638, -0.040908, 0.124522
0.018214, 0.067874, 0.007651, 0.032951, -0.030677, -0.060977
-0.020254, 0.025298, -0.060614, -0.014519, 0.012395, -0.005699
0.020831, 0.046721, -0.065011, 0.042189, 0.032150, -0.018496
-0.041959, 0.024586, 0.028685, 0.049856, 0.039988, -0.098677
0.018830, -0.103851, -0.033452, 0.009366, 0.012141, 0.003040
-0.027392, 0.015970, -0.002414, -0.044806, 0.062269, 0.015374
0.054279, -0.010563, 0.078472, -0.037204, -0.051160, -0.061928
0.068971, 0.094083, -0.012853, 0.036056, -0.041081, 0.008854
0.009425, -0.080819, 0.002683, 0.056195, 0.040092, 0.107400
-0.030466, -0.003478, -0.006221, -0.014391, 0.073133, 0.066811
0.069319, 0.040716, -0.048582, 0.077039, -0.019613, -0.044532
-0.029527, 0.001732, -0.080391, -0.027635, 0.111440, 0.058810
-0.031252, 0.067262, -0.007839, -0.047058, -0.032863, -0.064161
0.022859, 0.000000, -0.083865, -0.007176, -0.069343, -0.057731
-0.016980, 0.005391, 0.060201, -0.048249, -0.018984, -0.052495
-0.029905, 0.003957, -0.011445, -0.001715, 0.002173, -0.049807
0.029946, 0.049772, -0.010571, -0.043024, -0.018930, 0.007258
0.028404, -0.031691, 0.115709, 0.008098, 0.016766, -0.032999
0.057870, 0.045078, 0.033147, 0.025139, -0.035678, -0.016158
-0.058512, 0.054370, -0.033567, -0.026717, -0.076598, -0.058519
-0.010032, 0.054985, 0.010269, -0.066495, -0.109558, 0.023784
0.039649, 0.064093, 0.013780, 0.031451, -0.114607, -0.045144
-0.067262, 0.048978, 0.022597, -0.049159, -0.040246, -0.027700
-0.009974, -0.046739, 0.011770, -0.068331, -0.112168, -0.055882
-0.068413, 0.025154, -0.022195, -0.067282, 0.032775, -0.021409
-0.043694, 0.009844, 0.109528, 0.077762, -0.040977, 0.017941
0.059305, 0.005606, -0.005356, 0.143923, -0.015163, 0.064846
0.071426, -0.036425, 0.082649, -0.011638, 0.041357, -0.008428
-0.014814, 0.006211, 0.006223, 0.000958, 0.040311, -0.019524
-0.021731, -0.000000, -0.021948, 0.018690, -0.013820, 0.092782
-0.003150, 0.012159, 0.043234, 0.106873, 0.026445, 0.003070
-0.013209, 0.075998, 0.063035, -0.019982, -0.012249, -0.029742
0.054332, 0.003692, 0.010546, -0.010880, -0.013685, 0.050722
0.058453, -0.008612, -0.035996, 0.009909, 0.033504, -0.040640
-0.093497, -0.049603, 0.008430, -0.008396, -0.093300, 0.089499
-0.048398, -0.039055, 0.020360, 0.031416, -0.008335, 0.083828
0.066622, 0.043894, -0.019136, -0.101613, 0.089870, -0.097049
0.061052, -0.011688, 0.027186, -0.098006, 0.030264, -0.039347
0.057293, 0.049415, 0.009771, 0.013822, 0.037654, -0.015558
0.030120, -0.067509, 0.062942, 0.094199, -0.005492, -0.003287
-0.001292, -0.031357, -0.035031, -0.019709, 0.031399, -0.048003
0.005473, -0.048628, 0.025909, 0.070293, -0.003986, 0.033304
-0.027815, -0.002201, 0.058726, 0.024729, 0.023295, 0.117042
0.014556, 0.027765, -0.011002, 0.001011, 0.072636, -0.092318
0.024498, 0.024919, -0.044624, -0.004562, -0.002095, 0.036920
0.051367, -0.000000, -0.015973, -0.048759, 0.008790, 0.014082
0.029860, -0.018537, -0.073546, 0.009100, -0.002855, 0.071851
0.072528, -0.023201, -0.111948, -0.017682, -0.110069, -0.039525
-0.028063, 0.082914, -0.031548, -0.106050, 0.055741, 0.034946
0.022214, 0.028808, 0.009199, -0.003315, -0.016297, 0.051521
-0.017474, -0.072572, -0.024656, 0.040972, 0.031118, -0.041698
-0.072443, -0.001798, 0.050748, -0.002064, -0.019840, 0.104241
0.017713, -0.177828, 0.003469, -0.049331, -0.054150, 0.004590
-0.048003, -0.033423, -0.040948, -0.137888, 0.047583, 0.011621
-0.006708, -0.001975, -0.002195, -0.010256, -0.068901, 0.010790
-0.046517, -0.025349, 0.069408, -0.051327, -0.089721, 0.021836

==============================================================================

[23] id: Flexi_Cap_1
category    : Flexi Cap
scheme      : HDFC Equity Fund - Direct Plan - Growth
section     : Minimum investments
source_url  : https://groww.in/mutual-funds/hdfc-equity-fund-direct-growth
ingested_at : 2026-10-07T06:17:36+00:00  |  chunk_index: 1
chars       : 80  |  embedding: 384-dim
------------------------------------------------------------------------------
TEXT:
Min. for 1st investment: ₹100

Min. for 2nd investment: ₹100

Min. for SIP: ₹100

EMBEDDING (384 floats, rounded to 6 dp):
0.058324, 0.035396, -0.118130, 0.019376, -0.060140, 0.012901
0.048973, 0.124589, 0.053614, -0.025083, 0.016778, -0.079512
-0.039209, 0.036521, 0.014625, -0.075839, -0.000184, -0.092817
-0.017170, -0.004793, 0.087017, -0.030991, -0.023165, -0.048855
0.103739, -0.002839, 0.032055, 0.057194, 0.027520, 0.004080
0.065415, 0.076460, 0.100165, -0.046763, -0.016224, -0.025178
-0.002280, 0.011509, 0.056907, -0.085783, -0.048873, -0.058869
0.003244, -0.049126, 0.017132, -0.019669, -0.030475, 0.122386
0.020245, 0.052364, 0.000971, 0.032486, -0.062881, -0.011089
-0.037053, 0.003527, -0.031369, 0.001879, 0.034814, 0.049277
-0.037446, 0.017237, -0.035776, 0.081742, 0.030404, -0.036466
-0.037554, -0.019065, -0.007937, 0.042149, 0.016903, -0.072944
-0.061390, -0.095818, -0.061836, -0.019096, 0.082536, 0.061726
-0.037785, -0.040827, 0.010955, -0.036004, 0.000915, -0.011684
-0.002144, 0.004462, 0.012356, 0.042568, -0.040026, -0.069886
0.087882, 0.114298, -0.040788, 0.048903, -0.049449, 0.019186
-0.011772, -0.015669, -0.031498, 0.033957, 0.003050, -0.023579
-0.039101, 0.006039, 0.007704, -0.064978, 0.068406, -0.029797
0.027332, -0.000075, -0.057985, 0.070804, 0.031816, -0.044115
-0.059507, 0.074136, -0.057219, -0.033253, 0.130372, 0.042829
-0.019070, 0.062685, -0.017599, -0.061533, -0.088665, -0.057935
0.033738, 0.000000, -0.075644, -0.024083, -0.060352, -0.036902
-0.055436, 0.005746, 0.043117, -0.024517, -0.027662, -0.050623
-0.003876, -0.085137, -0.013396, -0.012658, 0.000998, -0.066661
0.037051, 0.080122, 0.020580, -0.023405, -0.025320, -0.077055
0.029954, 0.008746, 0.111425, -0.013364, 0.025318, -0.099184
0.070249, 0.045647, 0.087212, 0.016212, -0.104595, 0.002438
-0.059984, 0.070723, 0.061351, -0.018008, -0.053087, -0.023187
-0.060019, 0.060002, -0.031016, -0.083858, -0.034351, 0.058385
0.014831, 0.081661, -0.012774, 0.004901, -0.083638, -0.006684
-0.074687, 0.002929, 0.013150, -0.024624, -0.009688, -0.076547
-0.045274, -0.013455, -0.031848, -0.060043, -0.113474, -0.012926
-0.082532, 0.063445, -0.015192, -0.021287, 0.053127, 0.025528
-0.073349, -0.026686, 0.095864, 0.021407, 0.004468, 0.035442
0.076427, 0.038136, 0.006498, 0.117163, 0.000156, 0.074115
-0.009676, 0.010415, 0.047841, 0.036341, 0.032934, -0.015359
-0.037556, -0.001567, -0.087498, 0.008098, 0.029562, 0.041275
0.009392, -0.000000, -0.022366, 0.034442, 0.034347, 0.061962
0.011325, 0.028931, 0.086731, 0.090409, 0.070493, 0.075603
-0.046047, 0.020322, 0.017736, -0.064449, -0.058128, -0.031744
0.050257, -0.043505, 0.026371, 0.001159, 0.046789, 0.048797
0.006583, 0.017469, 0.009044, 0.042331, -0.009296, 0.003574
-0.093085, -0.060383, -0.023546, -0.041154, -0.095653, 0.046967
-0.060270, -0.007873, 0.005407, -0.010928, -0.002547, 0.122185
0.087364, 0.034457, 0.024532, -0.052352, 0.048346, -0.086908
0.057091, -0.060580, -0.035370, -0.107385, 0.023513, -0.013145
0.031806, 0.050096, 0.022075, 0.017801, 0.041786, -0.051876
0.040758, -0.038463, 0.040922, 0.067308, -0.003589, 0.089182
-0.039640, 0.000623, 0.015542, -0.025661, 0.061810, -0.119404
-0.017114, 0.011468, 0.061977, 0.003842, -0.062489, 0.035973
-0.044322, -0.024795, 0.048606, 0.032782, -0.043420, 0.123101
-0.028949, 0.006409, -0.002579, 0.000945, 0.027702, -0.080891
0.029805, -0.039466, -0.067078, 0.065951, 0.051998, 0.028992
0.021809, -0.000000, -0.024507, -0.062983, 0.029410, -0.003419
0.047257, -0.011503, -0.062825, 0.002287, 0.025956, 0.030837
0.088955, -0.027693, -0.033890, -0.003286, -0.116236, -0.047915
0.032198, -0.019311, -0.014041, -0.060213, 0.076855, 0.047320
0.057505, 0.031983, -0.032589, -0.024689, 0.045326, 0.037515
0.021400, -0.001961, -0.076371, 0.068700, 0.002443, -0.018824
-0.076349, -0.029300, 0.044245, 0.030684, -0.019604, 0.065075
0.019206, -0.181664, -0.027427, -0.044851, 0.001483, -0.014598
-0.036483, 0.019006, 0.034047, -0.093345, 0.046593, 0.009532
0.019424, -0.011529, -0.021380, 0.007601, -0.073010, 0.025125
-0.069560, -0.026692, 0.034058, -0.033099, -0.082918, 0.002757

==============================================================================

[24] id: Flexi_Cap_2
category    : Flexi Cap
scheme      : HDFC Equity Fund - Direct Plan - Growth
section     : Annualised returns
source_url  : https://groww.in/mutual-funds/hdfc-equity-fund-direct-growth
ingested_at : 2026-10-07T06:17:36+00:00  |  chunk_index: 2
chars       : 67  |  embedding: 384-dim
------------------------------------------------------------------------------
TEXT:
Average of the yearly returns of a mutual fund over a given period.

EMBEDDING (384 floats, rounded to 6 dp):
0.073831, -0.053884, -0.045890, 0.085548, 0.014444, -0.019194
0.001279, 0.057618, 0.010150, 0.019774, -0.052869, 0.001217
-0.035032, -0.043621, -0.065760, -0.019517, -0.107793, -0.049778
0.090995, 0.010173, 0.081284, -0.022932, 0.100689, -0.045771
0.068301, -0.030427, -0.012736, -0.012968, -0.066506, 0.052606
-0.001905, 0.012934, 0.064460, -0.054513, -0.027838, 0.018508
-0.032655, 0.035916, -0.015232, -0.002201, -0.064238, 0.053985
0.089596, -0.049026, -0.007049, 0.024252, -0.009632, 0.070798
0.045780, 0.067162, -0.018908, 0.075729, -0.046569, 0.010221
0.045196, 0.045390, -0.094979, 0.005443, -0.013030, 0.030689
-0.038205, 0.028528, 0.029277, 0.047474, 0.039903, -0.017765
-0.048920, 0.036544, 0.016444, -0.013583, -0.010935, -0.034939
-0.124535, -0.122025, -0.009573, 0.038251, -0.048846, 0.016045
0.008041, 0.007143, 0.011339, 0.042941, 0.062828, -0.037157
0.074717, -0.004727, 0.146851, 0.021560, 0.058963, 0.066492
-0.049654, -0.005671, -0.025510, -0.024730, -0.011788, 0.038727
0.008945, -0.110163, 0.026254, 0.057084, 0.031476, -0.087854
0.003233, -0.033219, -0.045368, -0.049238, 0.083619, -0.038322
-0.009558, 0.019054, -0.067013, 0.060833, 0.001485, 0.023702
0.003994, -0.017830, -0.072960, -0.005154, 0.098183, 0.069402
0.111306, 0.058474, 0.017428, 0.031315, -0.076650, 0.000074
0.036493, -0.000000, -0.042596, 0.015302, 0.030581, -0.005723
-0.090361, -0.017761, 0.044704, -0.050844, 0.008364, -0.048515
0.005532, 0.019936, -0.011790, 0.000104, 0.008264, -0.086459
0.033246, 0.092479, 0.086886, -0.057892, 0.029055, 0.010962
0.024771, -0.018644, 0.071329, -0.086553, -0.027921, 0.022371
0.012336, 0.012365, 0.136038, 0.035711, -0.040301, -0.101573
-0.054573, -0.020495, 0.043937, 0.091814, -0.012864, 0.012009
-0.030129, 0.029892, 0.018932, -0.010520, -0.083724, -0.002757
0.066868, 0.039621, -0.032797, 0.002116, -0.093032, -0.062756
0.009847, 0.025306, 0.036968, 0.052479, -0.058669, 0.016760
-0.084035, -0.012843, 0.045082, 0.033266, -0.000596, -0.015488
-0.069371, 0.082771, 0.009375, 0.047242, -0.003263, 0.094862
0.010524, 0.002447, -0.062084, -0.039308, 0.004309, -0.023045
-0.005995, 0.009858, -0.003584, 0.072290, -0.002363, -0.028988
-0.031100, 0.005742, 0.033399, 0.049547, 0.046974, 0.041446
0.054911, -0.066151, 0.028685, -0.103541, 0.019329, 0.013016
-0.056750, 0.000000, -0.011310, 0.027844, 0.160401, 0.077541
-0.035121, -0.036105, -0.027201, 0.084773, 0.028148, 0.097254
-0.001346, -0.021332, 0.026405, 0.016836, 0.009747, -0.033748
0.027789, -0.037794, 0.013172, -0.016014, -0.037419, -0.040272
0.049586, -0.068023, -0.023943, -0.006589, -0.054787, -0.014123
-0.104826, -0.082142, 0.000828, -0.057009, -0.020378, 0.043186
-0.032475, -0.031591, 0.032430, -0.068592, -0.003238, 0.004149
0.033337, -0.001841, 0.083871, -0.042815, 0.093884, -0.039134
-0.067425, 0.040762, 0.063846, -0.048146, -0.085926, -0.069121
-0.011171, -0.102016, -0.135273, 0.025737, 0.038071, 0.026529
-0.063914, -0.008786, 0.016598, -0.045542, -0.034657, 0.065943
-0.066468, 0.003503, -0.066585, -0.086463, -0.010630, -0.039347
0.096865, 0.017534, 0.054006, 0.027111, 0.044304, 0.037741
0.028326, -0.037156, 0.013478, 0.053496, -0.026325, 0.038611
-0.038409, -0.049573, -0.042796, -0.033172, 0.042531, -0.068466
-0.059280, 0.009624, -0.000364, -0.029174, 0.026983, 0.023334
0.005870, -0.000000, 0.039766, -0.029704, 0.048712, -0.070114
0.018192, 0.021775, 0.039195, -0.109589, -0.003741, -0.096230
0.036456, -0.028850, -0.060310, 0.007068, -0.054742, -0.032355
-0.080945, 0.050436, -0.002319, -0.094871, 0.037144, 0.009086
0.061998, 0.028858, 0.026860, 0.043591, -0.030073, -0.047871
-0.037187, -0.004568, 0.060231, 0.003002, 0.065579, 0.021307
-0.098478, 0.033971, 0.013935, 0.010847, 0.048879, 0.012164
0.042540, 0.037234, 0.134517, -0.019250, 0.029481, -0.043374
0.033186, 0.028461, 0.033567, -0.140276, 0.118887, 0.009294
-0.037365, 0.033802, 0.008808, 0.019356, -0.018217, 0.015945
-0.098637, -0.054318, -0.011451, -0.073123, -0.041029, 0.037140

==============================================================================

[25] id: Flexi_Cap_3
category    : Flexi Cap
scheme      : HDFC Equity Fund - Direct Plan - Growth
section     : Absolute returns
source_url  : https://groww.in/mutual-funds/hdfc-equity-fund-direct-growth
ingested_at : 2026-10-07T06:17:36+00:00  |  chunk_index: 3
chars       : 54  |  embedding: 384-dim
------------------------------------------------------------------------------
TEXT:
The total return of a mutual fund over a given period.

EMBEDDING (384 floats, rounded to 6 dp):
0.037983, 0.002179, -0.069593, 0.052208, 0.044884, -0.004699
0.024150, 0.041674, 0.040183, 0.043676, -0.006793, -0.001289
-0.044309, -0.019723, -0.085915, -0.039201, -0.091901, 0.002698
0.082825, 0.019074, 0.106168, -0.046521, 0.047961, -0.032146
0.090129, -0.001337, -0.001558, -0.004842, -0.057332, -0.007376
0.025751, 0.023817, -0.006352, -0.047741, -0.040693, 0.048390
-0.026811, 0.014803, -0.006620, 0.037500, -0.078128, 0.022638
0.052940, -0.026032, 0.013147, 0.018586, -0.012928, 0.059083
0.033516, 0.081282, 0.052475, 0.054881, -0.074365, 0.030813
0.059709, 0.048276, -0.063270, -0.009712, -0.046203, 0.019145
-0.010677, -0.024666, -0.016753, 0.042499, 0.050589, -0.013134
-0.102257, 0.005616, 0.010442, -0.001751, 0.023258, -0.054141
-0.041581, -0.108126, -0.030956, 0.040293, 0.014163, 0.018327
0.027289, -0.011718, 0.026324, 0.076460, 0.066791, -0.043371
0.088452, 0.013869, 0.100216, 0.024072, 0.090669, 0.037518
-0.028848, 0.019391, -0.046960, -0.019967, -0.061181, -0.029244
-0.010823, -0.081604, 0.045778, 0.057016, 0.029173, -0.082326
-0.034588, -0.070537, -0.035042, -0.068032, 0.033554, 0.022347
0.005104, -0.001792, -0.062568, 0.046133, 0.040114, 0.014862
0.007589, 0.013343, -0.071365, 0.004928, 0.136732, -0.013102
0.108399, 0.067061, 0.001243, 0.007051, -0.112056, -0.018732
0.032565, -0.000000, -0.081921, -0.009026, 0.045760, -0.025828
-0.071827, -0.020689, 0.044586, -0.027383, 0.000570, -0.072020
0.002566, 0.009761, -0.025314, -0.035562, -0.024356, -0.073206
0.030385, 0.138473, 0.113970, -0.042477, 0.008753, 0.027472
0.040550, -0.001086, 0.094724, -0.087297, -0.060898, 0.002981
-0.025039, 0.036131, 0.095638, 0.024210, -0.071816, -0.094174
0.003150, 0.001492, 0.029988, 0.052454, -0.016110, 0.031842
-0.035033, 0.012803, -0.009310, -0.041324, -0.127725, -0.024819
0.094522, 0.045071, -0.025741, 0.058226, -0.074433, -0.091996
0.007893, -0.017726, -0.005871, 0.020286, -0.062656, 0.019850
-0.090461, 0.010032, 0.080318, 0.020433, -0.029572, 0.000309
-0.074055, 0.072511, 0.035318, 0.035323, 0.012600, 0.089108
-0.053219, 0.004765, 0.028928, -0.019242, 0.013351, -0.078467
0.018475, 0.007179, 0.010499, 0.065883, -0.024166, -0.021167
-0.052510, 0.015739, 0.058144, 0.089441, 0.032020, 0.020395
0.046300, -0.079150, -0.004634, -0.110274, 0.056746, 0.029049
-0.032948, 0.000000, 0.012109, 0.039960, 0.112701, 0.034153
-0.040104, -0.037443, 0.004601, 0.091852, -0.006961, 0.128001
0.054899, -0.038745, 0.021073, 0.016386, -0.012485, -0.043689
0.005411, -0.044998, 0.013432, -0.008475, 0.012143, -0.030262
0.052555, -0.065119, -0.006458, 0.030253, -0.035711, -0.012612
-0.076398, -0.029208, 0.053483, -0.058599, -0.057244, 0.018371
-0.014697, -0.030540, 0.031513, -0.071568, 0.025624, 0.039270
0.070320, -0.029324, 0.125503, -0.025926, 0.093529, -0.056269
-0.011287, 0.046678, 0.075378, -0.066099, -0.082339, -0.063300
0.008777, -0.043545, -0.134387, -0.007408, 0.038550, -0.000410
-0.020746, -0.019260, -0.007756, -0.047423, -0.026461, 0.091510
-0.058948, -0.008370, -0.053518, -0.090945, 0.030120, -0.033507
0.087170, 0.059407, 0.055582, 0.050660, 0.012256, 0.058817
0.023587, -0.066685, 0.010693, 0.068911, -0.060636, 0.024778
-0.028426, -0.010076, -0.029177, -0.045881, 0.017566, -0.039263
-0.008340, -0.030041, 0.011086, -0.022775, 0.061387, 0.073442
0.002041, -0.000000, -0.000686, -0.067832, 0.046491, -0.090907
0.058512, 0.001128, 0.056377, -0.125255, 0.019297, -0.067191
0.048530, 0.001403, -0.032045, -0.004486, -0.095242, 0.003369
-0.053234, 0.033264, 0.006588, -0.058605, 0.048024, -0.022004
0.059576, 0.037812, 0.002358, 0.007816, -0.024905, 0.018268
-0.007048, -0.024035, 0.047946, 0.037973, -0.004177, 0.017882
-0.114999, 0.024714, 0.034744, 0.062587, 0.039313, 0.067939
-0.001054, -0.009817, 0.112980, 0.026056, 0.006799, -0.019398
-0.020460, -0.019003, -0.047028, -0.158588, 0.071378, -0.001150
-0.041071, 0.013247, -0.034455, 0.013692, -0.026520, -0.004222
-0.123283, -0.036609, -0.034719, -0.041239, 0.013317, 0.005495

==============================================================================

[26] id: Flexi_Cap_4
category    : Flexi Cap
scheme      : HDFC Equity Fund - Direct Plan - Growth
section     : Expense ratio
source_url  : https://groww.in/mutual-funds/hdfc-equity-fund-direct-growth
ingested_at : 2026-10-07T06:17:36+00:00  |  chunk_index: 4
chars       : 203  |  embedding: 384-dim
------------------------------------------------------------------------------
TEXT:
A fee payable to a mutual fund house for managing your mutual fund investments. It is the total percentage of a company's fund assets used for administrative, management, advertising, and other expenses.

EMBEDDING (384 floats, rounded to 6 dp):
0.078798, -0.061586, -0.070337, 0.032638, 0.121845, 0.015240
0.108334, 0.021425, 0.049949, 0.038191, -0.047763, -0.038062
-0.002083, 0.044184, -0.078058, -0.082985, -0.011436, -0.014541
0.009620, 0.024470, 0.005205, -0.008266, 0.065634, 0.058631
0.068917, -0.033115, 0.017681, -0.003693, -0.086221, -0.003679
-0.015823, -0.012359, -0.014173, -0.043024, -0.007812, 0.114959
-0.043294, 0.025016, -0.007203, 0.018650, -0.003350, 0.044093
0.055444, -0.018245, -0.030683, 0.082599, -0.029854, 0.028359
-0.001829, 0.078561, 0.014555, 0.037996, -0.020236, -0.007557
-0.015071, 0.029254, -0.001762, -0.018211, -0.015443, -0.038524
-0.040866, -0.068769, 0.043794, 0.026975, 0.013683, -0.042972
-0.044859, 0.064615, -0.020273, -0.071194, 0.058192, -0.013890
-0.026276, -0.061348, -0.015144, 0.033363, 0.022577, 0.080852
0.040859, -0.009961, -0.047796, 0.014770, 0.132494, 0.006855
-0.007075, 0.004073, 0.067675, -0.042525, 0.072961, 0.026637
0.010574, 0.017798, -0.058614, -0.054567, 0.008397, 0.065015
-0.054049, -0.050018, -0.059699, 0.017506, 0.016538, -0.085248
-0.026203, -0.003444, -0.005717, -0.037425, 0.055934, 0.004300
0.073929, 0.040957, -0.040986, 0.071679, 0.047145, -0.004642
0.025823, 0.076119, -0.066782, -0.027965, 0.167564, -0.002313
0.051648, 0.006046, -0.012664, -0.109638, -0.043007, -0.023041
-0.054153, -0.000000, -0.004483, 0.059310, -0.026578, 0.016258
-0.116566, 0.002192, 0.013165, 0.024445, -0.081662, -0.078610
0.022917, 0.070310, 0.017887, 0.001514, -0.043945, -0.094475
0.014983, 0.127335, 0.108107, -0.029297, 0.009884, 0.113666
-0.020669, -0.015702, -0.000837, -0.055134, -0.001212, 0.018025
0.055814, 0.019349, 0.029390, 0.043273, -0.014111, -0.054747
-0.062089, 0.004989, -0.067335, 0.011311, -0.030782, 0.036116
0.002258, -0.014003, -0.000846, -0.097831, -0.142741, -0.003795
0.080675, 0.036371, -0.038128, -0.002478, -0.061951, -0.064686
-0.007177, 0.023181, 0.031689, -0.006242, -0.010873, -0.060086
-0.053027, -0.031445, 0.014080, -0.033388, -0.036802, 0.041009
-0.027524, 0.010565, 0.011626, 0.032265, 0.042731, 0.034797
-0.048931, -0.027078, 0.045378, 0.054421, -0.019657, -0.038710
0.006731, 0.031342, 0.050768, 0.129367, -0.043735, -0.056211
-0.003778, 0.049632, 0.039366, 0.003044, 0.030440, 0.058572
-0.064848, -0.048837, 0.081518, -0.041903, -0.014584, 0.038702
-0.041431, 0.000000, -0.024455, 0.012718, 0.079150, 0.045592
-0.010165, -0.016833, -0.036986, 0.002649, 0.046631, 0.012659
-0.092435, -0.044607, -0.041863, -0.045379, -0.068410, -0.117856
-0.069392, -0.030077, 0.015279, -0.004064, 0.024875, -0.028977
0.056297, -0.012172, -0.044185, 0.025289, -0.061495, 0.030833
-0.043981, 0.069082, 0.021939, -0.046670, -0.076145, 0.015810
-0.071261, -0.023945, 0.012279, -0.019950, -0.009335, 0.022650
-0.004897, 0.020090, 0.084456, -0.015790, 0.091778, 0.003002
-0.070156, -0.084041, 0.051075, -0.043208, -0.148250, -0.059278
0.001534, -0.047995, -0.123212, 0.003169, 0.003736, 0.137829
0.047438, 0.017792, 0.054277, 0.025494, 0.009128, 0.096416
-0.100586, 0.072728, -0.065338, -0.085452, -0.024294, 0.068684
0.016228, 0.034036, 0.037091, 0.077511, 0.001896, 0.062659
0.083810, -0.044193, 0.034149, 0.014921, 0.074283, -0.006356
-0.024938, -0.021620, 0.013780, -0.060649, 0.013046, -0.035211
-0.046277, -0.060685, 0.008197, -0.080271, 0.065688, 0.103723
-0.046720, -0.000000, -0.007112, -0.050041, 0.020072, -0.079432
-0.055047, -0.034390, 0.024321, -0.027068, 0.065764, 0.032833
0.064491, 0.004207, -0.095529, -0.002992, -0.052501, -0.032312
-0.058067, 0.074990, -0.002048, 0.029156, 0.047389, 0.017834
-0.047465, 0.026239, 0.060918, -0.030815, 0.064947, 0.031324
-0.007145, -0.023326, -0.002133, 0.032508, 0.042681, 0.059279
-0.074459, 0.087729, -0.065621, 0.021941, 0.035040, 0.104008
0.022585, -0.025039, 0.023114, -0.039512, 0.012971, 0.004061
-0.065961, -0.010231, -0.030178, -0.095928, 0.062872, 0.076544
-0.024988, 0.039154, -0.084755, 0.018344, 0.010748, 0.004300
-0.070594, -0.029610, -0.027209, -0.052003, 0.018249, -0.019761

==============================================================================

[27] id: Flexi_Cap_5
category    : Flexi Cap
scheme      : HDFC Equity Fund - Direct Plan - Growth
section     : Tax
source_url  : https://groww.in/mutual-funds/hdfc-equity-fund-direct-growth
ingested_at : 2026-10-07T06:17:36+00:00  |  chunk_index: 5
chars       : 252  |  embedding: 384-dim
------------------------------------------------------------------------------
TEXT:
A percentage of your capital gains payable to the government upon exiting your mutual fund investments. Taxation is categorized as long-term capital gains (LTCG) and short-term capital gains (STCG) depending on your holding period and the type of fund.

EMBEDDING (384 floats, rounded to 6 dp):
0.042902, -0.088269, -0.022038, 0.014382, 0.112398, 0.072874
0.073796, 0.046410, 0.024837, 0.020267, 0.003600, 0.009986
-0.059097, -0.030407, -0.020498, -0.064357, -0.053782, 0.031038
0.041733, -0.019265, 0.035263, 0.009572, -0.011416, 0.005090
0.149107, -0.065567, -0.036505, -0.004288, 0.041097, -0.003106
-0.011829, 0.020100, -0.065155, -0.020317, -0.047055, 0.059815
-0.009699, -0.083398, 0.038903, -0.061099, 0.023981, -0.008025
0.058213, -0.001834, -0.038246, 0.016817, 0.024530, 0.019717
-0.060633, 0.018361, 0.070984, 0.029374, -0.066926, 0.099309
-0.039246, 0.002073, -0.019052, 0.031051, 0.008218, -0.010029
-0.057290, -0.044977, 0.050802, -0.010035, 0.000416, -0.020087
-0.021829, 0.024763, 0.042436, -0.023370, -0.006200, -0.035742
-0.054709, -0.097691, -0.106762, 0.047759, 0.006909, 0.064740
0.026315, -0.056622, 0.007043, 0.087465, 0.088647, -0.051134
-0.004416, -0.016895, 0.069955, 0.042448, 0.069995, 0.053008
0.061399, 0.035414, -0.034908, 0.005167, -0.059626, -0.038428
-0.020001, -0.070377, -0.045573, 0.024273, 0.042801, -0.017656
-0.017170, 0.001388, 0.033382, -0.044628, -0.022491, -0.009912
0.024564, -0.084364, -0.080777, 0.146623, -0.008685, 0.020858
-0.045802, 0.096014, -0.053700, -0.022121, 0.063981, -0.049371
0.004676, -0.003069, -0.046730, -0.018829, -0.056190, -0.030462
-0.010067, -0.000000, -0.086308, 0.011247, 0.032540, -0.000426
-0.069124, 0.006751, 0.076894, -0.049250, -0.009889, -0.073778
0.003967, 0.035441, -0.007289, 0.047274, 0.062609, -0.126933
-0.049204, 0.079048, 0.114975, -0.044196, 0.052300, 0.076976
0.030046, 0.015167, 0.094016, 0.019989, -0.066364, 0.000930
-0.050664, 0.024698, 0.054655, 0.091321, 0.003101, -0.040507
-0.039591, -0.011018, -0.051041, -0.031317, 0.042524, 0.010549
-0.007652, -0.049581, 0.037516, -0.056060, -0.152174, -0.023536
0.045884, 0.056790, -0.056113, -0.007594, 0.035888, -0.088477
-0.091110, -0.036611, 0.021168, 0.019381, -0.070180, -0.030023
-0.045761, -0.015262, 0.018280, -0.027842, -0.037419, 0.004766
-0.080775, 0.063422, -0.061886, 0.004424, 0.050684, 0.039517
-0.014145, -0.013822, 0.001813, 0.051986, 0.102397, -0.038827
-0.080523, 0.051549, 0.038429, 0.083367, -0.006222, 0.004256
-0.059443, -0.068370, 0.072383, 0.019153, 0.026539, -0.020761
0.001827, -0.043007, 0.025062, -0.038826, 0.036564, 0.030566
-0.080453, -0.000000, -0.004094, 0.002405, 0.011875, 0.020223
-0.029143, -0.011320, 0.010204, 0.016744, -0.046417, 0.070008
0.010180, -0.036489, -0.097035, -0.007010, -0.076841, -0.139324
0.018098, -0.016063, -0.008278, -0.006085, 0.058570, -0.043029
0.023200, 0.086945, -0.024020, -0.020032, -0.085323, 0.032797
-0.045090, 0.034488, 0.048633, 0.053246, -0.040586, 0.009640
0.005777, -0.054932, 0.054079, -0.024701, 0.039575, 0.058207
0.014097, 0.014730, 0.133351, 0.054387, 0.061031, -0.033939
-0.004267, 0.047228, 0.019706, 0.002944, -0.018195, -0.026650
0.007308, -0.035066, -0.062196, 0.045118, -0.003996, -0.028214
-0.068098, 0.016045, 0.048427, 0.057942, -0.032234, 0.060486
-0.000891, -0.078391, -0.029099, -0.074181, 0.078874, -0.041378
0.059223, -0.001089, -0.020447, -0.023096, 0.005245, -0.000705
0.065810, 0.017128, 0.072852, -0.022279, 0.031203, -0.016181
0.028646, -0.001076, -0.008306, -0.010566, -0.004209, -0.034502
0.077256, -0.047181, -0.022221, -0.014984, 0.087086, 0.049616
0.047272, -0.000000, -0.025301, -0.002974, -0.003150, -0.017422
-0.047344, 0.033489, -0.017999, -0.046238, 0.011841, -0.017523
0.028825, 0.027562, -0.079360, -0.053219, -0.155176, -0.032996
-0.027655, 0.051104, 0.040434, 0.005388, 0.054404, -0.013506
-0.007866, 0.085994, 0.029558, -0.030296, 0.103007, 0.080583
0.001700, 0.042006, 0.059481, 0.017847, -0.011450, 0.093842
0.000877, 0.073312, 0.051541, 0.020638, 0.046540, 0.165223
0.002222, 0.053866, 0.072858, -0.025522, -0.120632, 0.009560
-0.028086, -0.018962, 0.012534, -0.075602, 0.105472, -0.041371
-0.103318, -0.030749, -0.051870, -0.029800, -0.019603, 0.047200
-0.107707, -0.085703, -0.039795, -0.058549, 0.029091, 0.006410

==============================================================================

[28] id: Flexi_Cap_6
category    : Flexi Cap
scheme      : HDFC Equity Fund - Direct Plan - Growth
section     : Exit load
source_url  : https://groww.in/mutual-funds/hdfc-equity-fund-direct-growth
ingested_at : 2026-10-07T06:17:36+00:00  |  chunk_index: 6
chars       : 149  |  embedding: 384-dim
------------------------------------------------------------------------------
TEXT:
A fee payable to a mutual fund house for exiting a fund (fully or partially) before the completion of a specified period from the date of investment.

EMBEDDING (384 floats, rounded to 6 dp):
0.052803, -0.007138, -0.040792, 0.046013, 0.104875, 0.036901
0.059843, -0.007241, 0.005164, 0.049381, -0.015521, -0.000176
-0.033192, 0.030129, -0.093092, -0.097774, -0.030436, -0.022626
0.049056, 0.052378, 0.032581, 0.016657, 0.012014, 0.060660
0.102230, -0.049554, 0.042550, -0.021612, -0.022316, -0.002548
0.017371, 0.007045, -0.033675, -0.067110, 0.047934, 0.090009
-0.033885, 0.035777, 0.003681, 0.015389, 0.020128, -0.001820
0.061054, 0.025660, -0.019356, 0.088598, -0.023835, 0.009759
-0.028104, 0.080436, 0.025480, 0.037534, -0.033819, 0.010317
0.002052, 0.059788, 0.006211, -0.036483, -0.033523, 0.002738
-0.006629, -0.047089, -0.031379, -0.011242, 0.006998, -0.003997
-0.049709, 0.029311, 0.043756, 0.010930, 0.031055, -0.034115
-0.082086, -0.062556, -0.012688, 0.047081, 0.030685, 0.048678
0.023084, -0.048460, -0.036691, 0.020814, 0.113079, -0.034437
-0.000040, 0.002165, 0.033410, 0.012876, 0.120492, -0.005748
0.031030, 0.020662, -0.034305, -0.042192, -0.001799, -0.022592
-0.030885, -0.104017, -0.009658, 0.055548, 0.048122, -0.068163
-0.096494, -0.006077, 0.033901, -0.055289, 0.031785, 0.005684
0.033652, 0.008188, -0.069861, 0.021529, 0.098431, -0.021544
0.029272, 0.131737, -0.059416, -0.004700, 0.209032, -0.047771
0.071409, 0.050824, -0.039489, -0.120854, -0.047755, -0.027437
0.019886, -0.000000, -0.016071, -0.024486, -0.047525, -0.011986
-0.086494, -0.029179, -0.006029, 0.006285, -0.043961, -0.078290
0.063091, -0.048049, -0.032141, -0.067407, -0.027147, -0.120695
0.020524, 0.128649, 0.147499, -0.026789, 0.083674, 0.032374
0.006555, -0.001473, 0.024123, -0.053740, -0.010493, -0.015102
0.087322, 0.039791, 0.020863, 0.045616, -0.050439, -0.029406
-0.055809, 0.004690, -0.074059, -0.020947, 0.012123, -0.022423
0.001952, 0.008409, -0.041846, -0.047658, -0.094072, -0.065352
0.131063, 0.014527, -0.061622, 0.000668, -0.054210, -0.076216
-0.038618, -0.036846, -0.030591, -0.010413, -0.021059, -0.027583
-0.049179, -0.045292, 0.067410, -0.006406, -0.059801, 0.030301
-0.106561, -0.006959, -0.014852, 0.000349, -0.006722, 0.020518
-0.037707, -0.009511, 0.055581, -0.038260, -0.002826, -0.031160
-0.007773, 0.001752, 0.104741, 0.079993, 0.011629, -0.058993
-0.027961, 0.045618, 0.104081, 0.001330, 0.050398, 0.009405
-0.064643, -0.111047, -0.000892, -0.036483, -0.000373, 0.014556
0.001418, 0.000000, 0.023295, -0.041176, 0.053346, 0.074416
-0.003256, -0.012571, -0.032008, 0.028722, 0.032181, 0.037155
-0.044364, -0.044097, 0.049823, -0.025186, -0.073829, -0.123636
-0.002113, -0.061848, 0.045406, 0.042037, 0.056054, -0.041343
-0.019845, -0.050269, 0.000396, 0.026460, -0.044719, 0.066909
-0.120084, 0.071590, -0.009468, -0.021086, -0.047155, 0.019292
-0.069003, 0.020197, 0.021299, 0.021157, -0.061934, 0.092478
0.052185, -0.000497, 0.116051, -0.012298, 0.088245, -0.018823
-0.054528, -0.042495, 0.044990, -0.004589, -0.133141, -0.036293
0.036821, -0.034876, -0.099525, 0.008035, 0.074246, 0.104374
0.006588, 0.062999, 0.048688, 0.020394, 0.064841, 0.057896
-0.027912, 0.023034, -0.059325, -0.057061, 0.007088, 0.011499
0.046723, 0.064314, -0.018269, 0.057159, 0.021421, 0.061307
0.082754, -0.056191, 0.014744, -0.026121, 0.005855, 0.014961
-0.021299, 0.032517, 0.032883, -0.090308, -0.043924, -0.054362
0.011044, -0.039168, 0.019828, -0.056478, 0.127086, 0.038111
-0.064500, -0.000000, 0.003556, -0.011287, 0.041784, -0.054630
0.024740, -0.072995, 0.068370, -0.001550, 0.058924, -0.003175
0.071604, 0.050566, -0.004817, 0.012399, -0.109384, -0.053488
0.015445, 0.028268, -0.021110, 0.005389, 0.046738, -0.008632
-0.030874, -0.019756, 0.019283, -0.046233, 0.049224, 0.025708
0.034427, -0.033522, -0.022697, 0.062495, 0.062403, 0.040115
-0.075955, 0.080891, -0.054946, 0.027109, -0.047467, 0.067303
0.019448, 0.009631, -0.010866, -0.051644, 0.041458, -0.010013
-0.049028, -0.041864, -0.022332, -0.068583, 0.066319, 0.018862
-0.014823, 0.038802, -0.047026, -0.007685, -0.008871, 0.021166
-0.091510, -0.028177, -0.011409, -0.044423, 0.019294, 0.010150

==============================================================================

[29] id: Flexi_Cap_7
category    : Flexi Cap
scheme      : HDFC Equity Fund - Direct Plan - Growth
section     : Stamp duty
source_url  : https://groww.in/mutual-funds/hdfc-equity-fund-direct-growth
ingested_at : 2026-10-07T06:17:36+00:00  |  chunk_index: 7
chars       : 71  |  embedding: 384-dim
------------------------------------------------------------------------------
TEXT:
A form of tax payable for the purchase or sale of an asset or security.

EMBEDDING (384 floats, rounded to 6 dp):
-0.049208, 0.047441, -0.069193, -0.055288, -0.036805, 0.083522
0.142021, 0.002716, -0.012919, 0.012594, 0.086963, 0.025872
0.003698, -0.000248, -0.031874, -0.040897, 0.006225, 0.038600
0.030651, 0.087477, 0.066796, 0.033032, -0.036630, 0.007053
0.041480, -0.066381, -0.029460, -0.011686, 0.023656, -0.000264
0.043610, -0.030712, -0.050073, 0.033722, -0.000594, -0.014444
0.012046, -0.067872, -0.028192, -0.009344, 0.014002, -0.050385
-0.086404, 0.004498, -0.048751, 0.049378, 0.086711, -0.005664
-0.003902, 0.048394, 0.051135, 0.075290, -0.050603, 0.094426
-0.050070, -0.097329, -0.017109, -0.008384, 0.007106, -0.079518
-0.012319, -0.046010, 0.002343, 0.003396, 0.035328, -0.011314
-0.040953, -0.059287, -0.089151, -0.071730, 0.046780, -0.081627
-0.033031, 0.011333, -0.056921, -0.120907, 0.056116, 0.013859
-0.031231, -0.035200, -0.024518, 0.105580, -0.013434, -0.067167
0.029957, 0.009323, 0.018665, -0.011698, 0.146750, 0.032375
-0.035613, -0.024411, 0.034035, -0.064212, -0.000411, -0.018897
0.091165, -0.022345, 0.057049, 0.032303, 0.063688, 0.017086
0.001820, -0.006982, -0.051842, -0.014144, 0.007114, 0.003109
-0.015540, -0.015762, -0.099575, -0.022199, -0.068980, 0.007087
0.023529, 0.101983, -0.092302, -0.022693, 0.075199, -0.127451
0.069358, 0.018467, -0.006711, -0.093245, -0.054491, -0.031556
0.008149, -0.000000, -0.022035, 0.036453, -0.058805, -0.011050
0.008344, 0.024334, 0.041427, 0.007527, -0.053099, 0.045065
-0.031696, -0.015446, -0.001001, 0.059351, 0.089852, 0.067495
-0.106963, 0.104621, 0.189021, -0.026526, 0.072784, 0.014883
0.092760, -0.012759, -0.010404, -0.038483, -0.041387, -0.047401
0.010571, 0.020497, 0.071022, 0.032351, 0.042160, -0.017129
-0.012259, 0.046049, -0.033021, -0.022134, 0.067696, -0.047424
0.009142, -0.085307, 0.055174, -0.008822, -0.067316, 0.053921
-0.021698, 0.056772, -0.037398, 0.045060, -0.003121, -0.053440
0.006165, -0.094113, -0.027429, -0.056114, -0.001234, -0.000911
-0.097140, -0.041083, 0.017096, -0.011061, 0.004088, 0.009361
-0.150648, -0.058090, -0.004001, -0.035944, 0.091026, -0.068892
-0.072791, 0.034357, 0.069885, -0.001991, 0.040772, -0.027668
-0.035261, 0.041262, 0.081234, 0.071858, -0.100289, -0.066196
-0.038058, 0.038174, -0.040961, 0.077744, 0.019261, -0.038167
-0.046496, -0.092421, -0.017828, -0.014446, -0.033347, 0.016095
0.069096, 0.000000, -0.005560, -0.088743, -0.055661, 0.062746
-0.041115, -0.002515, -0.016782, -0.041651, -0.059479, 0.027183
-0.115379, -0.038874, 0.043379, -0.017117, -0.000736, -0.064659
-0.038986, -0.004611, 0.060762, -0.006744, 0.000209, 0.074719
0.068034, 0.046823, -0.037065, 0.015289, -0.083492, -0.007232
0.022962, 0.056730, 0.017699, 0.004569, -0.017303, -0.033683
-0.040720, -0.012200, 0.104672, -0.017398, 0.037057, -0.007368
0.007153, 0.013499, 0.123243, 0.075528, 0.057384, -0.024296
-0.015904, -0.001687, 0.051718, -0.021180, -0.003550, 0.041027
-0.014123, 0.008980, -0.079737, 0.121406, -0.043725, 0.039732
0.034134, 0.069162, 0.069193, 0.027631, 0.019087, 0.081433
0.007961, -0.015645, 0.001433, -0.083581, 0.046035, -0.005549
0.020682, -0.112115, -0.015170, -0.055881, -0.005181, 0.004492
0.037635, 0.004025, -0.000456, -0.031985, -0.030931, -0.021177
0.000499, 0.056213, 0.021064, -0.132063, -0.041567, -0.064054
0.054650, -0.059202, -0.065833, -0.034185, 0.000877, 0.046739
-0.065530, -0.000000, 0.006222, 0.010956, 0.003141, 0.034082
-0.023291, -0.032726, 0.012416, 0.002333, -0.003750, 0.007281
0.061682, -0.038989, -0.032394, 0.007980, -0.043799, 0.029172
-0.003272, 0.065446, -0.058911, 0.035061, 0.046037, -0.054025
-0.018986, 0.018511, -0.022410, -0.034165, 0.072136, 0.047158
0.077583, 0.044919, -0.012662, 0.082416, 0.068911, 0.050610
-0.027588, 0.081180, -0.009850, 0.039876, -0.003072, 0.023843
-0.031643, 0.000625, -0.002042, 0.015371, -0.009042, 0.039741
-0.122605, -0.052462, 0.007660, -0.024608, 0.079900, 0.009420
0.027541, 0.011926, -0.092146, 0.012655, 0.005126, -0.020299
0.061260, -0.010466, 0.027479, -0.022753, 0.064440, -0.002237

==============================================================================

[30] id: Flexi_Cap_8
category    : Flexi Cap
scheme      : HDFC Equity Fund - Direct Plan - Growth
section     : Exit Load
source_url  : https://groww.in/mutual-funds/hdfc-equity-fund-direct-growth
ingested_at : 2026-10-07T06:17:36+00:00  |  chunk_index: 8
chars       : 54  |  embedding: 384-dim
------------------------------------------------------------------------------
TEXT:
01 Jan 2013

Exit load of 1% if redeemed within 1 year

EMBEDDING (384 floats, rounded to 6 dp):
-0.046080, 0.040436, 0.024351, -0.000274, -0.027652, -0.012580
0.010570, 0.031767, 0.017554, 0.019791, 0.048627, -0.034574
-0.041414, -0.010237, -0.011302, 0.067510, -0.093094, -0.028207
-0.016901, -0.016773, -0.045691, -0.055551, -0.111064, 0.023291
0.035688, 0.013827, 0.006043, -0.009978, 0.003297, 0.008163
0.047296, 0.012724, 0.015660, -0.065908, 0.062401, 0.031057
-0.082421, -0.063755, -0.000149, -0.012131, -0.045992, 0.017112
0.008242, 0.033502, 0.010348, -0.009472, -0.045051, 0.125233
-0.003148, 0.138669, 0.068516, 0.021601, 0.034165, 0.072653
-0.052319, -0.008065, 0.048310, 0.014345, -0.039771, -0.019965
0.018010, 0.022371, -0.043345, -0.055876, -0.009276, -0.008709
0.019420, -0.051699, -0.004981, -0.008944, -0.035992, -0.095037
-0.043880, -0.048893, -0.004499, 0.025303, 0.067120, 0.029912
0.025266, -0.029179, 0.017078, 0.009058, -0.003882, -0.055013
-0.010267, 0.004970, 0.005272, 0.044582, 0.054189, 0.001540
0.029108, 0.155319, 0.089028, 0.017063, 0.021333, -0.002768
-0.081495, 0.001697, 0.040436, 0.076909, -0.011058, 0.064651
-0.002342, -0.058119, 0.010147, -0.052974, -0.059356, 0.014829
0.031810, -0.046102, 0.000998, -0.036706, 0.117041, -0.046854
0.036617, 0.008128, -0.054557, 0.069619, 0.006068, -0.019550
0.109999, 0.058090, -0.029416, -0.023576, -0.016951, -0.031132
0.084913, 0.000000, -0.014593, -0.095729, -0.044016, -0.037500
-0.084542, -0.045797, 0.038752, 0.076361, -0.028587, -0.025100
0.008427, -0.035847, -0.049977, -0.056458, -0.023626, -0.014418
0.032663, -0.031706, 0.100184, -0.015934, 0.019763, -0.147604
0.026732, -0.003905, 0.040351, 0.024128, -0.011685, -0.037940
-0.033687, -0.030108, 0.105811, 0.002550, 0.011739, -0.105571
-0.013428, 0.041082, 0.115589, 0.007720, 0.075286, -0.019074
-0.038449, 0.056467, 0.040579, 0.010639, -0.007780, -0.127588
0.073760, -0.011866, -0.011642, 0.093325, -0.025286, -0.048160
-0.046907, 0.003765, -0.087424, -0.011389, -0.057007, -0.020814
0.053650, -0.036872, 0.081254, -0.048535, -0.004918, -0.019856
-0.121152, -0.036700, 0.060607, 0.003292, -0.131259, 0.065364
0.006642, -0.041263, 0.052629, -0.099280, 0.029410, -0.024334
0.095864, 0.056851, 0.074813, 0.045929, 0.028471, -0.034259
0.005252, -0.021837, 0.013634, 0.047238, 0.097826, -0.097826
-0.069654, -0.022244, 0.022428, -0.055727, -0.011174, 0.048321
0.109483, -0.000000, -0.048198, 0.040383, -0.052102, -0.001564
0.021189, -0.009214, -0.005392, 0.141525, -0.022763, 0.078203
0.026958, 0.027007, 0.024713, 0.066065, -0.012747, 0.023037
0.024938, -0.001195, -0.049941, 0.052655, 0.012135, 0.041520
-0.077214, 0.049865, -0.021691, 0.024077, -0.074650, -0.011562
-0.055058, -0.032044, -0.050094, -0.078272, -0.008930, 0.004410
0.020856, -0.045080, 0.025622, -0.035911, -0.000192, 0.063160
0.042473, -0.001712, -0.067474, -0.007252, 0.041046, -0.013620
0.047061, 0.027476, 0.094947, -0.026876, 0.010965, -0.001471
0.066408, 0.050074, -0.008757, 0.076096, 0.036726, -0.029024
-0.040740, -0.001391, -0.048911, 0.006297, 0.071888, -0.040195
0.009477, -0.069126, 0.032302, 0.029862, 0.055056, -0.008473
0.094909, 0.051382, 0.037224, -0.072636, -0.045738, 0.015517
-0.029744, -0.069608, -0.007652, -0.003697, -0.016893, 0.064538
-0.054452, 0.057879, -0.009998, -0.015451, 0.030177, -0.072448
-0.041666, 0.042288, 0.003937, 0.020219, -0.000899, -0.002062
0.009589, -0.000000, 0.044864, 0.028117, 0.077633, -0.008531
0.103567, 0.010795, 0.023904, 0.011842, -0.073918, 0.003460
0.078393, 0.026357, -0.085639, -0.086203, -0.135618, 0.066525
-0.083670, 0.029928, -0.001198, -0.053666, -0.019956, 0.031501
-0.004574, -0.073471, -0.078233, -0.037039, 0.052673, 0.122518
0.023542, -0.071093, -0.007311, -0.005498, 0.064449, -0.081993
-0.074702, 0.033110, -0.001014, -0.002696, -0.025692, -0.023009
0.021660, 0.071631, 0.037589, -0.008574, -0.092481, -0.027432
-0.077506, 0.005510, 0.044489, -0.089815, 0.028154, -0.042091
-0.051331, 0.087973, 0.040355, -0.045296, -0.042474, 0.060090
-0.078903, 0.037041, 0.000532, -0.038218, -0.078994, -0.018884

==============================================================================

[31] id: Flexi_Cap_9
category    : Flexi Cap
scheme      : HDFC Equity Fund - Direct Plan - Growth
section     : Exit load
source_url  : https://groww.in/mutual-funds/hdfc-equity-fund-direct-growth
ingested_at : 2026-10-07T06:17:36+00:00  |  chunk_index: 9
chars       : 41  |  embedding: 384-dim
------------------------------------------------------------------------------
TEXT:
Exit load of 1% if redeemed within 1 year

EMBEDDING (384 floats, rounded to 6 dp):
-0.034824, 0.049772, -0.001151, -0.002537, -0.016034, -0.019888
0.018659, 0.028649, 0.008786, 0.033646, 0.039772, -0.035691
-0.012797, -0.021805, 0.000791, 0.065409, -0.068024, -0.004062
-0.027047, -0.042346, -0.003719, -0.078022, -0.095209, 0.027652
0.019558, 0.002230, -0.009726, -0.006010, -0.005474, 0.004067
0.052783, -0.004876, 0.022839, -0.076896, 0.051144, 0.029361
-0.126860, -0.038793, -0.010192, -0.003968, -0.047840, 0.026943
-0.014944, 0.027644, -0.002848, -0.008528, -0.053015, 0.118457
-0.013788, 0.132119, 0.089036, 0.030219, 0.014186, 0.062647
-0.053075, -0.019128, 0.076886, 0.007267, -0.069771, -0.022617
-0.001821, 0.021852, -0.029377, -0.053407, -0.019623, 0.019181
0.039642, -0.022510, -0.032770, 0.019765, -0.016145, -0.123674
-0.056018, -0.043822, 0.003025, 0.006434, 0.056180, 0.038286
-0.002030, -0.025306, 0.024391, 0.016814, 0.016733, -0.082429
0.003048, 0.006331, 0.021917, 0.032254, 0.089035, -0.014898
0.002336, 0.148877, 0.075305, 0.000972, 0.017222, 0.017251
-0.100236, -0.023550, 0.011167, 0.045787, -0.033084, 0.028752
0.010389, -0.071996, 0.034839, -0.083206, -0.027035, 0.024225
0.034866, -0.015948, 0.005809, -0.022584, 0.143866, -0.008995
0.043316, 0.016432, -0.023789, 0.079528, 0.005126, -0.011751
0.129669, 0.068363, -0.035638, -0.005686, -0.021091, -0.042603
0.097568, 0.000000, -0.043799, -0.107348, -0.048853, -0.025608
-0.071494, -0.043774, 0.039879, 0.084088, -0.030168, -0.013319
0.002544, -0.038472, -0.041023, -0.035508, -0.009295, 0.006990
0.020976, -0.007645, 0.101688, -0.041179, -0.002795, -0.130616
0.017519, -0.000592, 0.049802, 0.014157, -0.024522, -0.046978
-0.027835, -0.036068, 0.107585, 0.015850, -0.016880, -0.116100
-0.005892, 0.026780, 0.103760, 0.045287, 0.075112, -0.007259
-0.074415, 0.036375, 0.029173, 0.038476, -0.037544, -0.167406
0.073465, -0.021950, -0.049865, 0.085776, 0.010099, -0.062259
-0.037353, 0.012523, -0.078420, -0.009327, -0.056695, -0.005013
0.024127, -0.051805, 0.051162, -0.077602, -0.020204, -0.016406
-0.122629, -0.008235, 0.044133, -0.004876, -0.132834, 0.068093
0.017142, -0.058782, 0.043524, -0.101301, 0.010448, -0.008545
0.101039, 0.065410, 0.072470, 0.014917, 0.037734, -0.037285
-0.020491, 0.001137, 0.050798, 0.033332, 0.120643, -0.102405
-0.070282, -0.007905, 0.012438, -0.072359, 0.008060, 0.026626
0.097191, -0.000000, -0.032712, 0.026748, -0.026153, 0.003240
-0.002299, 0.003578, -0.027965, 0.073829, -0.036486, 0.071086
0.020047, 0.031554, 0.015204, 0.093224, -0.024681, 0.009448
0.023556, 0.024707, -0.055419, 0.032092, 0.004696, -0.002199
-0.059730, 0.044623, -0.036600, 0.017919, -0.099466, 0.001522
-0.048506, -0.029250, -0.067775, -0.065608, -0.003374, 0.014539
0.008283, -0.023879, 0.005087, -0.005153, -0.002836, 0.116183
0.061220, -0.018693, -0.065537, -0.010114, 0.038132, -0.036907
0.043181, 0.028555, 0.073569, -0.025457, 0.010232, -0.000181
0.051832, 0.077113, -0.037891, 0.067564, 0.061831, -0.016869
-0.049347, -0.004153, -0.041309, -0.012025, 0.091431, -0.015589
0.004020, -0.080606, 0.029912, 0.042709, 0.045931, -0.009152
0.086995, 0.079751, 0.059139, -0.058918, -0.023543, 0.005996
-0.034340, -0.075447, 0.003755, 0.001062, -0.032428, 0.042714
-0.038278, 0.061425, -0.032886, -0.023100, 0.025942, -0.074026
-0.021532, 0.043606, 0.009091, 0.003268, 0.025413, -0.024823
-0.009848, -0.000000, 0.035075, 0.055814, 0.108940, -0.008846
0.098248, 0.026332, 0.024646, 0.002521, -0.064969, -0.009446
0.089570, 0.023311, -0.039302, -0.047037, -0.133963, 0.048493
-0.037068, 0.024468, 0.015782, -0.015246, -0.027625, 0.052051
-0.020107, -0.047782, -0.061538, -0.044302, 0.090148, 0.094535
0.030176, -0.072560, -0.004559, 0.002857, 0.059033, -0.053956
-0.069454, 0.011397, 0.007911, 0.005820, -0.024678, -0.005462
0.027729, 0.066011, 0.010172, -0.010031, -0.072422, -0.023256
-0.060781, -0.004127, 0.032298, -0.075281, 0.043008, -0.029078
-0.049654, 0.093962, 0.026595, -0.064036, -0.034919, 0.064155
-0.080649, 0.037846, -0.003623, -0.020764, -0.058268, -0.030776

==============================================================================

[32] id: Flexi_Cap_10
category    : Flexi Cap
scheme      : HDFC Equity Fund - Direct Plan - Growth
section     : Stamp duty on investment: 0.005% (from July 1st, 2020)
source_url  : https://groww.in/mutual-funds/hdfc-equity-fund-direct-growth
ingested_at : 2026-10-07T06:17:36+00:00  |  chunk_index: 10
chars       : 18  |  embedding: 384-dim
------------------------------------------------------------------------------
TEXT:
from July 1st 2020

EMBEDDING (384 floats, rounded to 6 dp):
-0.005528, -0.004964, 0.020407, 0.012797, 0.036582, 0.018029
-0.024132, -0.045879, -0.058652, 0.062237, 0.029509, -0.001876
0.039458, 0.031301, 0.019227, 0.025915, 0.029155, -0.064853
0.041752, -0.040702, -0.029552, 0.023912, -0.047139, 0.010897
-0.005044, 0.030909, -0.003052, -0.021220, 0.039694, 0.016806
0.084966, -0.045665, -0.075278, 0.019486, 0.036823, -0.022707
-0.010017, -0.031961, -0.009881, 0.014985, -0.085837, -0.153053
-0.023646, 0.053961, 0.093181, 0.027024, -0.015122, 0.064952
-0.015687, 0.098590, -0.020512, -0.010330, 0.027294, -0.047701
0.010622, 0.048837, -0.007204, -0.031001, 0.041152, 0.013695
0.012180, -0.089632, -0.092812, -0.034549, -0.011575, -0.045192
0.037035, 0.025025, 0.041286, -0.063475, -0.024249, -0.004598
0.044293, -0.020794, 0.023124, 0.055101, 0.044484, 0.087545
0.085190, -0.076454, -0.024914, -0.080408, 0.063067, -0.049364
-0.035120, 0.048471, -0.050686, 0.032176, 0.031252, 0.017937
-0.021224, 0.062312, 0.005312, 0.069167, -0.130827, -0.017575
-0.015774, -0.023576, 0.093939, 0.146736, -0.020859, 0.075139
-0.032411, -0.044780, -0.035906, -0.002149, 0.062076, -0.074591
0.002944, -0.067133, -0.041359, -0.016319, 0.079644, 0.003114
-0.011955, 0.025277, 0.000276, 0.031137, 0.071093, -0.053211
0.071697, 0.037656, -0.021857, 0.011757, -0.058914, -0.015073
-0.031471, -0.000000, 0.002084, -0.009338, 0.009111, 0.086410
-0.047935, -0.032563, 0.087292, -0.072377, -0.002948, -0.035939
0.011965, -0.052459, -0.046526, -0.071680, 0.020236, -0.058852
-0.051802, -0.043993, -0.009861, 0.073274, -0.004039, -0.079600
-0.020603, -0.025747, -0.014296, -0.025149, -0.018739, -0.062194
-0.006122, 0.058382, 0.001090, -0.016142, -0.070685, -0.008283
-0.013972, 0.011680, -0.048385, -0.058484, -0.040824, -0.001396
0.083153, 0.030167, 0.035061, -0.027967, 0.027134, 0.013551
0.047815, 0.074327, 0.060952, -0.009929, -0.022204, 0.023254
-0.074867, -0.046735, 0.023945, 0.013362, -0.071629, -0.058798
0.077757, -0.036105, 0.015846, 0.065026, -0.061834, 0.012601
-0.106995, 0.006446, 0.055397, -0.030031, -0.035016, -0.007250
0.055524, 0.011959, -0.014370, -0.134821, -0.020314, -0.021353
0.119826, -0.080592, 0.038476, 0.053880, -0.028698, 0.098003
0.074597, 0.017148, 0.063048, -0.065245, 0.028190, 0.043391
0.041678, -0.089367, -0.074626, -0.082691, 0.048434, 0.060396
-0.043439, -0.000000, 0.014108, 0.107207, 0.052504, -0.009936
0.016013, -0.046024, 0.065627, 0.193857, 0.021569, 0.019052
0.035688, 0.010997, 0.081358, 0.064505, 0.000244, -0.024739
0.026101, -0.029409, -0.096948, -0.014056, -0.085152, 0.019320
-0.074742, 0.012239, -0.071278, 0.017321, 0.126294, -0.044484
-0.070826, -0.046304, -0.039966, -0.065893, -0.017325, 0.016588
0.040324, 0.035756, 0.082680, -0.035650, 0.027616, 0.029612
0.032779, 0.007047, -0.039537, 0.064123, 0.005390, 0.005171
0.032594, 0.011171, 0.052051, 0.000433, -0.043293, 0.043910
-0.049219, 0.034040, 0.002919, -0.002611, 0.011901, 0.018918
0.026135, -0.027826, -0.043333, 0.010260, -0.022728, -0.020328
0.022332, -0.050755, -0.047591, 0.069472, 0.046390, 0.062243
0.043159, -0.017016, -0.157317, -0.009101, -0.063427, -0.022333
0.014545, -0.010710, -0.000529, -0.056507, -0.052863, 0.064517
-0.040508, 0.036712, 0.071396, -0.007925, -0.009990, -0.079938
-0.028787, -0.050142, -0.065786, -0.042245, -0.017048, 0.048631
0.015301, -0.000000, 0.052224, 0.044551, -0.045483, 0.095200
0.086823, 0.048034, -0.020627, -0.045389, 0.053345, 0.031835
0.075444, 0.001098, 0.023931, 0.000915, 0.034274, 0.137698
-0.033775, 0.024088, 0.002418, -0.055969, 0.013470, 0.028930
0.083159, 0.021509, -0.018701, -0.027944, -0.065601, 0.062704
-0.024556, -0.046799, 0.013632, 0.013303, -0.023708, -0.096261
-0.050086, 0.015305, -0.096374, 0.044887, 0.048090, -0.038715
0.032367, 0.019866, 0.037841, 0.076351, 0.004458, -0.092688
-0.046156, -0.036947, -0.020173, -0.085031, -0.098562, -0.011884
0.041290, -0.022072, 0.086564, 0.047409, -0.041503, -0.039248
-0.020825, 0.025289, 0.098251, -0.048234, 0.008890, 0.035399

==============================================================================

[33] id: Flexi_Cap_11
category    : Flexi Cap
scheme      : HDFC Equity Fund - Direct Plan - Growth
section     : Tax implication
source_url  : https://groww.in/mutual-funds/hdfc-equity-fund-direct-growth
ingested_at : 2026-10-07T06:17:36+00:00  |  chunk_index: 11
chars       : 174  |  embedding: 384-dim
------------------------------------------------------------------------------
TEXT:
If you redeem within one year, returns are taxed at 20%. If you redeem after one year, returns exceeding Rs 1.25 lakh in a financial year are taxed at 12.5%.

Check past data

EMBEDDING (384 floats, rounded to 6 dp):
-0.013113, -0.037038, -0.042176, -0.021699, 0.000801, 0.034358
0.077987, 0.050187, 0.007713, 0.018998, 0.079016, 0.012598
-0.065295, -0.014643, 0.005963, 0.014451, -0.047694, -0.013140
-0.028823, -0.031359, 0.133993, -0.037194, -0.077347, -0.037466
0.100319, -0.074828, 0.002324, -0.012916, -0.032882, -0.016930
0.083141, 0.002027, -0.048639, -0.046966, -0.011587, 0.009091
0.014093, -0.064164, 0.013091, -0.037579, -0.074550, 0.034277
-0.049244, -0.046095, 0.060854, -0.042179, 0.017080, 0.058845
-0.016868, 0.106356, 0.029973, 0.120448, -0.020928, 0.054235
-0.038305, -0.093072, -0.030026, 0.098236, -0.001273, -0.113165
-0.037923, -0.034197, -0.008082, -0.024761, -0.037463, 0.007658
-0.016216, -0.077719, -0.032085, -0.036096, -0.044966, -0.079607
0.000720, -0.065477, -0.044630, -0.054217, -0.005822, 0.087366
-0.055829, -0.056838, 0.063081, 0.058092, -0.009397, -0.083742
0.013447, 0.003817, 0.018291, 0.052637, 0.037069, 0.038906
0.099699, 0.051238, 0.030601, 0.039606, -0.032467, -0.032604
-0.005574, 0.000468, 0.077146, 0.030034, -0.030091, 0.071809
-0.066267, -0.027249, 0.002674, -0.020131, 0.019718, 0.041570
0.021937, -0.052136, 0.003560, 0.061405, -0.005297, 0.028435
-0.022919, 0.066881, -0.064632, -0.019778, -0.023881, -0.038424
0.066042, 0.011591, 0.001968, -0.045002, -0.042644, -0.110508
0.047231, 0.000000, -0.026806, 0.038106, -0.033618, -0.117408
-0.040333, -0.004304, 0.071255, 0.052480, -0.025621, 0.001521
-0.032859, -0.015573, 0.039639, -0.031421, 0.020393, 0.040796
-0.041026, -0.007348, 0.078709, 0.038408, 0.028555, -0.053967
0.049512, -0.007721, -0.027336, 0.073357, -0.041467, -0.031375
-0.043225, 0.006360, 0.061356, 0.038973, 0.075098, -0.080859
-0.030570, 0.084911, 0.116410, -0.003104, 0.014019, 0.006071
0.017995, 0.049152, 0.048980, 0.004469, -0.084088, -0.067857
0.021950, 0.011542, 0.004974, 0.073814, -0.035269, 0.000627
-0.015087, -0.032780, -0.042393, -0.012877, -0.015121, -0.003144
0.008752, 0.015463, 0.034484, -0.102027, 0.008753, -0.017867
-0.080409, -0.031880, 0.106370, -0.023541, -0.010241, -0.011494
-0.021857, -0.038917, 0.027233, -0.026458, 0.035586, 0.032991
0.050504, 0.011941, 0.080188, 0.057684, -0.042607, -0.046517
-0.132837, -0.050928, 0.018373, 0.071923, 0.036257, -0.045452
0.002539, 0.017224, 0.076421, -0.044042, 0.027058, -0.061849
0.070850, -0.000000, 0.020758, 0.042477, -0.039748, 0.020913
-0.066064, 0.052009, 0.039655, 0.115740, -0.098613, 0.128879
0.002820, 0.015691, 0.053601, 0.048288, 0.030233, 0.015604
-0.013570, 0.068109, 0.010991, -0.050827, 0.023586, 0.080966
0.074546, 0.073095, -0.010962, 0.064251, -0.059416, 0.031181
0.008025, -0.019184, 0.075485, -0.007895, -0.051299, -0.045593
0.028994, -0.028053, 0.038033, -0.060023, 0.053934, 0.047898
-0.014007, 0.014052, -0.018685, -0.049187, 0.073598, -0.079100
-0.029935, 0.084721, 0.086852, -0.085502, 0.121463, 0.013366
-0.000591, -0.050396, -0.024095, 0.080600, -0.021285, -0.012731
-0.062263, -0.037881, -0.016842, -0.030185, -0.006663, 0.094552
-0.005368, -0.091618, 0.108271, -0.026848, 0.121504, -0.052444
0.007432, -0.089819, 0.025760, -0.028294, -0.014017, 0.046565
-0.050834, 0.032890, 0.090489, 0.010449, -0.003679, 0.014742
0.044537, 0.015258, 0.021747, -0.135526, 0.029663, -0.051438
0.006309, 0.001552, -0.013389, -0.014919, 0.028201, -0.006584
0.057442, -0.000000, 0.014611, -0.007696, 0.026764, 0.058103
-0.021791, 0.059400, -0.019008, -0.008634, -0.096868, -0.052190
0.052748, -0.043233, -0.090960, -0.049939, -0.064278, 0.016902
-0.035044, 0.027045, -0.005284, 0.001490, 0.078734, 0.025645
0.026084, -0.035186, -0.047578, -0.023750, 0.060730, 0.079618
0.015530, -0.043721, 0.003247, -0.004360, 0.012141, 0.000163
-0.043743, -0.059943, 0.039324, 0.020620, 0.007853, 0.012112
0.021526, -0.115443, 0.003418, -0.030628, -0.132474, -0.003857
-0.094913, -0.040273, -0.015778, -0.111173, 0.034615, 0.009855
-0.083470, -0.040385, -0.058420, 0.015726, -0.088924, 0.063321
-0.000664, -0.044228, 0.042864, -0.010637, -0.073453, -0.019798

==============================================================================

[34] id: Flexi_Cap_12
category    : Flexi Cap
scheme      : HDFC Equity Fund - Direct Plan - Growth
section     : DM Dhruv Muchhal Jun 2023 - Present View details
source_url  : https://groww.in/mutual-funds/hdfc-equity-fund-direct-growth
ingested_at : 2026-10-07T06:17:36+00:00  |  chunk_index: 12
chars       : 250  |  embedding: 384-dim
------------------------------------------------------------------------------
TEXT:
Education: Mr. Dhruv has done B.Com, CA and CFA

Experience: Prior to joining HDFC MF,he has worked with Motilal Oswal Financial Services Ltd., Goldman Sachs, CRISIL Global Research & Analytics and Deloitte Haskins & Sells

Also manages these schemes

EMBEDDING (384 floats, rounded to 6 dp):
0.010498, -0.081862, -0.084567, 0.018841, 0.012251, 0.005959
-0.023829, -0.040051, -0.017299, -0.018819, -0.022153, -0.022120
-0.040402, 0.039019, -0.004279, 0.027751, -0.012746, 0.003688
0.048736, -0.075334, -0.093033, -0.017494, 0.024280, -0.031283
-0.009157, -0.027049, -0.028747, 0.043082, -0.041491, -0.052233
0.046244, 0.066014, 0.007893, 0.017218, 0.046516, 0.086551
-0.018233, 0.046202, -0.056152, -0.084752, -0.019246, -0.051809
0.016656, 0.014254, 0.053424, -0.027332, -0.008034, 0.025012
0.025760, -0.009837, -0.096942, -0.046054, 0.008528, -0.023508
0.003650, 0.074504, 0.006557, 0.005536, 0.022222, -0.022347
-0.078726, 0.006430, -0.003189, 0.043921, 0.040330, 0.005921
-0.069790, 0.004631, -0.041129, -0.062703, -0.000288, -0.141710
-0.057318, -0.016847, 0.038994, 0.040998, -0.002860, -0.011917
0.048217, -0.089848, 0.065960, 0.054824, -0.004976, 0.055980
-0.040395, -0.086433, 0.000128, -0.036231, -0.007868, -0.063391
0.142581, 0.007732, -0.019514, 0.010273, -0.077322, -0.073111
0.019193, 0.080779, -0.029307, 0.012986, -0.003326, -0.041205
-0.062746, -0.009477, -0.090268, 0.017911, 0.050277, 0.127418
0.031282, 0.023032, 0.010776, 0.134570, -0.068872, -0.047659
0.077196, -0.035830, -0.037811, 0.026978, 0.014809, -0.063399
-0.062271, 0.060255, -0.029640, -0.113051, -0.063492, -0.047129
-0.096818, 0.000000, 0.009864, 0.064833, 0.036214, 0.001323
-0.005836, -0.001140, 0.073661, 0.006003, -0.032291, 0.037905
-0.001643, 0.114626, -0.003283, 0.009238, -0.061709, -0.084468
0.000886, -0.007710, 0.009058, 0.034297, 0.051241, 0.052136
0.021263, -0.010465, 0.098186, -0.039122, 0.094116, 0.047211
0.080982, 0.052600, -0.038071, -0.018280, -0.106553, -0.033439
-0.012105, 0.032295, -0.090361, -0.085162, -0.057031, -0.080559
-0.056467, 0.066219, -0.014754, -0.051342, -0.079444, 0.055749
0.022099, 0.081245, 0.037859, 0.022855, -0.032191, -0.060026
-0.002821, -0.000703, 0.026320, 0.080841, 0.021289, -0.050444
0.016467, 0.047071, -0.024612, 0.001502, -0.147162, -0.025685
-0.035457, -0.015043, 0.033691, -0.060863, 0.048187, -0.037787
0.024491, 0.083655, 0.040520, 0.011272, -0.054371, -0.070056
-0.044005, 0.148224, 0.026666, -0.000522, 0.043958, 0.078574
0.135130, -0.018340, 0.050617, 0.056978, 0.005985, -0.009971
-0.053616, 0.022311, -0.054239, -0.088540, 0.119300, 0.098307
0.003307, -0.000000, -0.057772, -0.051207, 0.013903, -0.011283
-0.007586, 0.041297, 0.034933, 0.008013, 0.026875, 0.000827
0.058449, 0.059903, 0.035709, -0.050487, -0.048827, -0.043467
0.017882, -0.017596, -0.034787, -0.037529, 0.068723, 0.013717
0.027878, 0.014058, 0.014127, -0.003171, 0.045210, 0.008163
-0.052374, 0.054371, 0.040870, 0.006098, -0.102425, 0.034288
-0.035618, -0.033707, -0.040504, 0.060042, -0.004746, 0.048582
-0.063290, 0.047974, 0.022058, -0.060803, -0.011069, 0.026904
-0.032077, 0.023864, 0.094192, -0.051685, -0.090458, -0.013994
-0.008495, -0.023970, -0.044708, 0.020246, 0.088551, 0.000793
-0.008676, -0.004464, -0.006698, 0.094835, 0.056979, 0.064010
0.070768, 0.069683, -0.040101, -0.049478, 0.015233, -0.089868
0.041854, -0.066459, 0.006779, -0.021101, -0.017549, -0.023957
-0.038113, -0.039629, -0.040158, 0.066711, 0.126342, -0.024781
0.010278, 0.090349, -0.014025, -0.041755, 0.055851, -0.112843
0.018519, 0.007779, -0.028424, -0.054702, 0.006157, -0.023922
0.034783, -0.000000, -0.045457, -0.017916, -0.034083, -0.062458
-0.032089, -0.021458, -0.033034, 0.031597, 0.057703, 0.065739
0.047290, -0.026287, -0.104207, 0.016733, -0.032937, -0.020809
0.053501, 0.084220, 0.024919, 0.047400, 0.089760, 0.022284
0.032737, 0.055651, 0.039954, 0.002446, -0.022357, -0.042809
0.065751, 0.066336, -0.053055, 0.015736, 0.045089, -0.040596
0.033963, 0.014624, -0.001687, -0.007791, 0.004469, 0.083980
-0.015901, 0.009328, 0.049860, 0.010165, 0.008630, -0.017968
-0.107186, 0.059042, 0.035978, 0.019583, 0.026923, -0.029088
0.023728, -0.049963, -0.008760, -0.047522, 0.017960, -0.027425
-0.005051, 0.009561, 0.076414, -0.105508, 0.050746, 0.059015

==============================================================================

[35] id: Flexi_Cap_13
category    : Flexi Cap
scheme      : HDFC Equity Fund - Direct Plan - Growth
section     : AG Amit Ganatra Feb 2026 - Present View details
source_url  : https://groww.in/mutual-funds/hdfc-equity-fund-direct-growth
ingested_at : 2026-10-07T06:17:36+00:00  |  chunk_index: 13
chars       : 325  |  embedding: 384-dim
------------------------------------------------------------------------------
TEXT:
Education: Mr. Ganatra holds a Commerce degree and is a Charted Accountant. He is also a Chartered Financial Analyst from AIMR.

Experience: Prior to joining the HDFC AMC, he has worked with Invesco Asset Management (India) Pvt. Ltd, HDFC Mutual Fund, DBS Cholamandalam AMC Pvt. Ltd. and Fidelity.

Also manages these schemes

EMBEDDING (384 floats, rounded to 6 dp):
-0.019756, -0.033748, -0.122096, 0.032222, -0.069139, 0.008799
0.035178, 0.011438, -0.026745, -0.045064, -0.082458, -0.048174
-0.084932, 0.017255, -0.032567, -0.003072, -0.019956, -0.002276
0.085311, 0.000264, -0.053566, -0.029663, -0.043293, -0.073904
0.064997, -0.035502, -0.026646, -0.026221, -0.063013, -0.090757
0.079960, 0.048774, -0.047554, 0.061343, 0.033918, 0.070576
-0.070654, 0.065626, 0.004935, -0.056444, 0.089757, 0.025302
0.010889, -0.109176, 0.061422, -0.067463, -0.000151, -0.035002
0.016541, 0.004399, -0.127726, -0.028310, 0.009098, -0.074700
0.041558, 0.032364, 0.083248, -0.044737, 0.037773, -0.028375
-0.049786, 0.083190, -0.013139, 0.006302, 0.079230, -0.068571
-0.037836, 0.084817, -0.037756, -0.056209, 0.045626, -0.079286
-0.140882, 0.010737, -0.039129, -0.023783, 0.025795, 0.038951
0.055722, -0.051161, -0.005700, 0.022394, 0.017489, 0.050485
-0.006245, 0.016975, 0.033095, 0.005257, 0.039371, -0.057189
0.104697, 0.021843, 0.021736, 0.064806, -0.016985, -0.056391
-0.008836, 0.026192, -0.067900, 0.053630, 0.076572, 0.001430
-0.084367, -0.041579, -0.123036, 0.021067, 0.101919, 0.045766
0.061613, -0.006333, -0.060567, 0.050254, -0.089353, -0.037207
-0.026419, -0.002540, -0.094425, -0.010788, 0.020232, -0.091768
-0.039143, 0.060868, 0.014747, -0.043263, 0.004206, -0.074554
-0.082196, 0.000000, -0.039164, 0.007099, 0.063137, -0.006933
-0.015948, 0.015892, 0.027368, -0.050914, 0.048695, 0.030052
0.009686, 0.082313, -0.093201, 0.019094, -0.085786, 0.024678
-0.017854, 0.028761, -0.023423, 0.005288, -0.024929, 0.045448
0.020137, -0.013040, 0.040398, -0.038244, 0.007992, -0.034201
0.052583, 0.081113, 0.065189, 0.032401, -0.097816, 0.003297
-0.023613, 0.023750, -0.051172, -0.095483, -0.105404, 0.049747
-0.060204, 0.019764, 0.034707, -0.013256, -0.116615, 0.056830
0.104086, 0.095304, 0.013849, 0.071697, -0.106668, -0.065091
-0.012164, -0.100268, 0.045867, -0.009024, -0.031164, -0.009546
0.082032, -0.023252, -0.011721, -0.019256, -0.116681, 0.013859
-0.075832, 0.009840, 0.057713, 0.006784, 0.059075, -0.009943
0.001136, -0.007040, 0.045247, 0.002810, -0.021849, -0.017352
-0.020854, 0.086431, 0.013714, 0.052855, 0.024541, 0.038235
0.099589, -0.030443, 0.012875, 0.060565, 0.086568, -0.003026
-0.011514, 0.085075, -0.026865, 0.029829, 0.067486, 0.068889
0.027476, -0.000000, -0.050892, -0.008438, 0.010351, -0.028481
-0.008440, -0.007632, 0.008740, 0.006980, 0.018515, 0.015399
0.020610, 0.004185, 0.019514, -0.032061, 0.003466, -0.103910
0.035772, -0.015615, -0.042161, -0.024001, 0.071335, 0.040935
-0.026950, 0.058098, -0.013813, -0.004351, -0.035965, -0.028511
-0.025917, -0.042779, 0.028375, 0.011471, -0.087649, 0.025843
-0.052826, -0.034228, 0.055749, 0.003861, -0.015183, 0.110566
0.010080, 0.027664, 0.016683, -0.025859, 0.027500, -0.047906
0.038415, -0.008870, 0.124502, 0.010079, -0.018329, -0.061492
0.086581, -0.028692, 0.017562, 0.011381, 0.074368, 0.012862
-0.000842, 0.009409, 0.008400, 0.075867, 0.064026, 0.106755
-0.029394, 0.045807, -0.013944, -0.078749, 0.021195, -0.085114
0.019963, -0.100472, 0.027296, -0.037074, -0.020923, 0.011348
-0.055488, -0.029980, 0.053517, -0.054540, 0.053594, 0.012557
0.010771, -0.014454, 0.002050, -0.004257, -0.022875, -0.104140
0.063055, -0.015535, -0.007466, 0.013590, 0.071370, -0.036500
-0.036532, -0.000000, -0.035667, -0.027367, -0.053114, -0.011077
-0.033216, -0.066081, -0.074311, -0.010665, 0.068978, 0.085074
0.089664, 0.023129, -0.028481, -0.054514, 0.004911, -0.063205
0.079390, 0.048578, 0.022836, 0.047163, 0.093003, 0.015081
0.046404, -0.003103, -0.003673, -0.032474, -0.000156, 0.001277
0.019615, 0.040910, -0.024032, 0.065837, 0.068103, -0.051510
-0.011039, 0.037845, 0.094797, -0.015960, 0.068164, 0.021169
-0.036548, -0.037865, 0.052208, -0.021913, -0.018778, 0.007854
-0.032973, -0.017725, 0.009662, -0.072875, -0.032430, -0.016269
0.089751, -0.051518, 0.023776, -0.011522, 0.013772, -0.040804
-0.037509, -0.046644, 0.086595, -0.083605, -0.013404, 0.063482

==============================================================================

[36] id: Flexi_Cap_14
category    : Flexi Cap
scheme      : HDFC Equity Fund - Direct Plan - Growth
section     : About HDFC Flexi Cap Direct Plan Growth
source_url  : https://groww.in/mutual-funds/hdfc-equity-fund-direct-growth
ingested_at : 2026-10-07T06:17:36+00:00  |  chunk_index: 14
chars       : 467  |  embedding: 384-dim
------------------------------------------------------------------------------
TEXT:
HDFC Flexi Cap Direct Plan Growth is a Equity Mutual Fund Scheme launched by HDFC Mutual Fund.

This scheme was made available to investors on 10 Dec 1999.

Dhruv Muchhal is the Current Fund Manager of HDFC Flexi Cap Direct Plan Growth fund.

The fund currently has an Asset Under Management(AUM) of ₹9,86,237 Cr and the Latest NAV as of 06 Oct 2026 is ₹2,179.19.

The HDFC Flexi Cap Direct Plan Growth is rated Very High risk.

Minimum SIP Investment is set to ₹100.

EMBEDDING (384 floats, rounded to 6 dp):
0.050069, -0.060165, -0.110589, 0.014776, 0.126465, 0.006333
0.001071, 0.075319, -0.056555, 0.005288, 0.007198, -0.047458
-0.101186, 0.006109, -0.003518, -0.041654, -0.081917, -0.086231
0.030522, 0.010039, 0.015310, -0.007006, 0.021482, 0.005433
0.003385, 0.014824, 0.034081, 0.071769, -0.036044, -0.027945
0.063340, 0.094821, 0.029144, -0.050622, -0.006931, 0.061485
-0.075278, 0.008521, 0.001862, -0.055731, 0.029245, -0.003795
0.039746, -0.014255, 0.055291, -0.027742, -0.056648, 0.056782
0.013631, -0.003702, 0.017836, -0.017415, 0.029506, -0.037072
0.010780, 0.070913, -0.036722, -0.014453, 0.052545, 0.028266
-0.045347, -0.028539, 0.083215, -0.025509, -0.001055, -0.026272
-0.007035, -0.008684, 0.014203, -0.037584, -0.027074, -0.082927
-0.066897, -0.067563, -0.017592, -0.007675, -0.015495, 0.061163
0.073869, -0.043760, -0.061992, -0.020589, 0.088338, 0.032371
-0.010847, 0.011042, 0.023344, -0.102162, -0.034570, -0.037248
0.038957, 0.065050, -0.001912, 0.051695, -0.114450, 0.009479
-0.069051, -0.083284, -0.057418, 0.025016, 0.015378, 0.028110
-0.045188, -0.038674, 0.000538, -0.057536, 0.017517, 0.023197
0.052720, 0.011983, 0.002996, 0.064162, -0.020239, -0.031460
-0.019429, -0.033528, -0.096492, -0.100925, 0.055931, -0.018036
-0.055789, 0.012562, 0.017057, -0.041968, -0.043054, -0.061482
-0.056550, 0.000000, -0.013681, 0.046286, -0.063052, -0.056690
-0.036642, -0.077780, 0.080390, 0.011861, -0.056484, 0.002202
0.022788, 0.055403, -0.008775, 0.050308, -0.017172, -0.154593
0.041919, 0.101974, 0.017032, -0.013330, -0.038224, 0.086551
0.079357, -0.084586, 0.145477, 0.023831, 0.022354, 0.002746
0.097842, 0.079010, -0.009099, 0.017347, -0.071077, -0.075580
-0.058123, 0.016754, -0.092136, -0.095077, -0.076116, 0.007670
0.007085, 0.067991, -0.021395, -0.070041, -0.045894, 0.047478
0.060410, 0.051138, -0.012693, 0.001332, -0.074960, -0.084273
-0.025598, -0.002221, 0.023786, 0.016487, -0.068126, -0.001461
0.064547, 0.051841, -0.046846, -0.057908, -0.154919, 0.080761
-0.045347, 0.112609, 0.053877, -0.052301, 0.055674, -0.018413
0.035157, 0.006028, 0.041007, 0.029426, -0.021815, -0.037664
0.038097, 0.110121, 0.004743, 0.059944, 0.012163, 0.098756
0.095352, -0.006317, 0.037245, -0.013157, 0.001941, 0.073022
-0.046080, -0.010895, 0.030968, -0.070389, 0.086340, -0.004263
-0.004360, -0.000000, 0.006443, -0.031141, -0.042349, -0.015497
0.021731, 0.031112, 0.008464, 0.046903, 0.028540, -0.033934
0.084675, 0.000735, -0.000872, -0.020048, -0.062247, -0.045343
0.032587, -0.045745, -0.024310, -0.024413, 0.050761, -0.044428
0.042284, 0.040117, 0.001635, -0.018532, -0.005011, 0.032725
-0.072955, 0.038279, -0.018015, -0.003486, -0.097063, 0.053274
0.012357, -0.058575, -0.034166, 0.054348, -0.007371, 0.048559
0.009552, -0.030803, 0.046308, -0.059579, -0.003863, -0.006737
0.011234, -0.051427, 0.068389, -0.015758, -0.055312, -0.067421
0.083708, -0.005841, -0.046103, -0.010173, 0.087639, 0.040994
-0.038260, -0.035612, 0.075137, 0.050865, 0.011378, 0.103228
0.005121, 0.043753, -0.065308, -0.175310, 0.007630, -0.066093
0.131875, -0.033172, 0.089923, 0.093687, -0.051576, 0.014430
0.010343, -0.015562, 0.030872, 0.057590, 0.048899, 0.026277
-0.061104, 0.085331, -0.008693, -0.090802, 0.021098, -0.059515
-0.038676, 0.037785, -0.045586, -0.026756, 0.019308, 0.029798
-0.020198, -0.000000, 0.006289, -0.019489, 0.043669, -0.043304
0.013417, 0.009560, 0.003826, -0.039001, 0.013394, -0.000229
0.079697, 0.070555, -0.025554, -0.037722, -0.056528, -0.028488
0.036352, 0.067215, 0.006609, 0.000074, 0.045685, 0.045123
0.052055, 0.018784, 0.045123, 0.003730, 0.005167, 0.030836
0.029708, -0.030152, 0.018218, 0.013338, 0.062282, 0.033065
-0.014868, 0.092288, 0.017601, 0.021288, 0.005407, 0.103213
0.026481, -0.061355, 0.050045, -0.066523, -0.026240, -0.000070
-0.050765, -0.024813, 0.034227, -0.114549, -0.030599, 0.018442
-0.023414, -0.007370, -0.037947, 0.045063, -0.027876, -0.012020
-0.048692, -0.016641, 0.028779, -0.057743, 0.001768, 0.077767

==============================================================================

[37] id: Flexi_Cap_15
category    : Flexi Cap
scheme      : HDFC Equity Fund - Direct Plan - Growth
section     : About HDFC Flexi Cap Direct Plan Growth
source_url  : https://groww.in/mutual-funds/hdfc-equity-fund-direct-growth
ingested_at : 2026-10-07T06:17:36+00:00  |  chunk_index: 15
chars       : 120  |  embedding: 384-dim
------------------------------------------------------------------------------
TEXT:
Minimum SIP Investment is set to ₹100.

Minimum Lumpsum Investment is ₹100.

Exit load of 1% if redeemed within 1 year
;

EMBEDDING (384 floats, rounded to 6 dp):
0.041177, 0.033585, -0.106244, -0.033920, -0.063326, -0.006008
0.093972, 0.114532, -0.009447, 0.009077, 0.049642, -0.068286
0.014693, 0.010342, -0.007405, -0.032587, -0.020199, -0.119642
-0.023048, 0.006169, 0.025407, -0.041580, -0.004118, -0.000788
0.097588, 0.007764, 0.064508, 0.014135, 0.061411, -0.021576
0.108793, 0.109004, 0.105001, -0.113481, 0.056353, 0.018731
-0.057958, 0.006577, 0.021968, -0.047680, 0.000773, -0.021959
-0.003575, -0.006664, 0.025235, -0.036956, -0.064465, 0.115120
0.029453, 0.034598, 0.049629, -0.001714, -0.018777, 0.027108
-0.048142, -0.109519, 0.032596, 0.068438, -0.003559, 0.023748
-0.003274, 0.011074, 0.030895, 0.007897, 0.027005, -0.003191
-0.020728, -0.016535, -0.042395, 0.057345, 0.022935, -0.082204
-0.051422, -0.097698, -0.071217, -0.011969, 0.058452, 0.033081
-0.025992, 0.037674, -0.011252, 0.003195, 0.019934, -0.044663
-0.033269, 0.014879, 0.013784, -0.031992, 0.021103, -0.038035
0.027705, 0.140626, -0.024171, 0.030128, -0.032750, 0.013133
-0.046390, -0.043128, -0.022924, 0.042683, 0.006540, -0.014829
-0.007222, -0.036809, -0.006878, -0.068472, 0.042906, -0.053336
0.028833, 0.013018, -0.091019, 0.025466, 0.048883, -0.025488
-0.060472, 0.043290, -0.020250, -0.031875, 0.053602, 0.000698
-0.004756, 0.038747, -0.007183, -0.066593, -0.081636, -0.045079
0.015348, 0.000000, -0.025980, -0.065099, -0.073906, -0.024110
-0.073846, -0.028589, 0.068987, -0.033158, -0.062345, -0.072110
-0.016179, -0.062117, -0.046713, -0.002185, 0.011556, -0.074022
0.008604, 0.076408, 0.067718, -0.043535, -0.042603, -0.081932
0.010723, -0.033574, 0.107358, 0.044123, 0.041187, -0.092180
0.087583, 0.034733, 0.090847, 0.059675, -0.056514, -0.046612
-0.040735, 0.052432, 0.048157, -0.000183, -0.034205, -0.038573
-0.023978, 0.024153, 0.032988, -0.046992, -0.019165, 0.005028
0.051790, 0.036459, -0.018772, 0.048666, -0.048660, -0.043938
-0.086133, 0.073098, -0.008803, -0.076937, -0.064012, -0.066828
-0.041178, -0.041325, -0.003478, -0.096432, -0.080165, 0.013717
-0.028207, 0.058221, -0.018948, -0.031993, 0.010388, 0.002140
-0.040090, -0.055308, 0.077840, -0.032141, 0.014761, 0.026590
0.095544, 0.070364, 0.044077, 0.069735, -0.028071, 0.057112
-0.007815, -0.040558, 0.044597, 0.013838, 0.049489, 0.003235
-0.048095, 0.017825, -0.031629, -0.032459, -0.000191, 0.070463
0.059111, -0.000000, -0.052915, 0.059270, 0.020422, 0.052563
0.016675, 0.025719, 0.098555, 0.084679, 0.052540, 0.061126
-0.052910, 0.033687, 0.016888, 0.018295, -0.073817, -0.013564
0.028761, 0.012206, 0.029964, 0.007554, 0.033150, 0.019076
0.027455, 0.067157, -0.012813, 0.051418, -0.069610, 0.004000
-0.070100, -0.041420, -0.016315, -0.023165, -0.121921, 0.045107
-0.063560, -0.085029, 0.044879, 0.003201, 0.003253, 0.045295
0.064852, 0.019517, 0.005371, -0.076066, 0.041272, -0.097050
0.042239, -0.026389, 0.022964, -0.099428, 0.042428, -0.025292
0.070027, 0.128618, -0.002781, 0.052849, 0.053323, 0.007674
0.007460, -0.040099, 0.042166, 0.058091, -0.032544, 0.029899
-0.001909, -0.015442, -0.006295, -0.016290, 0.057494, -0.091961
0.034702, 0.045043, 0.108015, -0.008930, -0.024894, 0.024890
-0.026278, -0.101832, 0.058634, 0.008936, -0.028784, 0.126279
-0.019181, 0.000720, 0.038393, -0.039955, 0.033420, -0.109797
0.014050, 0.014693, -0.110370, 0.041064, 0.050977, 0.039273
-0.019790, -0.000000, -0.047723, -0.026871, 0.044077, -0.003945
0.085127, -0.029834, -0.022520, -0.032172, 0.009281, -0.013352
0.067340, -0.005876, -0.068971, -0.012887, -0.093497, -0.040855
-0.013688, 0.010027, -0.031536, -0.066837, 0.041702, 0.027379
0.030164, -0.002091, -0.046336, -0.008193, 0.096683, 0.060502
0.022408, -0.030946, -0.046909, 0.062634, 0.058741, -0.024883
-0.145189, 0.062700, 0.063926, 0.044138, -0.036741, 0.077536
0.016650, -0.122729, -0.001199, -0.092206, -0.063187, 0.024502
-0.065885, 0.009145, 0.001184, -0.078113, 0.071493, 0.012441
-0.039107, 0.017287, -0.003585, -0.048273, -0.044558, 0.054352
-0.055515, -0.019477, 0.006597, -0.006359, 0.010038, 0.034814

==============================================================================

[38] id: Flexi_Cap_16
category    : Flexi Cap
scheme      : HDFC Equity Fund - Direct Plan - Growth
section     : Investment Objective
source_url  : https://groww.in/mutual-funds/hdfc-equity-fund-direct-growth
ingested_at : 2026-10-07T06:17:36+00:00  |  chunk_index: 16
chars       : 217  |  embedding: 384-dim
------------------------------------------------------------------------------
TEXT:
The scheme seeks to generate capital appreciation / income from a portfolio, predominantly invested in equity & equity related instruments.

Fund benchmarkNIFTY 500 Total Return Index: Scheme Information Document(SID)

EMBEDDING (384 floats, rounded to 6 dp):
0.021719, 0.039121, -0.101180, 0.003384, 0.039446, 0.012423
-0.003620, 0.029740, -0.010700, 0.020310, -0.130021, -0.033351
0.033112, -0.078434, -0.061014, 0.004063, 0.008103, -0.025374
0.033588, 0.061520, 0.029055, -0.005144, -0.017554, -0.042171
0.029608, 0.024055, 0.066876, 0.008247, -0.023826, 0.022383
0.038238, 0.053334, 0.021989, -0.067501, -0.105423, 0.094801
-0.051254, -0.005890, -0.009947, 0.032967, 0.008678, 0.003676
0.028038, -0.045773, 0.043233, -0.015093, -0.060561, 0.007989
-0.026529, 0.027241, -0.065255, 0.016223, -0.039556, 0.046301
-0.068782, 0.008799, -0.078446, 0.004498, -0.000797, -0.062715
0.026766, -0.017458, 0.063000, 0.029941, 0.115991, -0.021709
-0.062103, -0.043283, -0.009585, -0.092133, -0.019635, -0.032579
-0.044761, -0.046469, 0.029917, 0.059283, 0.023459, 0.005216
0.044260, -0.104728, 0.026787, 0.081875, 0.048933, -0.029679
0.010442, 0.072072, 0.056277, 0.022766, 0.033827, -0.005453
0.060626, -0.031428, -0.028783, -0.012828, -0.039543, -0.044413
-0.058968, -0.057603, -0.004287, 0.075097, 0.019282, 0.005174
-0.042128, -0.074933, -0.075050, -0.083057, 0.087829, 0.030728
0.017459, -0.040787, -0.043370, 0.112143, -0.009305, -0.050751
-0.010220, 0.064518, -0.065241, 0.009109, 0.080161, 0.060296
0.075466, -0.032709, -0.008218, 0.006024, -0.033340, -0.021779
-0.038159, 0.000000, -0.053202, 0.057684, 0.134478, -0.040138
-0.053046, -0.043637, 0.013356, -0.082628, -0.061183, -0.012081
0.011636, 0.117249, 0.035232, 0.066432, 0.014456, -0.075353
-0.034461, 0.104103, 0.072165, -0.051100, 0.067038, 0.028529
0.019812, -0.022478, 0.037495, 0.083617, 0.000231, 0.045909
-0.026881, 0.047163, 0.030616, 0.053760, -0.039644, -0.108262
-0.024564, 0.083630, 0.017746, -0.071771, 0.025787, 0.000994
-0.028455, 0.015393, 0.036133, -0.037639, -0.145195, 0.043993
0.017775, 0.066629, 0.042131, 0.084489, -0.063517, -0.033186
-0.035533, -0.018981, 0.021588, -0.060042, -0.049420, -0.032601
-0.032823, 0.003767, 0.049941, -0.101079, -0.093350, -0.027978
-0.165074, 0.016363, 0.043547, -0.005151, 0.100533, 0.043952
-0.036851, 0.091194, -0.008139, -0.004596, -0.008549, -0.038568
0.037686, 0.077454, -0.007579, 0.062514, -0.029997, -0.027418
-0.011578, -0.041404, 0.080138, 0.048719, 0.029460, -0.008428
-0.072121, -0.067731, 0.032472, -0.001187, -0.006940, -0.021101
-0.042376, -0.000000, -0.000727, -0.029494, -0.031926, 0.030968
0.012133, -0.040285, 0.018145, 0.004136, -0.056838, 0.050447
0.030004, -0.041608, 0.040905, 0.017798, 0.000615, -0.055455
-0.007610, -0.047514, 0.042515, -0.054487, 0.093614, 0.037429
0.013718, -0.009281, -0.044316, 0.064585, -0.086965, 0.046413
-0.062096, -0.025456, -0.026222, -0.040489, -0.080256, 0.017023
-0.033509, 0.019401, 0.021243, -0.062219, -0.051212, 0.064505
0.016641, 0.026068, 0.021286, 0.019135, 0.002580, -0.034247
0.035472, 0.036971, 0.142786, -0.035898, 0.025366, 0.015784
0.038166, 0.038777, -0.076115, 0.025371, -0.021518, -0.000600
-0.021089, -0.012496, 0.020862, 0.080738, -0.055139, 0.129402
0.005804, -0.031375, 0.042016, -0.096198, -0.042585, -0.013035
0.051528, -0.066670, 0.081240, 0.020614, -0.053544, 0.043117
0.026151, -0.027797, -0.020952, 0.066464, -0.001501, 0.014458
0.061093, 0.065876, 0.003554, 0.000342, 0.000674, -0.061853
-0.066362, 0.058967, -0.075701, 0.018876, 0.045855, 0.078200
0.067990, -0.000000, -0.019357, -0.042338, -0.034792, -0.023577
-0.051557, -0.004204, -0.012250, -0.083616, -0.057606, -0.032906
0.063526, 0.016565, -0.083477, 0.038397, 0.019266, -0.040699
-0.019795, 0.066740, -0.003260, -0.011163, -0.015750, 0.015732
0.075676, -0.116826, 0.004476, 0.065150, 0.083403, 0.048267
0.068647, -0.017426, -0.056656, 0.037822, 0.055881, -0.035411
-0.037275, 0.114454, -0.027553, 0.091441, 0.033614, 0.073105
0.019472, -0.051896, 0.049085, -0.017215, -0.001365, 0.047994
-0.081033, -0.000509, 0.033760, -0.144029, -0.043264, -0.030949
-0.070668, -0.000397, -0.027145, 0.026138, -0.077401, 0.002938
-0.004934, -0.027071, 0.017329, 0.001090, 0.000957, -0.029271

==============================================================================

[39] id: Flexi_Cap_17
category    : Flexi Cap
scheme      : HDFC Equity Fund - Direct Plan - Growth
section     : Fund house
source_url  : https://groww.in/mutual-funds/hdfc-equity-fund-direct-growth
ingested_at : 2026-10-07T06:17:36+00:00  |  chunk_index: 17
chars       : 475  |  embedding: 384-dim
------------------------------------------------------------------------------
TEXT:
![AMC Image

HDFC Mutual Fund](/mutual-funds/amc/hdfc-mutual-funds)

Rank (total assets)#2 in India

Total AUM₹9,86,236.84 Cr: Date of Incorporation10 Dec 1999

Phone022 – 66316333

E-mail[[email protected]](https://mail.google.com/mail/?view=cm&fs=1&tf=1&to=shareholders.relations@hdfcfund.com&su=Hello&shva=1)

Website<http://www.hdfcfund.com>

Launch Date10 Dec 1999: Address"HDFC House", 2nd Floor, H. T. Parekh Marg, 165-166, BackbayReclamation, Churchgate Mumbai 400020

EMBEDDING (384 floats, rounded to 6 dp):
0.048723, -0.081122, -0.086029, 0.011180, 0.053011, 0.058185
0.014106, 0.051342, -0.040416, -0.033225, -0.010360, -0.046440
-0.033735, -0.056065, -0.042965, -0.042915, -0.031895, -0.060654
0.053690, 0.019255, -0.033875, -0.032406, 0.008007, 0.022156
0.065675, 0.015579, 0.010553, 0.046407, -0.050961, -0.048551
0.066551, 0.051695, 0.039090, 0.004668, 0.052873, 0.074288
-0.060738, -0.018935, 0.032269, -0.057291, 0.035331, -0.010880
0.059668, -0.069016, 0.041988, 0.001796, -0.008415, 0.057030
0.013166, 0.014428, -0.010484, 0.038860, 0.008511, -0.041832
0.025347, 0.075717, 0.000850, -0.054470, 0.038900, -0.028367
0.021113, 0.031658, 0.046282, -0.017774, 0.099359, -0.034184
-0.011691, 0.007617, 0.041290, -0.031306, 0.036733, -0.076494
-0.040867, -0.036781, -0.069883, 0.016733, -0.016368, 0.042241
0.055147, -0.116018, -0.025529, -0.006334, 0.098547, 0.056208
-0.039472, 0.052089, 0.087757, -0.031355, -0.026349, -0.018304
0.099992, 0.068273, -0.001861, 0.025958, -0.052732, -0.044511
-0.058133, 0.005050, -0.022778, 0.016284, 0.038859, 0.016401
-0.040518, -0.081064, -0.055287, -0.004971, -0.019039, 0.061957
0.086960, -0.035144, -0.072404, 0.073917, -0.037440, -0.040056
-0.057374, -0.022942, -0.043478, -0.110274, 0.043760, -0.069187
0.018282, 0.014583, -0.019578, -0.087088, -0.031323, -0.106671
-0.027801, 0.000000, -0.045047, 0.053802, 0.025827, -0.053342
-0.012969, -0.068484, 0.034913, -0.007906, -0.032111, 0.026030
-0.050628, 0.025221, -0.037214, -0.092726, -0.125852, -0.105904
0.001733, 0.044609, 0.020574, -0.020032, -0.011730, 0.065266
0.010338, -0.024296, 0.045622, -0.022285, 0.041510, 0.014665
0.047411, 0.064914, 0.075288, -0.005829, -0.073989, -0.057178
-0.017922, -0.042260, -0.022414, -0.057224, -0.111576, 0.016139
0.035825, 0.054562, -0.032701, -0.044905, -0.000223, 0.050751
0.099376, 0.104748, 0.092904, 0.032283, -0.136040, -0.069782
0.001603, -0.021953, 0.037069, -0.008811, -0.067642, -0.032959
0.017898, 0.020510, 0.016577, -0.002222, -0.148383, 0.012952
-0.083797, 0.012108, 0.077542, -0.005422, 0.027811, -0.011764
0.055002, -0.029918, 0.069037, 0.023850, -0.037953, -0.052877
-0.011065, 0.076770, 0.036575, 0.062994, -0.004851, 0.067277
0.031768, -0.016569, 0.077450, 0.019338, 0.029675, -0.025169
-0.055311, 0.047903, -0.007938, -0.037630, 0.038430, 0.021593
0.009810, -0.000000, 0.015105, 0.002680, -0.017030, -0.012667
0.009982, 0.063187, 0.042707, 0.087455, 0.054945, 0.041779
0.110838, 0.031144, -0.002493, -0.086057, -0.043373, -0.041454
0.020353, -0.037090, -0.075154, -0.007819, 0.039373, 0.023670
0.010348, 0.081856, -0.032448, 0.061638, 0.022673, 0.064080
0.002917, 0.028059, 0.043567, 0.003244, -0.124397, 0.108598
-0.062476, -0.099695, 0.046755, 0.058851, -0.028238, 0.031073
-0.009470, 0.072103, 0.050391, -0.012123, 0.014831, -0.038717
0.014780, -0.040374, 0.075573, -0.001206, -0.016809, -0.088496
0.069795, -0.035342, -0.076511, 0.059114, 0.089825, 0.077975
-0.003243, 0.006408, 0.057700, 0.083724, 0.018892, 0.115878
-0.000664, 0.007352, -0.062128, -0.057769, 0.028134, -0.070732
0.040697, -0.052368, 0.027789, 0.037035, -0.000162, 0.067355
0.018828, -0.000997, 0.047838, 0.037057, 0.124886, 0.054786
-0.027858, 0.069163, -0.035299, -0.051524, -0.005913, -0.074969
0.021439, 0.010947, -0.065057, -0.025895, 0.036524, 0.053838
-0.032044, -0.000000, -0.001147, -0.057263, 0.032813, -0.069214
-0.005387, -0.090836, 0.014409, 0.011443, 0.013923, -0.018831
0.012814, 0.016356, -0.117418, -0.017603, -0.061468, -0.103735
-0.056095, 0.070097, -0.016625, -0.049092, 0.042532, 0.003697
0.085954, -0.019890, 0.028876, 0.009777, 0.021504, -0.043512
-0.016124, 0.034946, 0.012389, 0.029659, 0.003612, 0.008204
-0.067268, 0.083854, 0.046157, 0.019297, -0.012709, 0.050625
-0.004122, -0.072591, 0.023493, -0.025006, 0.029081, -0.015265
-0.073773, -0.006593, 0.050747, -0.127989, -0.015827, -0.033400
-0.038973, -0.031929, -0.095195, 0.019924, -0.056424, -0.000315
-0.014460, -0.002034, 0.093711, -0.065186, -0.005497, 0.069777

==============================================================================

[40] id: Flexi_Cap_18
category    : Flexi Cap
scheme      : HDFC Equity Fund - Direct Plan - Growth
section     : Fund house
source_url  : https://groww.in/mutual-funds/hdfc-equity-fund-direct-growth
ingested_at : 2026-10-07T06:17:36+00:00  |  chunk_index: 18
chars       : 486  |  embedding: 384-dim
------------------------------------------------------------------------------
TEXT:
CustodianDeutsche Bank: Registrar & Transfer AgentCams

Email[[email protected]](https://mail.google.com/mail/?view=cm&fs=1&tf=1&to=enq_h@camsonline.com&su=Hello&shva=1)

Websitewww.camsonline.com: Address7th Floor, Tower II, Rayala Towers, 158, Anna Salai,
HDFC Flexi Cap Direct Plan Growth

Vaishnavi Tech Park, South Tower, 3rd FloorSarjapur Main Road, Bellandur, Bengaluru – 560103Karnataka

GROWW: PRODUCTS

915 TerminalCredit

© 2016-2026 Groww. All rights reserved.Version: 8.0.5

EMBEDDING (384 floats, rounded to 6 dp):
0.003236, 0.005924, -0.059976, -0.006753, -0.041741, 0.006981
-0.036330, 0.016581, -0.051495, -0.059221, -0.008921, -0.096738
-0.010447, -0.054072, -0.050075, -0.018361, -0.028561, -0.025573
0.007763, -0.008092, -0.007490, -0.035549, -0.054671, -0.075679
0.047034, 0.001394, -0.027545, 0.045716, -0.007799, -0.102650
0.054309, 0.056885, -0.008156, 0.012069, 0.103043, 0.040264
-0.042952, 0.013935, 0.045199, -0.069823, 0.009410, -0.019960
-0.007682, -0.018797, 0.074940, 0.026281, 0.009238, 0.011755
0.002358, -0.032200, -0.023302, -0.034091, 0.046944, -0.014456
-0.072187, 0.040862, 0.057605, -0.058729, 0.088416, -0.059391
0.091283, 0.054414, -0.031454, -0.054702, -0.011102, -0.055185
-0.027484, 0.043343, 0.031051, -0.109533, 0.010342, -0.032457
-0.053314, 0.019825, -0.036147, 0.074317, -0.007914, 0.040082
0.111683, -0.036444, -0.062579, -0.056530, 0.002268, 0.092972
-0.030070, 0.018879, 0.047253, -0.036164, 0.044094, -0.083545
0.045342, 0.071359, 0.005430, -0.000344, -0.048802, -0.059792
-0.092009, -0.072095, -0.081395, 0.043110, -0.003205, 0.058802
0.002386, 0.051344, -0.034983, -0.016062, 0.018917, 0.086424
0.025550, -0.086166, -0.044066, 0.028004, 0.000860, -0.016007
0.034742, 0.059735, -0.096806, -0.047282, 0.020280, -0.037576
0.054858, 0.023225, -0.119187, -0.076123, -0.106129, -0.089602
0.066229, 0.000000, -0.009940, 0.102546, 0.048941, -0.015623
0.106515, -0.043475, -0.088717, 0.031205, -0.034080, 0.054247
-0.028449, -0.044485, -0.011014, -0.033289, 0.000457, -0.042613
0.057566, 0.028622, 0.002655, 0.063021, -0.021077, -0.030132
0.053415, -0.023982, 0.067596, 0.008811, -0.008476, 0.017278
0.055537, 0.037112, 0.056496, -0.034030, -0.025800, 0.006203
-0.027324, 0.001402, 0.001618, -0.096150, -0.039663, 0.005043
0.032057, 0.029853, -0.005544, -0.008170, 0.076815, 0.064961
0.075681, 0.021854, 0.091128, 0.022327, -0.116105, 0.018308
-0.142352, 0.003378, 0.044756, -0.042949, 0.045041, 0.039234
0.055067, -0.003181, -0.034828, -0.013745, -0.110496, 0.036240
-0.061910, -0.073573, 0.026375, 0.023111, 0.070098, -0.041567
-0.034881, 0.021060, 0.105988, 0.051032, -0.068943, -0.015795
-0.114497, 0.079408, 0.001904, 0.050654, -0.014376, 0.051340
-0.016677, -0.082971, 0.119610, 0.009097, 0.081451, -0.023290
0.019744, 0.039042, -0.083722, 0.006420, 0.063832, 0.031584
-0.023996, -0.000000, 0.038924, -0.072436, -0.040836, -0.021187
0.007932, 0.075536, -0.018948, -0.052906, 0.053368, 0.016522
-0.034097, 0.076417, 0.022067, -0.020314, -0.008832, -0.000039
0.060408, -0.067295, -0.058744, -0.015842, 0.024353, 0.046190
-0.109068, 0.097102, -0.025460, 0.069006, -0.047657, 0.002171
-0.004651, 0.063970, -0.052375, -0.043300, -0.085665, 0.120448
-0.030009, -0.130942, 0.081636, 0.057081, 0.044076, 0.091494
0.047631, 0.024347, 0.022722, 0.005516, 0.022927, -0.081217
0.036590, -0.101065, -0.026577, 0.000578, 0.037927, -0.049073
-0.015141, -0.015714, 0.005603, 0.040814, 0.096356, 0.021008
-0.023109, -0.053636, 0.081112, 0.018200, 0.051390, 0.096848
-0.001237, 0.036429, 0.045743, 0.036227, 0.012385, -0.110450
-0.032533, -0.011931, 0.041324, 0.004806, -0.078339, -0.007050
-0.033369, 0.040045, 0.010996, 0.024078, 0.018445, -0.001987
0.006636, -0.001968, 0.027439, -0.087617, -0.009152, -0.016212
0.083628, -0.068934, -0.096428, -0.039999, 0.033770, -0.023353
-0.001175, -0.000000, -0.022746, -0.027802, -0.030438, 0.017087
0.081567, -0.125895, 0.038502, 0.034320, -0.011067, -0.016274
0.012188, -0.001415, -0.027418, -0.022012, 0.021700, -0.010072
0.028609, 0.000835, -0.004431, -0.011042, 0.021008, 0.034189
0.043246, -0.039622, -0.070018, -0.026504, 0.004897, 0.005841
0.030185, 0.019829, 0.031546, 0.022873, 0.069904, -0.040234
-0.005687, 0.091476, 0.086039, -0.019086, 0.030704, 0.014543
0.015123, -0.052858, 0.012836, -0.017377, 0.009495, -0.019024
-0.016604, -0.011983, 0.053661, -0.100926, -0.067848, -0.014640
0.033034, 0.044114, 0.004269, 0.054692, -0.091257, -0.035044
-0.001069, 0.046716, 0.075227, -0.068013, -0.014408, -0.025012

==============================================================================

[41] id: Flexi_Cap_19
category    : Flexi Cap
scheme      : HDFC Equity Fund - Direct Plan - Growth
section     : Fund house
source_url  : https://groww.in/mutual-funds/hdfc-equity-fund-direct-growth
ingested_at : 2026-10-07T06:17:36+00:00  |  chunk_index: 19
chars       : 273  |  embedding: 384-dim
------------------------------------------------------------------------------
TEXT:
All rights reserved.Version: 8.0.5

Share Market: Indices

ETFs: Funds By Groww

Calculators: Miscellaneous

Others:: NSEBSEMCXTerms and ConditionsPolicies and ProceduresPrivacy PolicyDisclosureSMART ODRBug BountyGroww Pay - Terms of useGroww Pay - Privacy policyGroww IFSC

EMBEDDING (384 floats, rounded to 6 dp):
0.014900, 0.034039, -0.049562, 0.062366, 0.075239, -0.014139
0.059326, -0.055827, -0.013028, 0.033404, 0.025716, -0.077272
-0.047521, -0.022753, -0.079894, -0.046802, -0.067302, -0.028331
-0.038022, -0.001521, 0.016636, -0.005903, -0.025557, -0.063789
0.083739, -0.035465, 0.009746, 0.037755, -0.023465, -0.051961
0.011247, 0.009999, 0.028009, 0.017524, -0.004390, 0.002165
-0.047042, -0.068187, -0.049298, -0.014657, 0.036923, -0.086300
0.000466, 0.012507, -0.041435, 0.005849, -0.017975, 0.054690
0.016595, 0.042341, 0.021358, -0.022316, 0.022698, 0.050750
0.044244, -0.020663, -0.073956, -0.025960, 0.034824, -0.006675
0.010637, -0.005398, -0.033916, 0.078251, -0.048256, 0.010706
0.043894, 0.036591, -0.073643, -0.052539, 0.020982, 0.022031
-0.074682, 0.024218, 0.013821, 0.079794, 0.030762, -0.051400
0.088674, -0.087553, -0.068595, 0.021529, 0.053648, -0.009769
-0.032635, -0.010969, 0.024022, -0.017438, 0.098148, -0.031870
0.059696, 0.045148, -0.030744, -0.022709, -0.022526, -0.008401
-0.046669, -0.055509, -0.129975, 0.040090, 0.007954, -0.005236
-0.024182, 0.011707, -0.026634, -0.048224, 0.061575, 0.037968
0.006295, 0.041939, 0.001094, 0.029614, 0.041916, -0.050039
-0.006090, 0.020988, -0.129637, -0.032821, 0.084266, -0.051950
0.089210, 0.074642, -0.072293, -0.032779, -0.087845, -0.050875
-0.062594, 0.000000, -0.054828, -0.021155, -0.013248, -0.054709
0.035366, -0.031673, 0.034585, 0.009446, -0.083263, -0.022086
-0.013909, 0.078461, -0.008487, -0.006559, 0.031546, -0.015655
0.042823, 0.149084, 0.151820, 0.062155, 0.059209, -0.007005
0.032517, 0.016501, -0.011120, -0.008736, -0.002335, -0.101286
0.113335, 0.039785, 0.040909, -0.020252, 0.006500, -0.090075
0.043684, 0.002363, -0.018696, 0.006946, -0.012738, -0.015147
0.032008, 0.001688, -0.011019, -0.101976, -0.143779, 0.021446
0.034912, 0.023439, 0.101330, 0.063222, -0.035561, -0.016547
-0.022615, -0.052611, 0.025142, 0.039154, -0.048127, -0.006845
-0.023570, -0.047973, -0.040678, -0.006093, 0.000152, -0.055032
-0.099619, 0.005833, -0.043527, -0.023749, -0.035266, 0.058721
-0.029854, 0.039304, 0.086752, 0.049962, -0.038723, -0.040336
-0.014244, 0.074169, 0.071171, -0.022419, -0.042830, -0.004751
0.023117, 0.014880, 0.024660, -0.000099, -0.020286, 0.057684
0.036146, -0.020949, -0.005629, -0.088302, 0.006951, -0.067762
-0.084736, -0.000000, -0.041942, 0.024140, -0.034040, -0.027401
-0.005609, 0.055904, 0.028339, -0.024266, 0.072295, 0.020592
-0.024813, 0.090683, -0.008058, -0.085368, 0.032718, -0.078934
-0.004964, -0.025638, -0.061938, -0.017975, -0.097479, 0.025330
0.028026, 0.094301, 0.045352, -0.043225, -0.030595, 0.063381
-0.046207, 0.021055, -0.006784, -0.026252, -0.111277, 0.071067
-0.021989, -0.050249, 0.084648, -0.018114, -0.010654, 0.037904
0.048819, -0.013647, 0.008735, 0.056859, 0.026093, -0.015845
-0.008609, 0.004464, 0.073931, 0.002623, -0.025547, -0.042329
0.028642, 0.014458, -0.105315, 0.082684, 0.066576, 0.040567
-0.007653, -0.037984, 0.028409, -0.001466, -0.036158, 0.100388
-0.006048, -0.003913, -0.113766, -0.057106, -0.032291, -0.066717
0.100647, -0.065124, -0.000789, -0.041853, -0.000361, 0.060719
0.099923, -0.011013, -0.037135, 0.094548, 0.075872, 0.047041
0.046746, -0.003766, 0.004388, 0.017574, 0.060427, 0.039527
-0.028406, 0.022313, -0.115276, -0.046004, 0.008208, 0.066205
0.010595, -0.000000, -0.087566, -0.000432, -0.004081, 0.022526
0.059491, -0.007045, 0.059075, -0.024126, -0.012001, 0.022658
0.092973, 0.012465, -0.097834, -0.011402, 0.001419, -0.105993
-0.118307, 0.039478, -0.042901, -0.051188, -0.049511, 0.017787
-0.053819, -0.022028, 0.020565, 0.002513, 0.063271, 0.015648
0.030457, 0.078925, 0.010650, 0.045778, -0.026358, -0.025514
-0.011436, 0.066443, -0.039025, 0.100102, 0.032303, 0.078794
-0.015885, 0.022016, 0.042906, -0.028496, -0.069122, 0.055240
-0.104241, -0.009512, 0.091559, -0.117343, -0.012112, -0.059075
0.009286, 0.064338, -0.004664, -0.004821, -0.061386, -0.014102
0.004314, 0.031081, 0.095689, -0.125313, -0.013016, 0.056687

==============================================================================

[42] id: Hybrid_0
category    : Hybrid
scheme      : HDFC Balanced Advantage Fund - Direct Plan - Growth
section     : Key facts
source_url  : https://groww.in/mutual-funds/hdfc-balanced-advantage-fund-direct-growth
ingested_at : 2026-10-07T06:17:39+00:00  |  chunk_index: 0
chars       : 111  |  embedding: 384-dim
------------------------------------------------------------------------------
TEXT:
NAV: 06 Oct '26: ₹552.06

Min. for SIP: ₹100

Fund size (AUM): ₹1,07,295.79 Cr

Expense ratio: 0.78%

Rating: 5

EMBEDDING (384 floats, rounded to 6 dp):
0.039801, -0.003385, -0.116745, 0.074397, 0.017279, -0.016876
0.069778, 0.063127, -0.010362, 0.019887, -0.009225, -0.109737
-0.088527, 0.032126, -0.013358, -0.071437, -0.037316, -0.132740
0.010066, 0.020739, 0.019877, 0.026407, 0.026362, 0.014766
0.044810, -0.025890, 0.050227, 0.029167, -0.033005, -0.063336
0.095693, 0.141979, 0.116855, -0.068159, -0.026775, -0.030758
-0.044750, 0.018972, 0.026046, -0.064639, 0.005673, -0.010886
0.042231, -0.043003, 0.027627, -0.005428, -0.037365, 0.123035
0.019466, 0.061818, 0.004736, 0.030548, -0.031881, -0.062326
-0.027421, 0.022864, -0.055224, -0.011736, 0.013109, -0.004954
0.016100, 0.051761, -0.063299, 0.039923, 0.039238, -0.013970
-0.046831, 0.020067, 0.025174, 0.046987, 0.032070, -0.103125
0.019969, -0.105518, -0.028909, 0.014298, 0.013924, 0.004237
-0.029900, 0.024766, -0.005435, -0.046965, 0.051891, 0.020676
0.049467, -0.006480, 0.073493, -0.044336, -0.049581, -0.068476
0.068275, 0.088951, -0.010262, 0.026798, -0.033021, 0.013979
0.004980, -0.078126, 0.003045, 0.051925, 0.044490, 0.103054
-0.033825, -0.008510, 0.000938, -0.013583, 0.076517, 0.066297
0.072258, 0.035122, -0.048388, 0.072500, -0.017807, -0.048431
-0.028552, 0.002604, -0.079921, -0.036112, 0.113449, 0.061110
-0.034788, 0.059257, -0.009104, -0.048641, -0.036428, -0.059959
0.014319, 0.000000, -0.081758, -0.010671, -0.064375, -0.056646
-0.005682, -0.000613, 0.065969, -0.054262, -0.017857, -0.056032
-0.030033, 0.005254, -0.011034, -0.012548, -0.006120, -0.049396
0.022872, 0.047742, -0.020189, -0.044698, -0.019207, 0.000932
0.025405, -0.023957, 0.118055, 0.015688, 0.014846, -0.038646
0.059196, 0.044654, 0.027370, 0.026995, -0.039314, -0.015936
-0.064398, 0.052170, -0.035071, -0.024721, -0.082354, -0.057840
-0.013822, 0.052576, 0.008007, -0.059401, -0.104793, 0.019984
0.035870, 0.061708, 0.006679, 0.031911, -0.109484, -0.045883
-0.068488, 0.055152, 0.026204, -0.048623, -0.033421, -0.025218
-0.009812, -0.052896, 0.008340, -0.063770, -0.109635, -0.062906
-0.054462, 0.034643, -0.018672, -0.069538, 0.036164, -0.027690
-0.037275, 0.006055, 0.107722, 0.089048, -0.037543, 0.017913
0.054482, 0.005949, -0.007996, 0.141197, -0.011799, 0.060903
0.068659, -0.035045, 0.086408, -0.022041, 0.050149, -0.006697
-0.014914, 0.005960, 0.006473, 0.000518, 0.043153, -0.021635
-0.028783, -0.000000, -0.017624, 0.014180, -0.011259, 0.095175
-0.011151, 0.011460, 0.043332, 0.101301, 0.034896, 0.003589
-0.016474, 0.075702, 0.067731, -0.016382, -0.013322, -0.024894
0.054570, -0.000238, 0.020189, -0.009053, -0.013322, 0.045861
0.062949, -0.000254, -0.037682, 0.014748, 0.020724, -0.039831
-0.086355, -0.050472, 0.004035, -0.010891, -0.090889, 0.096322
-0.046223, -0.041272, 0.020807, 0.035999, -0.009608, 0.083164
0.061239, 0.030910, -0.023677, -0.108894, 0.086377, -0.095904
0.059911, -0.013777, 0.030585, -0.101035, 0.038055, -0.038303
0.050511, 0.056950, 0.011021, 0.023084, 0.044336, -0.008101
0.018421, -0.069305, 0.062281, 0.095511, 0.002911, -0.007810
0.000190, -0.027175, -0.038316, -0.021174, 0.038122, -0.054775
0.000655, -0.046951, 0.037387, 0.073645, -0.003563, 0.037764
-0.031628, -0.004350, 0.060324, 0.034436, 0.023537, 0.116296
0.014546, 0.031404, -0.010860, -0.003269, 0.080194, -0.093674
0.028472, 0.023043, -0.044331, -0.006923, -0.000264, 0.038998
0.049896, -0.000000, -0.009845, -0.046016, 0.009922, 0.010537
0.030288, -0.016734, -0.079854, -0.001876, -0.002131, 0.075627
0.075151, -0.026963, -0.105109, -0.009715, -0.114232, -0.045577
-0.026156, 0.079063, -0.027745, -0.104954, 0.052978, 0.036523
0.024490, 0.031336, 0.017146, -0.003520, -0.016034, 0.050477
-0.023150, -0.069120, -0.031412, 0.041451, 0.027639, -0.027704
-0.074952, -0.004993, 0.042168, -0.001633, -0.025581, 0.103118
0.022337, -0.182645, -0.003789, -0.049289, -0.053022, 0.008929
-0.040880, -0.040548, -0.043156, -0.130854, 0.052451, 0.020562
-0.006783, -0.003299, -0.000074, -0.013327, -0.067750, 0.010504
-0.045823, -0.034976, 0.062236, -0.042102, -0.083276, 0.023278

==============================================================================

[43] id: Hybrid_1
category    : Hybrid
scheme      : HDFC Balanced Advantage Fund - Direct Plan - Growth
section     : Minimum investments
source_url  : https://groww.in/mutual-funds/hdfc-balanced-advantage-fund-direct-growth
ingested_at : 2026-10-07T06:17:39+00:00  |  chunk_index: 1
chars       : 80  |  embedding: 384-dim
------------------------------------------------------------------------------
TEXT:
Min. for 1st investment: ₹100

Min. for 2nd investment: ₹100

Min. for SIP: ₹100

EMBEDDING (384 floats, rounded to 6 dp):
0.058324, 0.035396, -0.118130, 0.019376, -0.060140, 0.012901
0.048973, 0.124589, 0.053614, -0.025083, 0.016778, -0.079512
-0.039209, 0.036521, 0.014625, -0.075839, -0.000184, -0.092817
-0.017170, -0.004793, 0.087017, -0.030991, -0.023165, -0.048855
0.103739, -0.002839, 0.032055, 0.057194, 0.027520, 0.004080
0.065415, 0.076460, 0.100165, -0.046763, -0.016224, -0.025178
-0.002280, 0.011509, 0.056907, -0.085783, -0.048873, -0.058869
0.003244, -0.049126, 0.017132, -0.019669, -0.030475, 0.122386
0.020245, 0.052364, 0.000971, 0.032486, -0.062881, -0.011089
-0.037053, 0.003527, -0.031369, 0.001879, 0.034814, 0.049277
-0.037446, 0.017237, -0.035776, 0.081742, 0.030404, -0.036466
-0.037554, -0.019065, -0.007937, 0.042149, 0.016903, -0.072944
-0.061390, -0.095818, -0.061836, -0.019096, 0.082536, 0.061726
-0.037785, -0.040827, 0.010955, -0.036004, 0.000915, -0.011684
-0.002144, 0.004462, 0.012356, 0.042568, -0.040026, -0.069886
0.087882, 0.114298, -0.040788, 0.048903, -0.049449, 0.019186
-0.011772, -0.015669, -0.031498, 0.033957, 0.003050, -0.023579
-0.039101, 0.006039, 0.007704, -0.064978, 0.068406, -0.029797
0.027332, -0.000075, -0.057985, 0.070804, 0.031816, -0.044115
-0.059507, 0.074136, -0.057219, -0.033253, 0.130372, 0.042829
-0.019070, 0.062685, -0.017599, -0.061533, -0.088665, -0.057935
0.033738, 0.000000, -0.075644, -0.024083, -0.060352, -0.036902
-0.055436, 0.005746, 0.043117, -0.024517, -0.027662, -0.050623
-0.003876, -0.085137, -0.013396, -0.012658, 0.000998, -0.066661
0.037051, 0.080122, 0.020580, -0.023405, -0.025320, -0.077055
0.029954, 0.008746, 0.111425, -0.013364, 0.025318, -0.099184
0.070249, 0.045647, 0.087212, 0.016212, -0.104595, 0.002438
-0.059984, 0.070723, 0.061351, -0.018008, -0.053087, -0.023187
-0.060019, 0.060002, -0.031016, -0.083858, -0.034351, 0.058385
0.014831, 0.081661, -0.012774, 0.004901, -0.083638, -0.006684
-0.074687, 0.002929, 0.013150, -0.024624, -0.009688, -0.076547
-0.045274, -0.013455, -0.031848, -0.060043, -0.113474, -0.012926
-0.082532, 0.063445, -0.015192, -0.021287, 0.053127, 0.025528
-0.073349, -0.026686, 0.095864, 0.021407, 0.004468, 0.035442
0.076427, 0.038136, 0.006498, 0.117163, 0.000156, 0.074115
-0.009676, 0.010415, 0.047841, 0.036341, 0.032934, -0.015359
-0.037556, -0.001567, -0.087498, 0.008098, 0.029562, 0.041275
0.009392, -0.000000, -0.022366, 0.034442, 0.034347, 0.061962
0.011325, 0.028931, 0.086731, 0.090409, 0.070493, 0.075603
-0.046047, 0.020322, 0.017736, -0.064449, -0.058128, -0.031744
0.050257, -0.043505, 0.026371, 0.001159, 0.046789, 0.048797
0.006583, 0.017469, 0.009044, 0.042331, -0.009296, 0.003574
-0.093085, -0.060383, -0.023546, -0.041154, -0.095653, 0.046967
-0.060270, -0.007873, 0.005407, -0.010928, -0.002547, 0.122185
0.087364, 0.034457, 0.024532, -0.052352, 0.048346, -0.086908
0.057091, -0.060580, -0.035370, -0.107385, 0.023513, -0.013145
0.031806, 0.050096, 0.022075, 0.017801, 0.041786, -0.051876
0.040758, -0.038463, 0.040922, 0.067308, -0.003589, 0.089182
-0.039640, 0.000623, 0.015542, -0.025661, 0.061810, -0.119404
-0.017114, 0.011468, 0.061977, 0.003842, -0.062489, 0.035973
-0.044322, -0.024795, 0.048606, 0.032782, -0.043420, 0.123101
-0.028949, 0.006409, -0.002579, 0.000945, 0.027702, -0.080891
0.029805, -0.039466, -0.067078, 0.065951, 0.051998, 0.028992
0.021809, -0.000000, -0.024507, -0.062983, 0.029410, -0.003419
0.047257, -0.011503, -0.062825, 0.002287, 0.025956, 0.030837
0.088955, -0.027693, -0.033890, -0.003286, -0.116236, -0.047915
0.032198, -0.019311, -0.014041, -0.060213, 0.076855, 0.047320
0.057505, 0.031983, -0.032589, -0.024689, 0.045326, 0.037515
0.021400, -0.001961, -0.076371, 0.068700, 0.002443, -0.018824
-0.076349, -0.029300, 0.044245, 0.030684, -0.019604, 0.065075
0.019206, -0.181664, -0.027427, -0.044851, 0.001483, -0.014598
-0.036483, 0.019006, 0.034047, -0.093345, 0.046593, 0.009532
0.019424, -0.011529, -0.021380, 0.007601, -0.073010, 0.025125
-0.069560, -0.026692, 0.034058, -0.033099, -0.082918, 0.002757

==============================================================================

[44] id: Hybrid_2
category    : Hybrid
scheme      : HDFC Balanced Advantage Fund - Direct Plan - Growth
section     : Annualised returns
source_url  : https://groww.in/mutual-funds/hdfc-balanced-advantage-fund-direct-growth
ingested_at : 2026-10-07T06:17:39+00:00  |  chunk_index: 2
chars       : 67  |  embedding: 384-dim
------------------------------------------------------------------------------
TEXT:
Average of the yearly returns of a mutual fund over a given period.

EMBEDDING (384 floats, rounded to 6 dp):
0.073831, -0.053884, -0.045890, 0.085548, 0.014444, -0.019194
0.001279, 0.057618, 0.010150, 0.019774, -0.052869, 0.001217
-0.035032, -0.043621, -0.065760, -0.019517, -0.107793, -0.049778
0.090995, 0.010173, 0.081284, -0.022932, 0.100689, -0.045771
0.068301, -0.030427, -0.012736, -0.012968, -0.066506, 0.052606
-0.001905, 0.012934, 0.064460, -0.054513, -0.027838, 0.018508
-0.032655, 0.035916, -0.015232, -0.002201, -0.064238, 0.053985
0.089596, -0.049026, -0.007049, 0.024252, -0.009632, 0.070798
0.045780, 0.067162, -0.018908, 0.075729, -0.046569, 0.010221
0.045196, 0.045390, -0.094979, 0.005443, -0.013030, 0.030689
-0.038205, 0.028528, 0.029277, 0.047474, 0.039903, -0.017765
-0.048920, 0.036544, 0.016444, -0.013583, -0.010935, -0.034939
-0.124535, -0.122025, -0.009573, 0.038251, -0.048846, 0.016045
0.008041, 0.007143, 0.011339, 0.042941, 0.062828, -0.037157
0.074717, -0.004727, 0.146851, 0.021560, 0.058963, 0.066492
-0.049654, -0.005671, -0.025510, -0.024730, -0.011788, 0.038727
0.008945, -0.110163, 0.026254, 0.057084, 0.031476, -0.087854
0.003233, -0.033219, -0.045368, -0.049238, 0.083619, -0.038322
-0.009558, 0.019054, -0.067013, 0.060833, 0.001485, 0.023702
0.003994, -0.017830, -0.072960, -0.005154, 0.098183, 0.069402
0.111306, 0.058474, 0.017428, 0.031315, -0.076650, 0.000074
0.036493, -0.000000, -0.042596, 0.015302, 0.030581, -0.005723
-0.090361, -0.017761, 0.044704, -0.050844, 0.008364, -0.048515
0.005532, 0.019936, -0.011790, 0.000104, 0.008264, -0.086459
0.033246, 0.092479, 0.086886, -0.057892, 0.029055, 0.010962
0.024771, -0.018644, 0.071329, -0.086553, -0.027921, 0.022371
0.012336, 0.012365, 0.136038, 0.035711, -0.040301, -0.101573
-0.054573, -0.020495, 0.043937, 0.091814, -0.012864, 0.012009
-0.030129, 0.029892, 0.018932, -0.010520, -0.083724, -0.002757
0.066868, 0.039621, -0.032797, 0.002116, -0.093032, -0.062756
0.009847, 0.025306, 0.036968, 0.052479, -0.058669, 0.016760
-0.084035, -0.012843, 0.045082, 0.033266, -0.000596, -0.015488
-0.069371, 0.082771, 0.009375, 0.047242, -0.003263, 0.094862
0.010524, 0.002447, -0.062084, -0.039308, 0.004309, -0.023045
-0.005995, 0.009858, -0.003584, 0.072290, -0.002363, -0.028988
-0.031100, 0.005742, 0.033399, 0.049547, 0.046974, 0.041446
0.054911, -0.066151, 0.028685, -0.103541, 0.019329, 0.013016
-0.056750, 0.000000, -0.011310, 0.027844, 0.160401, 0.077541
-0.035121, -0.036105, -0.027201, 0.084773, 0.028148, 0.097254
-0.001346, -0.021332, 0.026405, 0.016836, 0.009747, -0.033748
0.027789, -0.037794, 0.013172, -0.016014, -0.037419, -0.040272
0.049586, -0.068023, -0.023943, -0.006589, -0.054787, -0.014123
-0.104826, -0.082142, 0.000828, -0.057009, -0.020378, 0.043186
-0.032475, -0.031591, 0.032430, -0.068592, -0.003238, 0.004149
0.033337, -0.001841, 0.083871, -0.042815, 0.093884, -0.039134
-0.067425, 0.040762, 0.063846, -0.048146, -0.085926, -0.069121
-0.011171, -0.102016, -0.135273, 0.025737, 0.038071, 0.026529
-0.063914, -0.008786, 0.016598, -0.045542, -0.034657, 0.065943
-0.066468, 0.003503, -0.066585, -0.086463, -0.010630, -0.039347
0.096865, 0.017534, 0.054006, 0.027111, 0.044304, 0.037741
0.028326, -0.037156, 0.013478, 0.053496, -0.026325, 0.038611
-0.038409, -0.049573, -0.042796, -0.033172, 0.042531, -0.068466
-0.059280, 0.009624, -0.000364, -0.029174, 0.026983, 0.023334
0.005870, -0.000000, 0.039766, -0.029704, 0.048712, -0.070114
0.018192, 0.021775, 0.039195, -0.109589, -0.003741, -0.096230
0.036456, -0.028850, -0.060310, 0.007068, -0.054742, -0.032355
-0.080945, 0.050436, -0.002319, -0.094871, 0.037144, 0.009086
0.061998, 0.028858, 0.026860, 0.043591, -0.030073, -0.047871
-0.037187, -0.004568, 0.060231, 0.003002, 0.065579, 0.021307
-0.098478, 0.033971, 0.013935, 0.010847, 0.048879, 0.012164
0.042540, 0.037234, 0.134517, -0.019250, 0.029481, -0.043374
0.033186, 0.028461, 0.033567, -0.140276, 0.118887, 0.009294
-0.037365, 0.033802, 0.008808, 0.019356, -0.018217, 0.015945
-0.098637, -0.054318, -0.011451, -0.073123, -0.041029, 0.037140

==============================================================================

[45] id: Hybrid_3
category    : Hybrid
scheme      : HDFC Balanced Advantage Fund - Direct Plan - Growth
section     : Absolute returns
source_url  : https://groww.in/mutual-funds/hdfc-balanced-advantage-fund-direct-growth
ingested_at : 2026-10-07T06:17:39+00:00  |  chunk_index: 3
chars       : 54  |  embedding: 384-dim
------------------------------------------------------------------------------
TEXT:
The total return of a mutual fund over a given period.

EMBEDDING (384 floats, rounded to 6 dp):
0.037983, 0.002179, -0.069593, 0.052208, 0.044884, -0.004699
0.024150, 0.041674, 0.040183, 0.043676, -0.006793, -0.001289
-0.044309, -0.019723, -0.085915, -0.039201, -0.091901, 0.002698
0.082825, 0.019074, 0.106168, -0.046521, 0.047961, -0.032146
0.090129, -0.001337, -0.001558, -0.004842, -0.057332, -0.007376
0.025751, 0.023817, -0.006352, -0.047741, -0.040693, 0.048390
-0.026811, 0.014803, -0.006620, 0.037500, -0.078128, 0.022638
0.052940, -0.026032, 0.013147, 0.018586, -0.012928, 0.059083
0.033516, 0.081282, 0.052475, 0.054881, -0.074365, 0.030813
0.059709, 0.048276, -0.063270, -0.009712, -0.046203, 0.019145
-0.010677, -0.024666, -0.016753, 0.042499, 0.050589, -0.013134
-0.102257, 0.005616, 0.010442, -0.001751, 0.023258, -0.054141
-0.041581, -0.108126, -0.030956, 0.040293, 0.014163, 0.018327
0.027289, -0.011718, 0.026324, 0.076460, 0.066791, -0.043371
0.088452, 0.013869, 0.100216, 0.024072, 0.090669, 0.037518
-0.028848, 0.019391, -0.046960, -0.019967, -0.061181, -0.029244
-0.010823, -0.081604, 0.045778, 0.057016, 0.029173, -0.082326
-0.034588, -0.070537, -0.035042, -0.068032, 0.033554, 0.022347
0.005104, -0.001792, -0.062568, 0.046133, 0.040114, 0.014862
0.007589, 0.013343, -0.071365, 0.004928, 0.136732, -0.013102
0.108399, 0.067061, 0.001243, 0.007051, -0.112056, -0.018732
0.032565, -0.000000, -0.081921, -0.009026, 0.045760, -0.025828
-0.071827, -0.020689, 0.044586, -0.027383, 0.000570, -0.072020
0.002566, 0.009761, -0.025314, -0.035562, -0.024356, -0.073206
0.030385, 0.138473, 0.113970, -0.042477, 0.008753, 0.027472
0.040550, -0.001086, 0.094724, -0.087297, -0.060898, 0.002981
-0.025039, 0.036131, 0.095638, 0.024210, -0.071816, -0.094174
0.003150, 0.001492, 0.029988, 0.052454, -0.016110, 0.031842
-0.035033, 0.012803, -0.009310, -0.041324, -0.127725, -0.024819
0.094522, 0.045071, -0.025741, 0.058226, -0.074433, -0.091996
0.007893, -0.017726, -0.005871, 0.020286, -0.062656, 0.019850
-0.090461, 0.010032, 0.080318, 0.020433, -0.029572, 0.000309
-0.074055, 0.072511, 0.035318, 0.035323, 0.012600, 0.089108
-0.053219, 0.004765, 0.028928, -0.019242, 0.013351, -0.078467
0.018475, 0.007179, 0.010499, 0.065883, -0.024166, -0.021167
-0.052510, 0.015739, 0.058144, 0.089441, 0.032020, 0.020395
0.046300, -0.079150, -0.004634, -0.110274, 0.056746, 0.029049
-0.032948, 0.000000, 0.012109, 0.039960, 0.112701, 0.034153
-0.040104, -0.037443, 0.004601, 0.091852, -0.006961, 0.128001
0.054899, -0.038745, 0.021073, 0.016386, -0.012485, -0.043689
0.005411, -0.044998, 0.013432, -0.008475, 0.012143, -0.030262
0.052555, -0.065119, -0.006458, 0.030253, -0.035711, -0.012612
-0.076398, -0.029208, 0.053483, -0.058599, -0.057244, 0.018371
-0.014697, -0.030540, 0.031513, -0.071568, 0.025624, 0.039270
0.070320, -0.029324, 0.125503, -0.025926, 0.093529, -0.056269
-0.011287, 0.046678, 0.075378, -0.066099, -0.082339, -0.063300
0.008777, -0.043545, -0.134387, -0.007408, 0.038550, -0.000410
-0.020746, -0.019260, -0.007756, -0.047423, -0.026461, 0.091510
-0.058948, -0.008370, -0.053518, -0.090945, 0.030120, -0.033507
0.087170, 0.059407, 0.055582, 0.050660, 0.012256, 0.058817
0.023587, -0.066685, 0.010693, 0.068911, -0.060636, 0.024778
-0.028426, -0.010076, -0.029177, -0.045881, 0.017566, -0.039263
-0.008340, -0.030041, 0.011086, -0.022775, 0.061387, 0.073442
0.002041, -0.000000, -0.000686, -0.067832, 0.046491, -0.090907
0.058512, 0.001128, 0.056377, -0.125255, 0.019297, -0.067191
0.048530, 0.001403, -0.032045, -0.004486, -0.095242, 0.003369
-0.053234, 0.033264, 0.006588, -0.058605, 0.048024, -0.022004
0.059576, 0.037812, 0.002358, 0.007816, -0.024905, 0.018268
-0.007048, -0.024035, 0.047946, 0.037973, -0.004177, 0.017882
-0.114999, 0.024714, 0.034744, 0.062587, 0.039313, 0.067939
-0.001054, -0.009817, 0.112980, 0.026056, 0.006799, -0.019398
-0.020460, -0.019003, -0.047028, -0.158588, 0.071378, -0.001150
-0.041071, 0.013247, -0.034455, 0.013692, -0.026520, -0.004222
-0.123283, -0.036609, -0.034719, -0.041239, 0.013317, 0.005495

==============================================================================

[46] id: Hybrid_4
category    : Hybrid
scheme      : HDFC Balanced Advantage Fund - Direct Plan - Growth
section     : Expense ratio
source_url  : https://groww.in/mutual-funds/hdfc-balanced-advantage-fund-direct-growth
ingested_at : 2026-10-07T06:17:39+00:00  |  chunk_index: 4
chars       : 203  |  embedding: 384-dim
------------------------------------------------------------------------------
TEXT:
A fee payable to a mutual fund house for managing your mutual fund investments. It is the total percentage of a company's fund assets used for administrative, management, advertising, and other expenses.

EMBEDDING (384 floats, rounded to 6 dp):
0.078798, -0.061586, -0.070337, 0.032638, 0.121845, 0.015240
0.108334, 0.021425, 0.049949, 0.038191, -0.047763, -0.038062
-0.002083, 0.044184, -0.078058, -0.082985, -0.011436, -0.014541
0.009620, 0.024470, 0.005205, -0.008266, 0.065634, 0.058631
0.068917, -0.033115, 0.017681, -0.003693, -0.086221, -0.003679
-0.015823, -0.012359, -0.014173, -0.043024, -0.007812, 0.114959
-0.043294, 0.025016, -0.007203, 0.018650, -0.003350, 0.044093
0.055444, -0.018245, -0.030683, 0.082599, -0.029854, 0.028359
-0.001829, 0.078561, 0.014555, 0.037996, -0.020236, -0.007557
-0.015071, 0.029254, -0.001762, -0.018211, -0.015443, -0.038524
-0.040866, -0.068769, 0.043794, 0.026975, 0.013683, -0.042972
-0.044859, 0.064615, -0.020273, -0.071194, 0.058192, -0.013890
-0.026276, -0.061348, -0.015144, 0.033363, 0.022577, 0.080852
0.040859, -0.009961, -0.047796, 0.014770, 0.132494, 0.006855
-0.007075, 0.004073, 0.067675, -0.042525, 0.072961, 0.026637
0.010574, 0.017798, -0.058614, -0.054567, 0.008397, 0.065015
-0.054049, -0.050018, -0.059699, 0.017506, 0.016538, -0.085248
-0.026203, -0.003444, -0.005717, -0.037425, 0.055934, 0.004300
0.073929, 0.040957, -0.040986, 0.071679, 0.047145, -0.004642
0.025823, 0.076119, -0.066782, -0.027965, 0.167564, -0.002313
0.051648, 0.006046, -0.012664, -0.109638, -0.043007, -0.023041
-0.054153, -0.000000, -0.004483, 0.059310, -0.026578, 0.016258
-0.116566, 0.002192, 0.013165, 0.024445, -0.081662, -0.078610
0.022917, 0.070310, 0.017887, 0.001514, -0.043945, -0.094475
0.014983, 0.127335, 0.108107, -0.029297, 0.009884, 0.113666
-0.020669, -0.015702, -0.000837, -0.055134, -0.001212, 0.018025
0.055814, 0.019349, 0.029390, 0.043273, -0.014111, -0.054747
-0.062089, 0.004989, -0.067335, 0.011311, -0.030782, 0.036116
0.002258, -0.014003, -0.000846, -0.097831, -0.142741, -0.003795
0.080675, 0.036371, -0.038128, -0.002478, -0.061951, -0.064686
-0.007177, 0.023181, 0.031689, -0.006242, -0.010873, -0.060086
-0.053027, -0.031445, 0.014080, -0.033388, -0.036802, 0.041009
-0.027524, 0.010565, 0.011626, 0.032265, 0.042731, 0.034797
-0.048931, -0.027078, 0.045378, 0.054421, -0.019657, -0.038710
0.006731, 0.031342, 0.050768, 0.129367, -0.043735, -0.056211
-0.003778, 0.049632, 0.039366, 0.003044, 0.030440, 0.058572
-0.064848, -0.048837, 0.081518, -0.041903, -0.014584, 0.038702
-0.041431, 0.000000, -0.024455, 0.012718, 0.079150, 0.045592
-0.010165, -0.016833, -0.036986, 0.002649, 0.046631, 0.012659
-0.092435, -0.044607, -0.041863, -0.045379, -0.068410, -0.117856
-0.069392, -0.030077, 0.015279, -0.004064, 0.024875, -0.028977
0.056297, -0.012172, -0.044185, 0.025289, -0.061495, 0.030833
-0.043981, 0.069082, 0.021939, -0.046670, -0.076145, 0.015810
-0.071261, -0.023945, 0.012279, -0.019950, -0.009335, 0.022650
-0.004897, 0.020090, 0.084456, -0.015790, 0.091778, 0.003002
-0.070156, -0.084041, 0.051075, -0.043208, -0.148250, -0.059278
0.001534, -0.047995, -0.123212, 0.003169, 0.003736, 0.137829
0.047438, 0.017792, 0.054277, 0.025494, 0.009128, 0.096416
-0.100586, 0.072728, -0.065338, -0.085452, -0.024294, 0.068684
0.016228, 0.034036, 0.037091, 0.077511, 0.001896, 0.062659
0.083810, -0.044193, 0.034149, 0.014921, 0.074283, -0.006356
-0.024938, -0.021620, 0.013780, -0.060649, 0.013046, -0.035211
-0.046277, -0.060685, 0.008197, -0.080271, 0.065688, 0.103723
-0.046720, -0.000000, -0.007112, -0.050041, 0.020072, -0.079432
-0.055047, -0.034390, 0.024321, -0.027068, 0.065764, 0.032833
0.064491, 0.004207, -0.095529, -0.002992, -0.052501, -0.032312
-0.058067, 0.074990, -0.002048, 0.029156, 0.047389, 0.017834
-0.047465, 0.026239, 0.060918, -0.030815, 0.064947, 0.031324
-0.007145, -0.023326, -0.002133, 0.032508, 0.042681, 0.059279
-0.074459, 0.087729, -0.065621, 0.021941, 0.035040, 0.104008
0.022585, -0.025039, 0.023114, -0.039512, 0.012971, 0.004061
-0.065961, -0.010231, -0.030178, -0.095928, 0.062872, 0.076544
-0.024988, 0.039154, -0.084755, 0.018344, 0.010748, 0.004300
-0.070594, -0.029610, -0.027209, -0.052003, 0.018249, -0.019761

==============================================================================

[47] id: Hybrid_5
category    : Hybrid
scheme      : HDFC Balanced Advantage Fund - Direct Plan - Growth
section     : Tax
source_url  : https://groww.in/mutual-funds/hdfc-balanced-advantage-fund-direct-growth
ingested_at : 2026-10-07T06:17:39+00:00  |  chunk_index: 5
chars       : 252  |  embedding: 384-dim
------------------------------------------------------------------------------
TEXT:
A percentage of your capital gains payable to the government upon exiting your mutual fund investments. Taxation is categorized as long-term capital gains (LTCG) and short-term capital gains (STCG) depending on your holding period and the type of fund.

EMBEDDING (384 floats, rounded to 6 dp):
0.042902, -0.088269, -0.022038, 0.014382, 0.112398, 0.072874
0.073796, 0.046410, 0.024837, 0.020267, 0.003600, 0.009986
-0.059097, -0.030407, -0.020498, -0.064357, -0.053782, 0.031038
0.041733, -0.019265, 0.035263, 0.009572, -0.011416, 0.005090
0.149107, -0.065567, -0.036505, -0.004288, 0.041097, -0.003106
-0.011829, 0.020100, -0.065155, -0.020317, -0.047055, 0.059815
-0.009699, -0.083398, 0.038903, -0.061099, 0.023981, -0.008025
0.058213, -0.001834, -0.038246, 0.016817, 0.024530, 0.019717
-0.060633, 0.018361, 0.070984, 0.029374, -0.066926, 0.099309
-0.039246, 0.002073, -0.019052, 0.031051, 0.008218, -0.010029
-0.057290, -0.044977, 0.050802, -0.010035, 0.000416, -0.020087
-0.021829, 0.024763, 0.042436, -0.023370, -0.006200, -0.035742
-0.054709, -0.097691, -0.106762, 0.047759, 0.006909, 0.064740
0.026315, -0.056622, 0.007043, 0.087465, 0.088647, -0.051134
-0.004416, -0.016895, 0.069955, 0.042448, 0.069995, 0.053008
0.061399, 0.035414, -0.034908, 0.005167, -0.059626, -0.038428
-0.020001, -0.070377, -0.045573, 0.024273, 0.042801, -0.017656
-0.017170, 0.001388, 0.033382, -0.044628, -0.022491, -0.009912
0.024564, -0.084364, -0.080777, 0.146623, -0.008685, 0.020858
-0.045802, 0.096014, -0.053700, -0.022121, 0.063981, -0.049371
0.004676, -0.003069, -0.046730, -0.018829, -0.056190, -0.030462
-0.010067, -0.000000, -0.086308, 0.011247, 0.032540, -0.000426
-0.069124, 0.006751, 0.076894, -0.049250, -0.009889, -0.073778
0.003967, 0.035441, -0.007289, 0.047274, 0.062609, -0.126933
-0.049204, 0.079048, 0.114975, -0.044196, 0.052300, 0.076976
0.030046, 0.015167, 0.094016, 0.019989, -0.066364, 0.000930
-0.050664, 0.024698, 0.054655, 0.091321, 0.003101, -0.040507
-0.039591, -0.011018, -0.051041, -0.031317, 0.042524, 0.010549
-0.007652, -0.049581, 0.037516, -0.056060, -0.152174, -0.023536
0.045884, 0.056790, -0.056113, -0.007594, 0.035888, -0.088477
-0.091110, -0.036611, 0.021168, 0.019381, -0.070180, -0.030023
-0.045761, -0.015262, 0.018280, -0.027842, -0.037419, 0.004766
-0.080775, 0.063422, -0.061886, 0.004424, 0.050684, 0.039517
-0.014145, -0.013822, 0.001813, 0.051986, 0.102397, -0.038827
-0.080523, 0.051549, 0.038429, 0.083367, -0.006222, 0.004256
-0.059443, -0.068370, 0.072383, 0.019153, 0.026539, -0.020761
0.001827, -0.043007, 0.025062, -0.038826, 0.036564, 0.030566
-0.080453, -0.000000, -0.004094, 0.002405, 0.011875, 0.020223
-0.029143, -0.011320, 0.010204, 0.016744, -0.046417, 0.070008
0.010180, -0.036489, -0.097035, -0.007010, -0.076841, -0.139324
0.018098, -0.016063, -0.008278, -0.006085, 0.058570, -0.043029
0.023200, 0.086945, -0.024020, -0.020032, -0.085323, 0.032797
-0.045090, 0.034488, 0.048633, 0.053246, -0.040586, 0.009640
0.005777, -0.054932, 0.054079, -0.024701, 0.039575, 0.058207
0.014097, 0.014730, 0.133351, 0.054387, 0.061031, -0.033939
-0.004267, 0.047228, 0.019706, 0.002944, -0.018195, -0.026650
0.007308, -0.035066, -0.062196, 0.045118, -0.003996, -0.028214
-0.068098, 0.016045, 0.048427, 0.057942, -0.032234, 0.060486
-0.000891, -0.078391, -0.029099, -0.074181, 0.078874, -0.041378
0.059223, -0.001089, -0.020447, -0.023096, 0.005245, -0.000705
0.065810, 0.017128, 0.072852, -0.022279, 0.031203, -0.016181
0.028646, -0.001076, -0.008306, -0.010566, -0.004209, -0.034502
0.077256, -0.047181, -0.022221, -0.014984, 0.087086, 0.049616
0.047272, -0.000000, -0.025301, -0.002974, -0.003150, -0.017422
-0.047344, 0.033489, -0.017999, -0.046238, 0.011841, -0.017523
0.028825, 0.027562, -0.079360, -0.053219, -0.155176, -0.032996
-0.027655, 0.051104, 0.040434, 0.005388, 0.054404, -0.013506
-0.007866, 0.085994, 0.029558, -0.030296, 0.103007, 0.080583
0.001700, 0.042006, 0.059481, 0.017847, -0.011450, 0.093842
0.000877, 0.073312, 0.051541, 0.020638, 0.046540, 0.165223
0.002222, 0.053866, 0.072858, -0.025522, -0.120632, 0.009560
-0.028086, -0.018962, 0.012534, -0.075602, 0.105472, -0.041371
-0.103318, -0.030749, -0.051870, -0.029800, -0.019603, 0.047200
-0.107707, -0.085703, -0.039795, -0.058549, 0.029091, 0.006410

==============================================================================

[48] id: Hybrid_6
category    : Hybrid
scheme      : HDFC Balanced Advantage Fund - Direct Plan - Growth
section     : Exit load
source_url  : https://groww.in/mutual-funds/hdfc-balanced-advantage-fund-direct-growth
ingested_at : 2026-10-07T06:17:39+00:00  |  chunk_index: 6
chars       : 149  |  embedding: 384-dim
------------------------------------------------------------------------------
TEXT:
A fee payable to a mutual fund house for exiting a fund (fully or partially) before the completion of a specified period from the date of investment.

EMBEDDING (384 floats, rounded to 6 dp):
0.052803, -0.007138, -0.040792, 0.046013, 0.104875, 0.036901
0.059843, -0.007241, 0.005164, 0.049381, -0.015521, -0.000176
-0.033192, 0.030129, -0.093092, -0.097774, -0.030436, -0.022626
0.049056, 0.052378, 0.032581, 0.016657, 0.012014, 0.060660
0.102230, -0.049554, 0.042550, -0.021612, -0.022316, -0.002548
0.017371, 0.007045, -0.033675, -0.067110, 0.047934, 0.090009
-0.033885, 0.035777, 0.003681, 0.015389, 0.020128, -0.001820
0.061054, 0.025660, -0.019356, 0.088598, -0.023835, 0.009759
-0.028104, 0.080436, 0.025480, 0.037534, -0.033819, 0.010317
0.002052, 0.059788, 0.006211, -0.036483, -0.033523, 0.002738
-0.006629, -0.047089, -0.031379, -0.011242, 0.006998, -0.003997
-0.049709, 0.029311, 0.043756, 0.010930, 0.031055, -0.034115
-0.082086, -0.062556, -0.012688, 0.047081, 0.030685, 0.048678
0.023084, -0.048460, -0.036691, 0.020814, 0.113079, -0.034437
-0.000040, 0.002165, 0.033410, 0.012876, 0.120492, -0.005748
0.031030, 0.020662, -0.034305, -0.042192, -0.001799, -0.022592
-0.030885, -0.104017, -0.009658, 0.055548, 0.048122, -0.068163
-0.096494, -0.006077, 0.033901, -0.055289, 0.031785, 0.005684
0.033652, 0.008188, -0.069861, 0.021529, 0.098431, -0.021544
0.029272, 0.131737, -0.059416, -0.004700, 0.209032, -0.047771
0.071409, 0.050824, -0.039489, -0.120854, -0.047755, -0.027437
0.019886, -0.000000, -0.016071, -0.024486, -0.047525, -0.011986
-0.086494, -0.029179, -0.006029, 0.006285, -0.043961, -0.078290
0.063091, -0.048049, -0.032141, -0.067407, -0.027147, -0.120695
0.020524, 0.128649, 0.147499, -0.026789, 0.083674, 0.032374
0.006555, -0.001473, 0.024123, -0.053740, -0.010493, -0.015102
0.087322, 0.039791, 0.020863, 0.045616, -0.050439, -0.029406
-0.055809, 0.004690, -0.074059, -0.020947, 0.012123, -0.022423
0.001952, 0.008409, -0.041846, -0.047658, -0.094072, -0.065352
0.131063, 0.014527, -0.061622, 0.000668, -0.054210, -0.076216
-0.038618, -0.036846, -0.030591, -0.010413, -0.021059, -0.027583
-0.049179, -0.045292, 0.067410, -0.006406, -0.059801, 0.030301
-0.106561, -0.006959, -0.014852, 0.000349, -0.006722, 0.020518
-0.037707, -0.009511, 0.055581, -0.038260, -0.002826, -0.031160
-0.007773, 0.001752, 0.104741, 0.079993, 0.011629, -0.058993
-0.027961, 0.045618, 0.104081, 0.001330, 0.050398, 0.009405
-0.064643, -0.111047, -0.000892, -0.036483, -0.000373, 0.014556
0.001418, 0.000000, 0.023295, -0.041176, 0.053346, 0.074416
-0.003256, -0.012571, -0.032008, 0.028722, 0.032181, 0.037155
-0.044364, -0.044097, 0.049823, -0.025186, -0.073829, -0.123636
-0.002113, -0.061848, 0.045406, 0.042037, 0.056054, -0.041343
-0.019845, -0.050269, 0.000396, 0.026460, -0.044719, 0.066909
-0.120084, 0.071590, -0.009468, -0.021086, -0.047155, 0.019292
-0.069003, 0.020197, 0.021299, 0.021157, -0.061934, 0.092478
0.052185, -0.000497, 0.116051, -0.012298, 0.088245, -0.018823
-0.054528, -0.042495, 0.044990, -0.004589, -0.133141, -0.036293
0.036821, -0.034876, -0.099525, 0.008035, 0.074246, 0.104374
0.006588, 0.062999, 0.048688, 0.020394, 0.064841, 0.057896
-0.027912, 0.023034, -0.059325, -0.057061, 0.007088, 0.011499
0.046723, 0.064314, -0.018269, 0.057159, 0.021421, 0.061307
0.082754, -0.056191, 0.014744, -0.026121, 0.005855, 0.014961
-0.021299, 0.032517, 0.032883, -0.090308, -0.043924, -0.054362
0.011044, -0.039168, 0.019828, -0.056478, 0.127086, 0.038111
-0.064500, -0.000000, 0.003556, -0.011287, 0.041784, -0.054630
0.024740, -0.072995, 0.068370, -0.001550, 0.058924, -0.003175
0.071604, 0.050566, -0.004817, 0.012399, -0.109384, -0.053488
0.015445, 0.028268, -0.021110, 0.005389, 0.046738, -0.008632
-0.030874, -0.019756, 0.019283, -0.046233, 0.049224, 0.025708
0.034427, -0.033522, -0.022697, 0.062495, 0.062403, 0.040115
-0.075955, 0.080891, -0.054946, 0.027109, -0.047467, 0.067303
0.019448, 0.009631, -0.010866, -0.051644, 0.041458, -0.010013
-0.049028, -0.041864, -0.022332, -0.068583, 0.066319, 0.018862
-0.014823, 0.038802, -0.047026, -0.007685, -0.008871, 0.021166
-0.091510, -0.028177, -0.011409, -0.044423, 0.019294, 0.010150

==============================================================================

[49] id: Hybrid_7
category    : Hybrid
scheme      : HDFC Balanced Advantage Fund - Direct Plan - Growth
section     : Stamp duty
source_url  : https://groww.in/mutual-funds/hdfc-balanced-advantage-fund-direct-growth
ingested_at : 2026-10-07T06:17:39+00:00  |  chunk_index: 7
chars       : 71  |  embedding: 384-dim
------------------------------------------------------------------------------
TEXT:
A form of tax payable for the purchase or sale of an asset or security.

EMBEDDING (384 floats, rounded to 6 dp):
-0.049208, 0.047441, -0.069193, -0.055288, -0.036805, 0.083522
0.142021, 0.002716, -0.012919, 0.012594, 0.086963, 0.025872
0.003698, -0.000248, -0.031874, -0.040897, 0.006225, 0.038600
0.030651, 0.087477, 0.066796, 0.033032, -0.036630, 0.007053
0.041480, -0.066381, -0.029460, -0.011686, 0.023656, -0.000264
0.043610, -0.030712, -0.050073, 0.033722, -0.000594, -0.014444
0.012046, -0.067872, -0.028192, -0.009344, 0.014002, -0.050385
-0.086404, 0.004498, -0.048751, 0.049378, 0.086711, -0.005664
-0.003902, 0.048394, 0.051135, 0.075290, -0.050603, 0.094426
-0.050070, -0.097329, -0.017109, -0.008384, 0.007106, -0.079518
-0.012319, -0.046010, 0.002343, 0.003396, 0.035328, -0.011314
-0.040953, -0.059287, -0.089151, -0.071730, 0.046780, -0.081627
-0.033031, 0.011333, -0.056921, -0.120907, 0.056116, 0.013859
-0.031231, -0.035200, -0.024518, 0.105580, -0.013434, -0.067167
0.029957, 0.009323, 0.018665, -0.011698, 0.146750, 0.032375
-0.035613, -0.024411, 0.034035, -0.064212, -0.000411, -0.018897
0.091165, -0.022345, 0.057049, 0.032303, 0.063688, 0.017086
0.001820, -0.006982, -0.051842, -0.014144, 0.007114, 0.003109
-0.015540, -0.015762, -0.099575, -0.022199, -0.068980, 0.007087
0.023529, 0.101983, -0.092302, -0.022693, 0.075199, -0.127451
0.069358, 0.018467, -0.006711, -0.093245, -0.054491, -0.031556
0.008149, -0.000000, -0.022035, 0.036453, -0.058805, -0.011050
0.008344, 0.024334, 0.041427, 0.007527, -0.053099, 0.045065
-0.031696, -0.015446, -0.001001, 0.059351, 0.089852, 0.067495
-0.106963, 0.104621, 0.189021, -0.026526, 0.072784, 0.014883
0.092760, -0.012759, -0.010404, -0.038483, -0.041387, -0.047401
0.010571, 0.020497, 0.071022, 0.032351, 0.042160, -0.017129
-0.012259, 0.046049, -0.033021, -0.022134, 0.067696, -0.047424
0.009142, -0.085307, 0.055174, -0.008822, -0.067316, 0.053921
-0.021698, 0.056772, -0.037398, 0.045060, -0.003121, -0.053440
0.006165, -0.094113, -0.027429, -0.056114, -0.001234, -0.000911
-0.097140, -0.041083, 0.017096, -0.011061, 0.004088, 0.009361
-0.150648, -0.058090, -0.004001, -0.035944, 0.091026, -0.068892
-0.072791, 0.034357, 0.069885, -0.001991, 0.040772, -0.027668
-0.035261, 0.041262, 0.081234, 0.071858, -0.100289, -0.066196
-0.038058, 0.038174, -0.040961, 0.077744, 0.019261, -0.038167
-0.046496, -0.092421, -0.017828, -0.014446, -0.033347, 0.016095
0.069096, 0.000000, -0.005560, -0.088743, -0.055661, 0.062746
-0.041115, -0.002515, -0.016782, -0.041651, -0.059479, 0.027183
-0.115379, -0.038874, 0.043379, -0.017117, -0.000736, -0.064659
-0.038986, -0.004611, 0.060762, -0.006744, 0.000209, 0.074719
0.068034, 0.046823, -0.037065, 0.015289, -0.083492, -0.007232
0.022962, 0.056730, 0.017699, 0.004569, -0.017303, -0.033683
-0.040720, -0.012200, 0.104672, -0.017398, 0.037057, -0.007368
0.007153, 0.013499, 0.123243, 0.075528, 0.057384, -0.024296
-0.015904, -0.001687, 0.051718, -0.021180, -0.003550, 0.041027
-0.014123, 0.008980, -0.079737, 0.121406, -0.043725, 0.039732
0.034134, 0.069162, 0.069193, 0.027631, 0.019087, 0.081433
0.007961, -0.015645, 0.001433, -0.083581, 0.046035, -0.005549
0.020682, -0.112115, -0.015170, -0.055881, -0.005181, 0.004492
0.037635, 0.004025, -0.000456, -0.031985, -0.030931, -0.021177
0.000499, 0.056213, 0.021064, -0.132063, -0.041567, -0.064054
0.054650, -0.059202, -0.065833, -0.034185, 0.000877, 0.046739
-0.065530, -0.000000, 0.006222, 0.010956, 0.003141, 0.034082
-0.023291, -0.032726, 0.012416, 0.002333, -0.003750, 0.007281
0.061682, -0.038989, -0.032394, 0.007980, -0.043799, 0.029172
-0.003272, 0.065446, -0.058911, 0.035061, 0.046037, -0.054025
-0.018986, 0.018511, -0.022410, -0.034165, 0.072136, 0.047158
0.077583, 0.044919, -0.012662, 0.082416, 0.068911, 0.050610
-0.027588, 0.081180, -0.009850, 0.039876, -0.003072, 0.023843
-0.031643, 0.000625, -0.002042, 0.015371, -0.009042, 0.039741
-0.122605, -0.052462, 0.007660, -0.024608, 0.079900, 0.009420
0.027541, 0.011926, -0.092146, 0.012655, 0.005126, -0.020299
0.061260, -0.010466, 0.027479, -0.022753, 0.064440, -0.002237

==============================================================================

[50] id: Hybrid_8
category    : Hybrid
scheme      : HDFC Balanced Advantage Fund - Direct Plan - Growth
section     : Exit Load
source_url  : https://groww.in/mutual-funds/hdfc-balanced-advantage-fund-direct-growth
ingested_at : 2026-10-07T06:17:39+00:00  |  chunk_index: 8
chars       : 399  |  embedding: 384-dim
------------------------------------------------------------------------------
TEXT:
01 Jun 2018

Exit Load for units in excess of 15% of the investment,1% will be charged for redemption within 1 year.

08 May 2015

Exit load of 1% if redeemed within 1 year: 18 Dec 2014

Exit load of 2% if redeemed within 12 months, 1% if redeemed after 12 months but within 24 months and 0.50% if redeemed after 24 months but within 36 months

01 Jan 2013

Exit load of 1% if redeemed within 1 year

EMBEDDING (384 floats, rounded to 6 dp):
0.033370, 0.019775, -0.048653, -0.013903, 0.001369, 0.019470
0.000305, 0.049226, 0.008843, 0.046256, 0.072676, -0.011898
-0.017645, 0.000492, -0.015280, 0.079787, -0.037120, -0.083183
-0.039315, -0.005221, 0.019668, -0.057255, -0.084264, -0.026453
0.058413, 0.018859, 0.006644, -0.003270, 0.006553, 0.000171
0.011662, -0.014442, 0.013974, -0.078509, 0.046514, 0.015461
-0.087029, -0.043444, 0.017060, -0.016291, -0.024675, -0.007215
-0.049702, 0.056506, 0.054404, 0.011847, -0.062361, 0.052014
-0.001209, 0.135789, 0.056850, 0.006617, 0.026602, 0.060089
-0.084606, -0.030190, 0.061440, 0.040120, 0.006786, 0.010413
0.011511, 0.002008, -0.050378, -0.035518, 0.003648, -0.019428
0.009850, -0.021956, -0.002549, -0.023331, -0.018008, -0.103783
-0.078983, -0.117266, -0.040768, 0.078647, 0.054918, 0.042374
0.014818, -0.115380, 0.015259, 0.002023, 0.024887, -0.075334
0.021113, -0.000844, -0.014103, 0.057461, 0.118115, 0.037092
0.047159, 0.136394, 0.019336, 0.007039, 0.006804, 0.014272
-0.083324, -0.018402, -0.015686, 0.031292, 0.005806, -0.017120
-0.032274, -0.060617, 0.018241, -0.064255, -0.000533, 0.001839
0.038881, -0.030154, -0.000399, -0.001413, 0.098146, -0.047120
0.047949, 0.081882, -0.057280, 0.012160, 0.054873, -0.012837
0.107288, 0.046568, -0.026390, -0.056001, -0.073656, -0.006968
0.053173, 0.000000, -0.057628, -0.081323, -0.069953, -0.001587
-0.099589, -0.084060, 0.099696, 0.087439, -0.035746, -0.026015
-0.035138, -0.008887, -0.040008, -0.022428, 0.010399, -0.032562
0.042628, -0.009548, 0.111362, -0.022627, 0.037540, -0.143280
0.019476, 0.006930, 0.048555, 0.047579, -0.005843, -0.039215
-0.035621, 0.008037, 0.124836, 0.027594, -0.035301, -0.090231
-0.014534, 0.067330, 0.075468, 0.025588, 0.033012, -0.056054
-0.007230, 0.050683, 0.027752, -0.003894, -0.052981, -0.126732
0.097335, -0.053524, -0.024824, 0.058246, -0.056695, -0.063282
-0.060105, 0.037351, -0.032308, 0.012211, -0.077114, -0.044127
-0.007974, -0.047653, 0.056260, -0.037056, -0.004517, -0.033595
-0.142492, -0.005475, 0.024025, -0.010599, -0.129278, 0.047968
-0.005978, -0.057220, 0.028106, -0.137288, 0.041148, -0.034876
0.063415, 0.004466, 0.077411, 0.060721, 0.016003, -0.016318
-0.027699, 0.008378, 0.000989, 0.021588, 0.127409, -0.092326
-0.065385, -0.000493, 0.019278, -0.066236, -0.036325, 0.057222
0.096525, -0.000000, -0.006641, 0.073280, -0.037134, -0.006487
-0.012229, 0.005823, -0.001786, 0.139736, -0.010047, 0.066901
-0.008240, 0.009821, 0.018456, 0.064082, -0.007986, -0.032407
-0.000799, 0.008887, 0.036858, -0.008934, 0.035314, -0.017354
-0.005605, 0.014380, 0.002270, 0.001243, -0.040455, -0.019798
-0.067927, -0.034814, -0.009314, -0.058175, -0.020429, 0.083445
-0.055113, -0.015949, 0.059920, 0.007968, 0.000378, 0.069855
0.051275, -0.021940, -0.012355, 0.012113, -0.004780, -0.037915
0.045643, 0.024997, 0.071346, -0.025187, 0.017346, -0.007038
0.016453, 0.051380, -0.019275, 0.057072, 0.092348, 0.016225
-0.091654, -0.012402, -0.014154, 0.013308, 0.061893, -0.034803
-0.028683, -0.070923, 0.030306, 0.038331, 0.055195, -0.015166
0.035111, 0.013232, 0.012957, -0.081203, -0.083237, 0.042234
0.007748, -0.105503, 0.011737, -0.071084, -0.012481, 0.034693
-0.032497, 0.031794, -0.024430, -0.080920, 0.057477, -0.050081
-0.039384, 0.034047, -0.014090, 0.005110, 0.046043, 0.006869
-0.029177, -0.000000, -0.038062, 0.053319, 0.089262, 0.001004
0.088862, 0.038129, 0.059290, 0.032797, -0.028747, 0.023546
0.125578, 0.020557, -0.080500, -0.057780, -0.133795, 0.042158
-0.039503, 0.018683, 0.015528, -0.044618, -0.033132, 0.017644
0.013513, -0.089541, -0.060899, -0.038430, 0.039066, 0.092097
-0.007334, -0.028982, -0.005068, 0.051232, 0.051210, -0.037105
-0.101318, 0.049703, -0.029230, 0.020596, -0.009027, 0.047032
-0.005661, -0.009907, 0.008667, -0.023426, -0.046807, 0.015252
-0.078627, 0.010870, 0.055204, -0.077643, -0.005238, -0.057699
-0.062047, 0.051316, 0.032351, -0.024998, -0.037992, 0.031020
-0.072000, 0.017224, -0.017810, -0.061081, -0.075017, -0.039551

==============================================================================

[51] id: Hybrid_9
category    : Hybrid
scheme      : HDFC Balanced Advantage Fund - Direct Plan - Growth
section     : Exit load
source_url  : https://groww.in/mutual-funds/hdfc-balanced-advantage-fund-direct-growth
ingested_at : 2026-10-07T06:17:39+00:00  |  chunk_index: 9
chars       : 103  |  embedding: 384-dim
------------------------------------------------------------------------------
TEXT:
Exit Load for units in excess of 15% of the investment,1% will be charged for redemption within 1 year.

EMBEDDING (384 floats, rounded to 6 dp):
0.016095, 0.040186, -0.038505, -0.000008, 0.023087, -0.031570
-0.007047, 0.026539, -0.006009, 0.054157, 0.101997, -0.012973
0.032170, 0.006919, -0.045339, 0.065116, 0.000980, -0.082273
-0.075275, 0.024082, 0.002772, -0.068487, -0.042617, -0.012281
0.088684, -0.005298, 0.006214, 0.002489, -0.014135, -0.052521
-0.018010, -0.020405, 0.018038, -0.074412, 0.044966, 0.067739
-0.074822, -0.039895, 0.003143, -0.002877, 0.027868, 0.005246
-0.015900, 0.026907, 0.015880, -0.002399, -0.050363, 0.065931
0.026575, 0.111260, 0.080760, 0.020158, -0.004567, 0.066487
-0.076252, -0.048843, 0.049626, 0.036548, -0.004853, -0.017452
0.004361, 0.022280, -0.028769, -0.020473, 0.023870, -0.047778
0.015010, -0.002523, -0.046949, -0.000790, 0.016780, -0.115518
-0.087793, -0.102753, -0.052779, 0.079312, 0.037671, 0.067810
0.034153, -0.071177, 0.039214, 0.024296, 0.015641, -0.081244
0.012398, 0.027603, 0.034619, 0.062261, 0.167243, 0.066582
0.006271, 0.075436, 0.043476, -0.026701, -0.013632, 0.072822
-0.088564, -0.028214, -0.053211, 0.011292, 0.007574, -0.014519
0.005290, -0.042983, -0.016153, -0.077643, 0.021792, 0.042736
0.029067, -0.051789, 0.041368, -0.011665, 0.086790, -0.013069
0.060687, 0.084867, -0.058625, 0.002318, 0.065066, -0.007743
0.113004, 0.037939, -0.070049, -0.024844, -0.083499, -0.007929
0.059976, -0.000000, -0.065081, -0.021215, -0.051732, -0.008773
-0.089647, -0.096291, 0.035060, 0.123250, -0.013096, -0.035922
-0.058140, -0.015296, 0.013432, -0.012420, 0.000054, -0.025065
0.048047, 0.034403, 0.127723, -0.071682, 0.013460, -0.069824
0.011279, 0.032863, 0.063000, -0.007988, -0.033361, -0.028865
-0.041261, 0.001753, 0.110247, 0.079073, -0.041368, -0.077827
-0.045641, 0.065214, 0.128257, 0.008197, 0.055367, -0.044091
-0.051082, 0.036592, 0.017120, 0.016697, -0.052822, -0.110154
0.084917, -0.082321, -0.092730, 0.034305, -0.011365, -0.042690
-0.032964, 0.020037, -0.004592, 0.047518, -0.010379, -0.012486
-0.002847, -0.003055, 0.054866, -0.021850, -0.004993, 0.017001
-0.128866, 0.026396, -0.001652, 0.019892, -0.068847, 0.057187
-0.023251, -0.064421, 0.020636, -0.123650, 0.033925, -0.017691
0.026141, -0.001110, 0.099327, 0.065020, -0.048054, -0.055573
-0.073654, -0.036534, 0.037647, 0.001759, 0.133658, -0.100684
-0.042648, -0.019585, 0.048207, -0.030536, -0.038718, 0.048487
0.083553, -0.000000, -0.001594, 0.064820, -0.021658, 0.005095
-0.050139, -0.006607, -0.040185, 0.071999, -0.029655, 0.078494
-0.054994, -0.013091, -0.020034, 0.066893, -0.021426, -0.048659
0.043352, -0.005166, 0.009046, 0.012999, 0.071904, -0.036595
-0.012103, 0.003550, 0.002558, 0.026039, -0.080823, -0.035649
-0.028709, -0.006795, -0.032254, -0.062089, -0.011623, 0.057221
-0.067674, 0.006812, 0.067791, -0.004013, -0.007917, 0.026826
0.071293, -0.047041, -0.005420, 0.018782, -0.028636, -0.048414
0.051570, -0.019421, 0.058066, -0.019921, 0.008532, -0.019570
0.018222, 0.077959, -0.053521, 0.046234, 0.113902, 0.045829
-0.089433, 0.003413, 0.028980, 0.017508, 0.047035, -0.000358
-0.034534, -0.056206, 0.029168, 0.030951, 0.040628, -0.018912
0.043689, 0.047641, 0.039815, -0.082962, -0.085465, 0.058489
0.024881, -0.141146, 0.009288, -0.088398, -0.023065, -0.011150
-0.015218, -0.010256, -0.017630, -0.065293, 0.065302, -0.038832
0.023999, 0.052636, -0.020835, -0.022803, 0.055424, 0.019753
-0.061012, -0.000000, -0.089557, 0.066840, 0.068796, 0.054600
0.083289, 0.012672, 0.040372, 0.034500, -0.004738, 0.008787
0.119716, -0.006989, -0.048173, -0.003542, -0.115088, -0.005099
-0.032013, 0.030411, 0.006981, -0.041003, -0.023491, 0.046833
-0.011413, -0.091254, -0.028782, -0.003032, 0.012422, 0.083861
0.017988, -0.066365, -0.036452, 0.006230, 0.049887, -0.013586
-0.054446, 0.052769, -0.006178, 0.019141, 0.018214, 0.029014
-0.017488, 0.024281, 0.007398, -0.021675, -0.028146, 0.045890
-0.078717, 0.017084, 0.044676, -0.062303, 0.042370, -0.046825
-0.047797, 0.049174, 0.032599, -0.026523, -0.034510, 0.027356
-0.104997, 0.022520, -0.041824, -0.069890, -0.040084, -0.046720

==============================================================================

[52] id: Hybrid_10
category    : Hybrid
scheme      : HDFC Balanced Advantage Fund - Direct Plan - Growth
section     : Stamp duty on investment: 0.005% (from July 1st, 2020)
source_url  : https://groww.in/mutual-funds/hdfc-balanced-advantage-fund-direct-growth
ingested_at : 2026-10-07T06:17:39+00:00  |  chunk_index: 10
chars       : 18  |  embedding: 384-dim
------------------------------------------------------------------------------
TEXT:
from July 1st 2020

EMBEDDING (384 floats, rounded to 6 dp):
-0.005528, -0.004964, 0.020407, 0.012797, 0.036582, 0.018029
-0.024132, -0.045879, -0.058652, 0.062237, 0.029509, -0.001876
0.039458, 0.031301, 0.019227, 0.025915, 0.029155, -0.064853
0.041752, -0.040702, -0.029552, 0.023912, -0.047139, 0.010897
-0.005044, 0.030909, -0.003052, -0.021220, 0.039694, 0.016806
0.084966, -0.045665, -0.075278, 0.019486, 0.036823, -0.022707
-0.010017, -0.031961, -0.009881, 0.014985, -0.085837, -0.153053
-0.023646, 0.053961, 0.093181, 0.027024, -0.015122, 0.064952
-0.015687, 0.098590, -0.020512, -0.010330, 0.027294, -0.047701
0.010622, 0.048837, -0.007204, -0.031001, 0.041152, 0.013695
0.012180, -0.089632, -0.092812, -0.034549, -0.011575, -0.045192
0.037035, 0.025025, 0.041286, -0.063475, -0.024249, -0.004598
0.044293, -0.020794, 0.023124, 0.055101, 0.044484, 0.087545
0.085190, -0.076454, -0.024914, -0.080408, 0.063067, -0.049364
-0.035120, 0.048471, -0.050686, 0.032176, 0.031252, 0.017937
-0.021224, 0.062312, 0.005312, 0.069167, -0.130827, -0.017575
-0.015774, -0.023576, 0.093939, 0.146736, -0.020859, 0.075139
-0.032411, -0.044780, -0.035906, -0.002149, 0.062076, -0.074591
0.002944, -0.067133, -0.041359, -0.016319, 0.079644, 0.003114
-0.011955, 0.025277, 0.000276, 0.031137, 0.071093, -0.053211
0.071697, 0.037656, -0.021857, 0.011757, -0.058914, -0.015073
-0.031471, -0.000000, 0.002084, -0.009338, 0.009111, 0.086410
-0.047935, -0.032563, 0.087292, -0.072377, -0.002948, -0.035939
0.011965, -0.052459, -0.046526, -0.071680, 0.020236, -0.058852
-0.051802, -0.043993, -0.009861, 0.073274, -0.004039, -0.079600
-0.020603, -0.025747, -0.014296, -0.025149, -0.018739, -0.062194
-0.006122, 0.058382, 0.001090, -0.016142, -0.070685, -0.008283
-0.013972, 0.011680, -0.048385, -0.058484, -0.040824, -0.001396
0.083153, 0.030167, 0.035061, -0.027967, 0.027134, 0.013551
0.047815, 0.074327, 0.060952, -0.009929, -0.022204, 0.023254
-0.074867, -0.046735, 0.023945, 0.013362, -0.071629, -0.058798
0.077757, -0.036105, 0.015846, 0.065026, -0.061834, 0.012601
-0.106995, 0.006446, 0.055397, -0.030031, -0.035016, -0.007250
0.055524, 0.011959, -0.014370, -0.134821, -0.020314, -0.021353
0.119826, -0.080592, 0.038476, 0.053880, -0.028698, 0.098003
0.074597, 0.017148, 0.063048, -0.065245, 0.028190, 0.043391
0.041678, -0.089367, -0.074626, -0.082691, 0.048434, 0.060396
-0.043439, -0.000000, 0.014108, 0.107207, 0.052504, -0.009936
0.016013, -0.046024, 0.065627, 0.193857, 0.021569, 0.019052
0.035688, 0.010997, 0.081358, 0.064505, 0.000244, -0.024739
0.026101, -0.029409, -0.096948, -0.014056, -0.085152, 0.019320
-0.074742, 0.012239, -0.071278, 0.017321, 0.126294, -0.044484
-0.070826, -0.046304, -0.039966, -0.065893, -0.017325, 0.016588
0.040324, 0.035756, 0.082680, -0.035650, 0.027616, 0.029612
0.032779, 0.007047, -0.039537, 0.064123, 0.005390, 0.005171
0.032594, 0.011171, 0.052051, 0.000433, -0.043293, 0.043910
-0.049219, 0.034040, 0.002919, -0.002611, 0.011901, 0.018918
0.026135, -0.027826, -0.043333, 0.010260, -0.022728, -0.020328
0.022332, -0.050755, -0.047591, 0.069472, 0.046390, 0.062243
0.043159, -0.017016, -0.157317, -0.009101, -0.063427, -0.022333
0.014545, -0.010710, -0.000529, -0.056507, -0.052863, 0.064517
-0.040508, 0.036712, 0.071396, -0.007925, -0.009990, -0.079938
-0.028787, -0.050142, -0.065786, -0.042245, -0.017048, 0.048631
0.015301, -0.000000, 0.052224, 0.044551, -0.045483, 0.095200
0.086823, 0.048034, -0.020627, -0.045389, 0.053345, 0.031835
0.075444, 0.001098, 0.023931, 0.000915, 0.034274, 0.137698
-0.033775, 0.024088, 0.002418, -0.055969, 0.013470, 0.028930
0.083159, 0.021509, -0.018701, -0.027944, -0.065601, 0.062704
-0.024556, -0.046799, 0.013632, 0.013303, -0.023708, -0.096261
-0.050086, 0.015305, -0.096374, 0.044887, 0.048090, -0.038715
0.032367, 0.019866, 0.037841, 0.076351, 0.004458, -0.092688
-0.046156, -0.036947, -0.020173, -0.085031, -0.098562, -0.011884
0.041290, -0.022072, 0.086564, 0.047409, -0.041503, -0.039248
-0.020825, 0.025289, 0.098251, -0.048234, 0.008890, 0.035399

==============================================================================

[53] id: Hybrid_11
category    : Hybrid
scheme      : HDFC Balanced Advantage Fund - Direct Plan - Growth
section     : Tax implication
source_url  : https://groww.in/mutual-funds/hdfc-balanced-advantage-fund-direct-growth
ingested_at : 2026-10-07T06:17:39+00:00  |  chunk_index: 11
chars       : 174  |  embedding: 384-dim
------------------------------------------------------------------------------
TEXT:
If you redeem within one year, returns are taxed at 20%. If you redeem after one year, returns exceeding Rs 1.25 lakh in a financial year are taxed at 12.5%.

Check past data

EMBEDDING (384 floats, rounded to 6 dp):
-0.013113, -0.037038, -0.042176, -0.021699, 0.000801, 0.034358
0.077987, 0.050187, 0.007713, 0.018998, 0.079016, 0.012598
-0.065295, -0.014643, 0.005963, 0.014451, -0.047694, -0.013140
-0.028823, -0.031359, 0.133993, -0.037194, -0.077347, -0.037466
0.100319, -0.074828, 0.002324, -0.012916, -0.032882, -0.016930
0.083141, 0.002027, -0.048639, -0.046966, -0.011587, 0.009091
0.014093, -0.064164, 0.013091, -0.037579, -0.074550, 0.034277
-0.049244, -0.046095, 0.060854, -0.042179, 0.017080, 0.058845
-0.016868, 0.106356, 0.029973, 0.120448, -0.020928, 0.054235
-0.038305, -0.093072, -0.030026, 0.098236, -0.001273, -0.113165
-0.037923, -0.034197, -0.008082, -0.024761, -0.037463, 0.007658
-0.016216, -0.077719, -0.032085, -0.036096, -0.044966, -0.079607
0.000720, -0.065477, -0.044630, -0.054217, -0.005822, 0.087366
-0.055829, -0.056838, 0.063081, 0.058092, -0.009397, -0.083742
0.013447, 0.003817, 0.018291, 0.052637, 0.037069, 0.038906
0.099699, 0.051238, 0.030601, 0.039606, -0.032467, -0.032604
-0.005574, 0.000468, 0.077146, 0.030034, -0.030091, 0.071809
-0.066267, -0.027249, 0.002674, -0.020131, 0.019718, 0.041570
0.021937, -0.052136, 0.003560, 0.061405, -0.005297, 0.028435
-0.022919, 0.066881, -0.064632, -0.019778, -0.023881, -0.038424
0.066042, 0.011591, 0.001968, -0.045002, -0.042644, -0.110508
0.047231, 0.000000, -0.026806, 0.038106, -0.033618, -0.117408
-0.040333, -0.004304, 0.071255, 0.052480, -0.025621, 0.001521
-0.032859, -0.015573, 0.039639, -0.031421, 0.020393, 0.040796
-0.041026, -0.007348, 0.078709, 0.038408, 0.028555, -0.053967
0.049512, -0.007721, -0.027336, 0.073357, -0.041467, -0.031375
-0.043225, 0.006360, 0.061356, 0.038973, 0.075098, -0.080859
-0.030570, 0.084911, 0.116410, -0.003104, 0.014019, 0.006071
0.017995, 0.049152, 0.048980, 0.004469, -0.084088, -0.067857
0.021950, 0.011542, 0.004974, 0.073814, -0.035269, 0.000627
-0.015087, -0.032780, -0.042393, -0.012877, -0.015121, -0.003144
0.008752, 0.015463, 0.034484, -0.102027, 0.008753, -0.017867
-0.080409, -0.031880, 0.106370, -0.023541, -0.010241, -0.011494
-0.021857, -0.038917, 0.027233, -0.026458, 0.035586, 0.032991
0.050504, 0.011941, 0.080188, 0.057684, -0.042607, -0.046517
-0.132837, -0.050928, 0.018373, 0.071923, 0.036257, -0.045452
0.002539, 0.017224, 0.076421, -0.044042, 0.027058, -0.061849
0.070850, -0.000000, 0.020758, 0.042477, -0.039748, 0.020913
-0.066064, 0.052009, 0.039655, 0.115740, -0.098613, 0.128879
0.002820, 0.015691, 0.053601, 0.048288, 0.030233, 0.015604
-0.013570, 0.068109, 0.010991, -0.050827, 0.023586, 0.080966
0.074546, 0.073095, -0.010962, 0.064251, -0.059416, 0.031181
0.008025, -0.019184, 0.075485, -0.007895, -0.051299, -0.045593
0.028994, -0.028053, 0.038033, -0.060023, 0.053934, 0.047898
-0.014007, 0.014052, -0.018685, -0.049187, 0.073598, -0.079100
-0.029935, 0.084721, 0.086852, -0.085502, 0.121463, 0.013366
-0.000591, -0.050396, -0.024095, 0.080600, -0.021285, -0.012731
-0.062263, -0.037881, -0.016842, -0.030185, -0.006663, 0.094552
-0.005368, -0.091618, 0.108271, -0.026848, 0.121504, -0.052444
0.007432, -0.089819, 0.025760, -0.028294, -0.014017, 0.046565
-0.050834, 0.032890, 0.090489, 0.010449, -0.003679, 0.014742
0.044537, 0.015258, 0.021747, -0.135526, 0.029663, -0.051438
0.006309, 0.001552, -0.013389, -0.014919, 0.028201, -0.006584
0.057442, -0.000000, 0.014611, -0.007696, 0.026764, 0.058103
-0.021791, 0.059400, -0.019008, -0.008634, -0.096868, -0.052190
0.052748, -0.043233, -0.090960, -0.049939, -0.064278, 0.016902
-0.035044, 0.027045, -0.005284, 0.001490, 0.078734, 0.025645
0.026084, -0.035186, -0.047578, -0.023750, 0.060730, 0.079618
0.015530, -0.043721, 0.003247, -0.004360, 0.012141, 0.000163
-0.043743, -0.059943, 0.039324, 0.020620, 0.007853, 0.012112
0.021526, -0.115443, 0.003418, -0.030628, -0.132474, -0.003857
-0.094913, -0.040273, -0.015778, -0.111173, 0.034615, 0.009855
-0.083470, -0.040385, -0.058420, 0.015726, -0.088924, 0.063321
-0.000664, -0.044228, 0.042864, -0.010637, -0.073453, -0.019798

==============================================================================

[54] id: Hybrid_12
category    : Hybrid
scheme      : HDFC Balanced Advantage Fund - Direct Plan - Growth
section     : AB Anil Bamboli Jul 2022 - Present View details
source_url  : https://groww.in/mutual-funds/hdfc-balanced-advantage-fund-direct-growth
ingested_at : 2026-10-07T06:17:39+00:00  |  chunk_index: 12
chars       : 311  |  embedding: 384-dim
------------------------------------------------------------------------------
TEXT:
Education: Mr. Bamboli is a CFA from Association for Investment Management and Research, U.S.A, Masters in Management Studies (Finance) and a Graduate in Cost and Works Accountant from ICWAI.

Experience: Prior to joining HDFC AMC he has worked with SBI Fund Management for 11 years.

Also manages these schemes

EMBEDDING (384 floats, rounded to 6 dp):
-0.002088, -0.023857, -0.125341, 0.022712, 0.017042, 0.013568
-0.013337, 0.002488, -0.025504, -0.017743, -0.034466, -0.075424
-0.045148, -0.014506, -0.005129, 0.017066, -0.005270, -0.066344
0.009245, -0.026138, -0.035504, -0.006848, -0.010227, -0.022822
-0.042286, -0.006741, 0.021922, 0.038802, -0.037882, -0.026133
0.054486, 0.076946, 0.063634, -0.060554, 0.039305, 0.081449
0.015312, 0.026817, 0.008810, -0.019388, -0.010583, -0.060189
0.037423, -0.079225, 0.028894, -0.108557, 0.007362, 0.022729
0.072031, -0.010799, -0.136766, -0.051944, 0.005850, -0.079115
0.046883, 0.027558, 0.050534, 0.003248, 0.004745, -0.031193
-0.063679, 0.016794, 0.058811, 0.007791, 0.070541, 0.001010
-0.070208, 0.007802, 0.038475, 0.004669, 0.029954, -0.109769
-0.119230, -0.016886, 0.020734, -0.006774, 0.011780, 0.081017
0.120736, -0.074906, -0.005862, 0.005066, 0.020875, -0.033922
-0.016318, -0.009051, 0.032303, 0.014660, 0.021219, 0.067927
0.099033, 0.020064, -0.005630, 0.010575, -0.072724, -0.037925
-0.029119, -0.002508, -0.052601, 0.043293, -0.000694, -0.016541
0.000350, -0.001871, -0.059131, 0.043756, 0.064537, 0.057912
0.036753, -0.022878, 0.019156, 0.066835, -0.070790, -0.025197
-0.029062, -0.005681, -0.082340, 0.003668, -0.019423, -0.005304
-0.007001, 0.072205, -0.074150, -0.055697, -0.057622, -0.063593
-0.054650, 0.000000, 0.046198, 0.051210, -0.045065, -0.002929
-0.041328, -0.018820, -0.040037, 0.010542, 0.024004, 0.053308
0.052166, 0.092252, -0.066944, 0.011044, 0.008861, -0.038572
-0.024405, 0.044588, 0.007456, -0.030261, 0.035126, 0.004264
0.011235, -0.140605, 0.075789, 0.040225, 0.079558, 0.001291
0.092120, 0.059135, 0.031791, -0.015863, -0.135301, -0.089852
-0.018945, -0.058438, -0.052912, -0.088474, -0.104137, -0.002482
-0.080547, 0.030154, -0.028892, 0.044372, -0.049518, -0.008196
0.130695, 0.001089, 0.095760, -0.028171, -0.090364, -0.104131
0.060834, -0.014671, 0.087338, -0.042415, -0.007095, 0.010543
0.000488, -0.005327, 0.021473, -0.016757, -0.071821, 0.064153
-0.057320, 0.006289, 0.053504, -0.017367, 0.079497, -0.081959
0.057714, 0.012929, 0.083454, 0.011364, -0.064669, -0.044884
0.035874, 0.089866, 0.000220, 0.058050, -0.009138, 0.048730
0.055934, -0.025804, 0.002093, 0.146454, 0.082193, -0.012164
-0.057671, -0.036683, -0.053054, -0.046516, 0.079802, 0.055125
0.034990, -0.000000, -0.030555, -0.001515, 0.087805, -0.093989
-0.045818, 0.013289, 0.031128, -0.021357, -0.012903, -0.003031
-0.065031, 0.016184, 0.014711, -0.062243, 0.001172, -0.046298
0.007218, -0.082670, -0.079337, -0.059903, 0.042030, 0.043264
0.032812, 0.018494, -0.042602, -0.012886, 0.036596, 0.040774
-0.071869, 0.026167, 0.078555, 0.001415, -0.118530, -0.014889
-0.044256, -0.036463, 0.046639, 0.048452, -0.035554, 0.088691
0.008478, 0.020979, -0.027864, -0.004612, -0.005860, 0.040352
-0.049786, -0.032910, 0.082584, -0.023421, -0.075240, -0.029851
0.029194, -0.049396, 0.005320, -0.026859, 0.061691, 0.004926
-0.013870, -0.023446, 0.009089, 0.051322, 0.064167, 0.101126
0.009678, 0.165182, 0.027385, -0.110684, 0.015128, -0.039684
0.059036, -0.105513, 0.030285, 0.047974, 0.005122, 0.106245
-0.011967, -0.013078, -0.038816, -0.007227, 0.063028, -0.039470
-0.067356, 0.061633, -0.025716, -0.046059, -0.028060, -0.084848
0.060252, 0.036286, -0.025358, -0.019297, 0.045644, -0.006246
-0.006321, -0.000000, 0.016584, -0.015465, -0.030496, -0.033206
-0.043723, -0.006313, -0.117335, -0.065713, 0.049263, 0.037040
-0.015013, 0.029626, -0.055116, 0.010252, -0.006814, -0.035697
0.027051, 0.013346, 0.036721, -0.001867, 0.134538, 0.041297
0.044230, 0.027957, 0.016820, -0.009518, 0.000267, 0.035151
-0.005291, 0.032702, 0.032810, 0.058846, 0.083255, 0.025345
0.021604, 0.017719, 0.032676, 0.016715, -0.008066, 0.034398
0.024856, -0.061569, 0.015462, -0.039208, 0.005248, 0.034802
-0.071363, 0.111656, 0.051942, -0.031258, -0.014854, -0.004089
-0.008860, 0.025101, -0.014445, 0.012220, -0.018970, -0.036684
0.030712, -0.013474, 0.096755, -0.105084, -0.043735, -0.025627

==============================================================================

[55] id: Hybrid_13
category    : Hybrid
scheme      : HDFC Balanced Advantage Fund - Direct Plan - Growth
section     : AA Arun Agarwal Oct 2022 - Present View details
source_url  : https://groww.in/mutual-funds/hdfc-balanced-advantage-fund-direct-growth
ingested_at : 2026-10-07T06:17:39+00:00  |  chunk_index: 13
chars       : 258  |  embedding: 384-dim
------------------------------------------------------------------------------
TEXT:
Education: Mr. Agarwal is a B.Com. and Chartered Accountant

Experience: Prior to joining HDFC Asset Management Company Limited, he has worked with SBI Funds Management Pvt. Ltd., ICICI Bank Limited, UTI Asset Management Pvt. Ltd.

Also manages these schemes

EMBEDDING (384 floats, rounded to 6 dp):
0.007914, -0.028378, -0.083787, -0.011060, 0.028571, -0.028344
0.059949, 0.025168, 0.017491, -0.051416, -0.047464, -0.055291
-0.059261, -0.029601, 0.035489, 0.013721, -0.048303, -0.010990
0.021190, -0.037017, -0.044305, 0.010392, -0.033072, -0.075331
0.026647, -0.035770, 0.063817, 0.032868, -0.065072, -0.033597
0.070208, 0.025641, 0.046777, 0.005164, 0.036259, 0.058477
-0.063235, 0.086764, 0.020246, -0.104186, 0.043743, -0.087404
0.046862, -0.110054, 0.062417, -0.014753, -0.024134, -0.038740
-0.001161, 0.036541, -0.089028, -0.020124, 0.039678, -0.077038
0.063821, 0.033567, 0.043497, -0.068125, -0.012314, -0.012471
-0.038655, 0.014961, -0.026097, -0.009658, 0.091905, -0.000975
0.019318, -0.003311, -0.007055, -0.022752, 0.024670, -0.078522
-0.106033, -0.025978, 0.002849, -0.004808, -0.025880, 0.075681
0.070436, -0.063779, 0.015517, 0.038345, 0.048022, 0.026146
-0.084226, -0.044958, 0.046696, -0.021916, -0.028080, 0.021255
0.122261, 0.038657, 0.020743, -0.003796, -0.020860, -0.074484
-0.016234, -0.029718, -0.007138, 0.051870, 0.006703, 0.021375
-0.041965, 0.016832, -0.100965, -0.024611, 0.076064, 0.031375
0.032741, -0.012058, 0.031058, 0.019747, -0.090768, -0.059933
0.001178, -0.034165, -0.080883, -0.022507, -0.024274, -0.094035
-0.016721, 0.082212, -0.046122, -0.002697, 0.029847, -0.075104
-0.096427, 0.000000, -0.001084, 0.036487, 0.048192, -0.024442
-0.022118, -0.021730, 0.030340, 0.000120, 0.043917, 0.036264
0.057090, 0.060942, -0.030834, -0.028541, -0.044040, -0.008110
0.013984, 0.010884, 0.022226, -0.010347, 0.055613, 0.010709
0.052825, -0.038540, 0.069258, -0.027162, 0.130626, 0.037091
0.100123, 0.040116, 0.021384, -0.036795, -0.071172, -0.000487
-0.002140, 0.014640, -0.089371, -0.049738, -0.092927, 0.033212
-0.029769, 0.048573, -0.004487, 0.006784, -0.078194, 0.037693
0.051936, 0.071855, 0.033259, 0.020263, -0.090563, -0.057432
0.000923, -0.025288, 0.088367, -0.008065, -0.014514, -0.013644
-0.024805, 0.007150, 0.034328, -0.017359, -0.117974, 0.041572
-0.056211, 0.061297, 0.061028, -0.009574, 0.063416, -0.048246
0.036536, 0.053269, 0.075047, -0.004861, -0.076462, -0.030726
-0.036126, 0.171105, -0.041576, 0.035313, 0.010406, 0.089916
0.098389, -0.013084, -0.023386, 0.047734, 0.046497, -0.028185
-0.043048, -0.013060, -0.007664, -0.045507, 0.064338, 0.130569
-0.003079, -0.000000, 0.017203, -0.048563, 0.023077, -0.022111
-0.004101, 0.039372, 0.059074, 0.049231, 0.000954, 0.029750
-0.021078, 0.098137, 0.040717, -0.054798, -0.007579, -0.067599
0.062109, -0.014528, -0.066514, 0.000416, 0.018277, 0.096523
0.094844, -0.016279, -0.026010, -0.021713, 0.025935, 0.050886
-0.101716, 0.002787, 0.037509, -0.001832, -0.056834, -0.020216
-0.071218, -0.050154, 0.032911, 0.056105, -0.048066, 0.125061
-0.046443, 0.002002, 0.023510, -0.024103, 0.030883, -0.083367
0.000118, 0.003513, 0.070222, -0.055692, -0.019148, -0.062398
0.028003, -0.091034, 0.011202, 0.049596, 0.122852, -0.012663
-0.015714, -0.010523, -0.005717, 0.041268, 0.123187, 0.133006
-0.002977, 0.073080, 0.008709, -0.097015, 0.051822, -0.071399
0.029243, -0.071979, 0.024736, 0.016696, 0.032832, 0.042263
-0.054423, -0.006488, 0.010143, -0.022566, 0.029667, -0.036265
-0.031207, 0.081328, -0.066973, -0.059890, 0.055247, -0.094576
-0.002106, -0.005044, -0.040269, 0.003615, 0.048691, 0.071306
-0.009462, -0.000000, -0.030977, -0.034149, -0.074440, -0.059033
-0.050935, -0.052670, -0.068568, -0.029822, 0.045247, 0.037404
-0.004933, 0.013900, -0.091591, -0.037467, -0.019524, -0.109343
0.038421, 0.044982, -0.023574, 0.010986, 0.076626, -0.008244
0.012002, -0.004260, 0.007088, -0.025506, -0.003674, -0.032647
0.033454, -0.008007, -0.047001, 0.088755, 0.054624, -0.013875
0.054899, 0.031227, 0.068980, -0.005559, 0.050431, 0.044760
-0.020905, -0.091813, 0.044784, -0.016589, -0.024855, 0.030141
-0.065698, 0.030658, 0.013081, -0.070902, -0.010210, -0.025659
0.034906, -0.000933, 0.027429, -0.006937, -0.012656, -0.058427
-0.015767, 0.049710, 0.126614, -0.084334, -0.063961, 0.042781

==============================================================================

[56] id: Hybrid_14
category    : Hybrid
scheme      : HDFC Balanced Advantage Fund - Direct Plan - Growth
section     : DM Dhruv Muchhal Jun 2023 - Present View details
source_url  : https://groww.in/mutual-funds/hdfc-balanced-advantage-fund-direct-growth
ingested_at : 2026-10-07T06:17:39+00:00  |  chunk_index: 14
chars       : 250  |  embedding: 384-dim
------------------------------------------------------------------------------
TEXT:
Education: Mr. Dhruv has done B.Com, CA and CFA

Experience: Prior to joining HDFC MF,he has worked with Motilal Oswal Financial Services Ltd., Goldman Sachs, CRISIL Global Research & Analytics and Deloitte Haskins & Sells

Also manages these schemes

EMBEDDING (384 floats, rounded to 6 dp):
0.010498, -0.081862, -0.084567, 0.018841, 0.012251, 0.005959
-0.023829, -0.040051, -0.017299, -0.018819, -0.022153, -0.022120
-0.040402, 0.039019, -0.004279, 0.027751, -0.012746, 0.003688
0.048736, -0.075334, -0.093033, -0.017494, 0.024280, -0.031283
-0.009157, -0.027049, -0.028747, 0.043082, -0.041491, -0.052233
0.046244, 0.066014, 0.007893, 0.017218, 0.046516, 0.086551
-0.018233, 0.046202, -0.056152, -0.084752, -0.019246, -0.051809
0.016656, 0.014254, 0.053424, -0.027332, -0.008034, 0.025012
0.025760, -0.009837, -0.096942, -0.046054, 0.008528, -0.023508
0.003650, 0.074504, 0.006557, 0.005536, 0.022222, -0.022347
-0.078726, 0.006430, -0.003189, 0.043921, 0.040330, 0.005921
-0.069790, 0.004631, -0.041129, -0.062703, -0.000288, -0.141710
-0.057318, -0.016847, 0.038994, 0.040998, -0.002860, -0.011917
0.048217, -0.089848, 0.065960, 0.054824, -0.004976, 0.055980
-0.040395, -0.086433, 0.000128, -0.036231, -0.007868, -0.063391
0.142581, 0.007732, -0.019514, 0.010273, -0.077322, -0.073111
0.019193, 0.080779, -0.029307, 0.012986, -0.003326, -0.041205
-0.062746, -0.009477, -0.090268, 0.017911, 0.050277, 0.127418
0.031282, 0.023032, 0.010776, 0.134570, -0.068872, -0.047659
0.077196, -0.035830, -0.037811, 0.026978, 0.014809, -0.063399
-0.062271, 0.060255, -0.029640, -0.113051, -0.063492, -0.047129
-0.096818, 0.000000, 0.009864, 0.064833, 0.036214, 0.001323
-0.005836, -0.001140, 0.073661, 0.006003, -0.032291, 0.037905
-0.001643, 0.114626, -0.003283, 0.009238, -0.061709, -0.084468
0.000886, -0.007710, 0.009058, 0.034297, 0.051241, 0.052136
0.021263, -0.010465, 0.098186, -0.039122, 0.094116, 0.047211
0.080982, 0.052600, -0.038071, -0.018280, -0.106553, -0.033439
-0.012105, 0.032295, -0.090361, -0.085162, -0.057031, -0.080559
-0.056467, 0.066219, -0.014754, -0.051342, -0.079444, 0.055749
0.022099, 0.081245, 0.037859, 0.022855, -0.032191, -0.060026
-0.002821, -0.000703, 0.026320, 0.080841, 0.021289, -0.050444
0.016467, 0.047071, -0.024612, 0.001502, -0.147162, -0.025685
-0.035457, -0.015043, 0.033691, -0.060863, 0.048187, -0.037787
0.024491, 0.083655, 0.040520, 0.011272, -0.054371, -0.070056
-0.044005, 0.148224, 0.026666, -0.000522, 0.043958, 0.078574
0.135130, -0.018340, 0.050617, 0.056978, 0.005985, -0.009971
-0.053616, 0.022311, -0.054239, -0.088540, 0.119300, 0.098307
0.003307, -0.000000, -0.057772, -0.051207, 0.013903, -0.011283
-0.007586, 0.041297, 0.034933, 0.008013, 0.026875, 0.000827
0.058449, 0.059903, 0.035709, -0.050487, -0.048827, -0.043467
0.017882, -0.017596, -0.034787, -0.037529, 0.068723, 0.013717
0.027878, 0.014058, 0.014127, -0.003171, 0.045210, 0.008163
-0.052374, 0.054371, 0.040870, 0.006098, -0.102425, 0.034288
-0.035618, -0.033707, -0.040504, 0.060042, -0.004746, 0.048582
-0.063290, 0.047974, 0.022058, -0.060803, -0.011069, 0.026904
-0.032077, 0.023864, 0.094192, -0.051685, -0.090458, -0.013994
-0.008495, -0.023970, -0.044708, 0.020246, 0.088551, 0.000793
-0.008676, -0.004464, -0.006698, 0.094835, 0.056979, 0.064010
0.070768, 0.069683, -0.040101, -0.049478, 0.015233, -0.089868
0.041854, -0.066459, 0.006779, -0.021101, -0.017549, -0.023957
-0.038113, -0.039629, -0.040158, 0.066711, 0.126342, -0.024781
0.010278, 0.090349, -0.014025, -0.041755, 0.055851, -0.112843
0.018519, 0.007779, -0.028424, -0.054702, 0.006157, -0.023922
0.034783, -0.000000, -0.045457, -0.017916, -0.034083, -0.062458
-0.032089, -0.021458, -0.033034, 0.031597, 0.057703, 0.065739
0.047290, -0.026287, -0.104207, 0.016733, -0.032937, -0.020809
0.053501, 0.084220, 0.024919, 0.047400, 0.089760, 0.022284
0.032737, 0.055651, 0.039954, 0.002446, -0.022357, -0.042809
0.065751, 0.066336, -0.053055, 0.015736, 0.045089, -0.040596
0.033963, 0.014624, -0.001687, -0.007791, 0.004469, 0.083980
-0.015901, 0.009328, 0.049860, 0.010165, 0.008630, -0.017968
-0.107186, 0.059042, 0.035978, 0.019583, 0.026923, -0.029088
0.023728, -0.049963, -0.008760, -0.047522, 0.017960, -0.027425
-0.005051, 0.009561, 0.076414, -0.105508, 0.050746, 0.059015

==============================================================================

[57] id: Hybrid_15
category    : Hybrid
scheme      : HDFC Balanced Advantage Fund - Direct Plan - Growth
section     : NM Nandita Menezes Mar 2025 - Present View details
source_url  : https://groww.in/mutual-funds/hdfc-balanced-advantage-fund-direct-growth
ingested_at : 2026-10-07T06:17:39+00:00  |  chunk_index: 15
chars       : 181  |  embedding: 384-dim
------------------------------------------------------------------------------
TEXT:
Education: CA (ICAI, INDIA), B.Com (University of Mumbai)

Experience: Prior to joining HDFC AMC, she was associated with S.V. Ghatalia & Associates LLP.

Also manages these schemes

EMBEDDING (384 floats, rounded to 6 dp):
0.015840, -0.073587, -0.071728, 0.005318, 0.017424, 0.096884
0.013221, 0.028331, -0.050329, 0.026496, -0.018562, -0.067006
-0.022223, -0.004292, -0.001507, 0.000244, 0.062675, -0.026555
0.028960, -0.014791, -0.032876, 0.021081, -0.039340, 0.006418
0.030754, 0.011544, 0.050926, -0.037048, -0.050885, -0.018474
0.008874, 0.063069, 0.018914, 0.068228, 0.067751, 0.057080
-0.054802, 0.053400, -0.015154, -0.080076, -0.012124, -0.005652
0.013269, -0.083938, 0.080280, -0.005685, 0.000296, 0.023788
-0.066547, -0.031457, -0.012678, -0.037804, 0.006890, -0.004300
0.002996, 0.104699, 0.022983, -0.027444, -0.023580, -0.017428
-0.039323, -0.019894, 0.044253, 0.002843, 0.022898, -0.056214
-0.009963, 0.026189, 0.045314, -0.108224, -0.029201, -0.030601
-0.085124, 0.001629, 0.037998, 0.027538, 0.032918, 0.029659
0.142136, -0.106428, 0.001919, 0.055953, 0.045134, 0.090728
-0.061880, -0.006466, 0.042767, -0.003851, -0.022982, -0.092102
0.109549, 0.005155, -0.006280, 0.012346, -0.031056, -0.083697
-0.039852, -0.020576, 0.011287, 0.004209, -0.032473, 0.053295
-0.066807, -0.048305, -0.124245, 0.024430, 0.052512, 0.081052
0.071822, -0.032990, -0.009764, 0.113200, -0.066773, -0.028096
-0.005500, 0.065233, -0.051022, 0.012993, 0.006127, -0.076895
-0.052066, -0.029286, -0.018387, -0.067036, -0.031766, -0.147643
-0.066593, -0.000000, -0.018710, 0.099902, 0.005505, -0.045439
0.045500, -0.025419, 0.030723, 0.014204, 0.003504, 0.054713
-0.037815, 0.073759, -0.028132, -0.028408, -0.040350, -0.007373
-0.085832, 0.068345, 0.006266, 0.024385, 0.029985, 0.074602
0.041892, -0.016911, 0.014049, 0.017409, 0.072570, 0.047905
0.056056, 0.055104, 0.024923, -0.000806, -0.099245, -0.008602
0.043888, 0.040120, 0.020261, -0.124986, -0.084470, -0.001670
-0.061614, 0.051731, 0.056272, -0.064540, -0.047440, 0.047268
0.058872, 0.004229, 0.063123, 0.115988, -0.093140, -0.090492
0.039615, -0.010793, 0.058504, -0.000644, -0.018852, -0.027205
0.061052, 0.003653, -0.029614, -0.049338, -0.194304, 0.002534
-0.052079, 0.050731, 0.071018, -0.098603, 0.132155, -0.059480
0.035499, 0.042011, 0.011528, 0.057923, -0.169182, -0.032930
-0.034862, 0.101400, 0.029515, 0.061883, -0.026857, 0.086458
0.027828, -0.030538, 0.067686, 0.010368, 0.056519, -0.017041
-0.035179, 0.005910, -0.022205, 0.015471, 0.111340, 0.077197
0.016973, 0.000000, 0.001919, -0.028055, -0.085106, 0.025804
0.054767, 0.014989, 0.036795, -0.002892, 0.035676, -0.049523
0.041958, 0.019314, 0.035033, -0.010807, -0.004657, -0.045074
0.051402, -0.049881, -0.063933, -0.031321, 0.071884, -0.019781
-0.048069, -0.023215, 0.048565, 0.033238, 0.012543, 0.056449
-0.050151, 0.039604, 0.067490, -0.005358, -0.142105, 0.041488
-0.010347, -0.051650, 0.022887, 0.090123, -0.021470, 0.000196
-0.058543, 0.009866, 0.005637, 0.029656, 0.033266, -0.012894
-0.002792, 0.035871, 0.078117, -0.012181, -0.035780, -0.100480
0.077969, -0.091216, 0.012133, 0.000784, 0.078068, 0.017183
0.002150, -0.017429, 0.070507, 0.036611, 0.001323, 0.088914
-0.000286, 0.043874, 0.028097, -0.063261, -0.004525, -0.080513
0.050937, -0.095206, -0.009536, 0.008806, -0.062855, -0.028595
-0.019497, -0.015054, 0.010408, 0.021479, 0.076093, -0.005091
0.037935, 0.070522, -0.000639, -0.002797, 0.003899, -0.059707
0.071295, -0.004561, -0.110252, -0.000128, 0.032015, -0.012375
-0.046717, -0.000000, -0.029540, -0.036929, -0.009184, -0.040933
-0.024110, -0.030096, -0.079807, 0.044208, 0.011368, 0.010069
-0.005272, 0.009675, -0.064189, -0.010199, 0.024557, -0.052337
0.059725, 0.092329, -0.024795, -0.023958, 0.033329, 0.001507
0.070405, -0.051915, -0.043376, 0.027860, 0.029538, -0.021031
0.029216, 0.012492, -0.039614, 0.054022, 0.071822, -0.014054
-0.020796, 0.061215, 0.023173, 0.019660, 0.032995, 0.020087
-0.034777, -0.021739, 0.074751, -0.029391, 0.049599, 0.004683
-0.033395, -0.002434, 0.043084, 0.008288, -0.039681, -0.029868
-0.049182, -0.042779, -0.073292, -0.001707, 0.025140, -0.068031
0.005803, 0.028364, 0.045431, -0.049540, -0.019311, 0.036705

==============================================================================

[58] id: Hybrid_16
category    : Hybrid
scheme      : HDFC Balanced Advantage Fund - Direct Plan - Growth
section     : GA Gopal Agrawal Jul 2022 - Present View details
source_url  : https://groww.in/mutual-funds/hdfc-balanced-advantage-fund-direct-growth
ingested_at : 2026-10-07T06:17:39+00:00  |  chunk_index: 16
chars       : 276  |  embedding: 384-dim
------------------------------------------------------------------------------
TEXT:
Education: Mr.Agrawal is a B.E and MBM.

Experience: Prior to joining HDFC Mutual Fund he has worked with DSP Mutual Fund, Tata AMC, Mirae Asset Mutual Fund ,SBI Mutual Fund, Kotak Securities, HDFC Securities, IDBI Capital, UTI Securities and IPCL.

Also manages these schemes

EMBEDDING (384 floats, rounded to 6 dp):
0.011062, -0.073079, -0.008098, -0.012029, 0.009239, -0.007752
0.074427, -0.008261, -0.003756, -0.010356, -0.052741, -0.065447
-0.026653, 0.019141, 0.011188, 0.049438, 0.015126, -0.001760
0.057318, -0.006841, -0.054922, -0.041379, -0.043925, -0.064351
0.012785, -0.010122, 0.070216, 0.041732, -0.067516, -0.020233
0.045028, 0.080143, -0.005330, -0.046701, -0.035807, 0.057800
-0.069588, 0.033652, -0.021200, -0.062575, 0.004357, 0.008271
0.053646, -0.082164, 0.074790, -0.031913, 0.008227, -0.041217
0.059469, -0.016938, -0.018160, 0.020138, 0.057967, -0.062621
0.078546, 0.050533, 0.072311, -0.057055, -0.012277, 0.059107
-0.056966, -0.016719, -0.007310, -0.006615, 0.079976, -0.022715
-0.016213, 0.037202, 0.020694, -0.012216, 0.001787, -0.078917
-0.076376, -0.059298, -0.051575, 0.028962, -0.013804, 0.062040
0.072761, -0.100710, -0.042068, 0.080119, 0.082828, 0.032558
-0.009869, 0.009276, 0.061809, -0.010051, -0.061889, -0.008241
0.084876, 0.062246, -0.039200, 0.006783, -0.004450, -0.047672
-0.032178, -0.007666, -0.065952, 0.037202, -0.022611, 0.072428
-0.063108, -0.003254, -0.064414, -0.064711, 0.059343, 0.059239
0.074292, 0.030118, 0.007443, 0.029932, -0.046539, -0.003979
-0.074068, -0.045642, -0.082464, -0.037198, -0.039976, -0.003189
-0.010502, 0.040514, -0.104209, -0.037952, -0.042461, -0.067101
-0.039171, 0.000000, 0.023612, 0.000116, 0.016152, 0.007498
-0.036604, -0.004461, 0.049724, -0.065893, 0.013513, -0.028559
0.040041, 0.034668, -0.038298, 0.016595, -0.130654, -0.083073
-0.001617, 0.028052, -0.021032, -0.005769, 0.047891, 0.059552
-0.027286, -0.054608, 0.031588, -0.025315, 0.054285, -0.004313
0.121969, 0.056484, -0.034098, 0.004943, -0.118097, -0.025405
-0.020417, -0.035367, -0.043429, -0.070285, -0.112136, -0.019562
-0.037522, 0.069074, -0.015494, -0.021268, -0.067699, 0.000284
0.085321, 0.076847, 0.048030, 0.033238, -0.076205, -0.047772
0.008821, -0.052986, 0.060743, -0.026632, -0.040746, -0.021054
0.021229, 0.066138, -0.007113, -0.018809, -0.159667, 0.016471
-0.018825, 0.078378, 0.049461, -0.056077, 0.031233, -0.032405
0.043992, 0.032084, 0.044711, 0.056752, -0.090630, -0.042869
-0.012976, 0.136350, -0.013924, 0.081809, 0.020286, 0.054974
0.078838, -0.030820, 0.014870, 0.049135, 0.033623, -0.029962
-0.041253, -0.000215, -0.022877, 0.001322, 0.065021, 0.073488
-0.019964, -0.000000, -0.037604, -0.012195, 0.034437, -0.019391
-0.014282, 0.053638, 0.044513, 0.037003, 0.029158, 0.047515
0.037273, 0.088342, 0.040060, -0.059004, -0.047331, -0.061366
0.012580, 0.032275, -0.047576, -0.004255, 0.078101, 0.068296
0.015328, -0.014512, -0.003233, 0.016398, -0.007526, 0.030435
-0.102585, 0.012779, 0.053539, -0.020431, -0.107829, 0.033058
-0.005645, -0.039381, 0.040036, 0.007399, -0.060647, 0.116913
-0.064177, 0.028382, 0.055753, -0.053532, 0.056832, -0.046376
-0.068523, 0.048593, 0.098115, -0.048262, -0.068538, -0.047420
0.058361, -0.072984, -0.016713, -0.043663, 0.102015, -0.025679
0.058885, -0.016375, 0.034496, 0.010125, 0.067563, 0.136132
-0.072087, 0.088549, 0.044638, -0.066433, -0.013593, -0.071911
0.039508, -0.037849, 0.084654, -0.022792, 0.038897, 0.038241
0.003587, 0.053999, 0.024120, -0.002995, 0.091006, 0.025002
-0.011620, 0.068706, -0.039545, -0.027443, 0.003126, -0.108767
0.006499, -0.035090, -0.064930, -0.062964, 0.028572, 0.066226
0.047098, -0.000000, 0.011365, -0.070443, -0.015383, -0.065415
-0.038418, -0.010967, -0.112148, -0.035252, 0.101873, 0.036245
0.066629, 0.030482, -0.104831, -0.036420, -0.009605, -0.093770
0.090493, 0.032542, -0.012867, -0.008665, 0.069369, -0.004818
0.071750, 0.029135, 0.031946, -0.008312, 0.033797, -0.042792
-0.013669, 0.030495, -0.043546, 0.029127, 0.019691, 0.009112
0.006180, 0.053532, 0.029198, 0.057885, 0.042653, 0.097534
0.005000, -0.089087, 0.056298, -0.044820, 0.025918, 0.022082
-0.063499, 0.007120, -0.009960, -0.083567, 0.009125, 0.000162
0.044650, 0.002127, -0.042708, -0.004948, -0.015090, -0.040518
-0.045604, -0.023413, 0.073283, -0.070497, -0.031105, 0.040697

==============================================================================

[59] id: Hybrid_17
category    : Hybrid
scheme      : HDFC Balanced Advantage Fund - Direct Plan - Growth
section     : ID Ihab Dalwai Sep 2026 - Present View details
source_url  : https://groww.in/mutual-funds/hdfc-balanced-advantage-fund-direct-growth
ingested_at : 2026-10-07T06:17:39+00:00  |  chunk_index: 17
chars       : 165  |  embedding: 384-dim
------------------------------------------------------------------------------
TEXT:
Education: Mr. Dalwai is a Chartered Accountant.

Experience: Prior to joining the HDFC AMC, he was associated with ICICI Prudential AMC.

Also manages these schemes

EMBEDDING (384 floats, rounded to 6 dp):
-0.018264, -0.019594, -0.075253, 0.055141, -0.070122, 0.057210
0.023007, 0.007408, -0.025303, -0.004581, 0.022964, -0.057698
-0.036136, 0.043173, 0.005247, -0.046812, -0.033443, -0.007465
0.062427, 0.030137, -0.043901, -0.004511, -0.124259, 0.003357
0.016462, 0.011415, 0.017426, -0.055130, -0.049238, -0.007515
-0.057904, 0.009493, 0.029420, 0.025987, 0.088634, 0.025930
-0.034691, 0.049957, 0.047154, -0.010732, 0.039420, 0.021111
0.030984, -0.124384, 0.087252, -0.022607, -0.011572, -0.065273
-0.004075, 0.014871, -0.096588, 0.052728, 0.021645, -0.064198
0.049026, -0.010128, 0.046079, 0.017674, -0.039359, -0.009534
-0.118308, 0.019768, 0.003991, 0.038544, 0.024816, -0.008276
-0.058445, 0.044986, 0.012487, -0.044357, -0.023008, -0.009566
-0.009667, -0.010521, 0.020229, -0.059313, 0.019343, 0.004747
0.038208, -0.062774, 0.018637, 0.084561, -0.088060, 0.043978
-0.005546, 0.027660, 0.063213, -0.041574, -0.023634, -0.041069
0.098418, 0.019930, -0.036879, 0.022117, -0.047748, -0.027800
-0.065417, 0.037305, -0.054525, 0.004593, 0.033162, 0.001231
-0.063369, -0.055331, -0.042101, 0.026107, 0.086231, -0.022048
0.070623, 0.000430, -0.038333, 0.062171, -0.080387, -0.044363
0.027422, 0.025745, -0.074259, 0.000187, 0.010017, -0.040904
-0.017113, 0.002936, -0.059278, -0.062941, -0.004148, -0.139157
0.015290, -0.000000, -0.009416, 0.048715, -0.005888, 0.015458
0.065106, -0.050367, 0.025182, -0.098417, 0.004789, 0.052164
0.003222, 0.088481, -0.067465, -0.016130, -0.084893, -0.017756
-0.080776, 0.033877, -0.016910, 0.000292, 0.009109, 0.024803
0.031724, -0.071724, 0.031472, -0.039400, 0.055135, 0.007630
0.075628, 0.087678, -0.006609, 0.024094, -0.108681, 0.021082
-0.011417, -0.004287, -0.077740, -0.095159, -0.026314, 0.075474
-0.038471, 0.022514, -0.004286, -0.003118, -0.080245, 0.019045
0.090463, 0.090334, 0.027736, 0.091294, -0.029144, -0.085471
-0.016857, -0.056889, 0.073087, -0.064937, -0.055280, -0.027347
0.039976, 0.022563, 0.048496, -0.052329, -0.143221, 0.021518
-0.081685, 0.032111, -0.020948, -0.020294, 0.185761, -0.112010
0.069005, -0.018578, -0.014429, 0.057642, -0.037581, -0.030591
-0.031308, 0.114887, 0.019166, 0.073003, 0.037132, 0.090198
0.073878, -0.040544, 0.002867, 0.080979, 0.100342, 0.036860
-0.065281, -0.006599, 0.034907, -0.028566, 0.128168, 0.051172
0.005407, -0.000000, 0.022956, -0.042179, 0.033064, -0.120293
-0.034027, -0.004754, 0.047511, -0.041313, -0.001719, 0.026482
-0.012567, 0.034982, 0.042901, -0.007998, 0.004002, 0.030563
0.021318, -0.029967, -0.039917, -0.028519, 0.059333, -0.005401
-0.095526, 0.044521, -0.027708, 0.028190, 0.009839, 0.032300
0.035489, -0.006500, -0.024481, 0.000043, -0.123863, 0.060122
-0.040609, -0.018796, 0.068376, 0.061075, -0.085319, 0.055720
-0.045784, -0.043504, 0.042971, 0.003609, 0.051080, -0.044768
0.022550, -0.055923, 0.038014, 0.035410, -0.016459, -0.040115
0.059406, -0.039565, -0.045254, 0.039666, 0.020262, -0.028731
0.016363, -0.044693, 0.036838, 0.008910, 0.022303, 0.118496
-0.017114, 0.052104, 0.038634, -0.132333, -0.035624, -0.114908
0.062716, -0.096464, 0.022688, -0.144690, -0.040126, 0.033927
-0.079334, 0.026235, -0.003497, 0.081745, 0.069775, -0.036554
-0.018557, 0.098324, -0.084627, -0.036889, 0.062246, -0.070661
-0.003126, -0.013422, -0.057881, -0.019358, 0.042712, 0.023094
0.032991, -0.000000, -0.038037, -0.041747, -0.051863, 0.004601
-0.040283, -0.021921, -0.116171, 0.032892, 0.050099, 0.028592
0.059405, 0.025791, -0.008715, 0.001027, 0.021439, -0.020608
0.036105, 0.065428, 0.035339, 0.033390, 0.054218, 0.006806
0.002570, 0.028637, -0.045468, 0.061272, 0.022453, 0.022897
-0.025456, 0.016506, -0.039621, 0.031852, 0.030373, -0.029092
0.007862, 0.024767, 0.041558, 0.006464, 0.026121, 0.009674
0.046857, -0.027671, 0.069964, 0.006063, 0.075078, 0.017746
-0.056649, 0.021894, 0.020503, -0.079148, 0.004110, -0.001180
0.015172, -0.043180, 0.004120, -0.017691, 0.015643, -0.025995
-0.060287, 0.066029, 0.009668, 0.026433, 0.016331, 0.067273

==============================================================================

[60] id: Hybrid_18
category    : Hybrid
scheme      : HDFC Balanced Advantage Fund - Direct Plan - Growth
section     : About HDFC Balanced Advantage Fund Direct Growth
source_url  : https://groww.in/mutual-funds/hdfc-balanced-advantage-fund-direct-growth
ingested_at : 2026-10-07T06:17:39+00:00  |  chunk_index: 18
chars       : 491  |  embedding: 384-dim
------------------------------------------------------------------------------
TEXT:
HDFC Balanced Advantage Fund Direct Growth is a Hybrid Mutual Fund Scheme launched by HDFC Mutual Fund.

This scheme was made available to investors on 10 Dec 1999.

Anil Bamboli is the Current Fund Manager of HDFC Balanced Advantage Fund Direct Growth fund.

The fund currently has an Asset Under Management(AUM) of ₹9,86,237 Cr and the Latest NAV as of 06 Oct 2026 is ₹552.06.

The HDFC Balanced Advantage Fund Direct Growth is rated Very High risk.

Minimum SIP Investment is set to ₹100.

EMBEDDING (384 floats, rounded to 6 dp):
-0.032430, -0.044604, -0.136341, -0.009716, 0.080513, 0.034754
0.006754, 0.035252, -0.052264, -0.004048, -0.006256, -0.087574
-0.047103, -0.066474, -0.002462, -0.005921, -0.014567, -0.050869
0.037465, -0.017008, -0.053112, -0.012290, 0.001827, 0.023685
0.000712, -0.008840, -0.000209, 0.046618, -0.014906, -0.031841
0.086332, 0.084814, 0.087752, -0.057262, -0.051995, 0.056832
-0.052818, -0.018568, -0.014863, -0.060308, -0.002865, -0.028597
0.025044, -0.055123, 0.024451, -0.022557, -0.066913, 0.054058
0.028807, -0.025846, -0.033550, -0.009341, -0.011255, -0.030518
0.009431, 0.057890, -0.012422, -0.018578, 0.024749, -0.003557
-0.027474, -0.041378, 0.051632, -0.028075, 0.025915, -0.040870
-0.010734, 0.023711, 0.020712, -0.030878, -0.017612, -0.095060
-0.053060, -0.078776, 0.011835, 0.049426, 0.007859, 0.030809
0.084334, -0.077692, -0.063167, 0.038704, 0.113236, 0.016872
0.006653, -0.015420, 0.010176, -0.067113, -0.028188, -0.005234
0.069096, 0.075462, 0.008298, 0.058170, -0.075816, -0.005199
-0.103456, -0.069633, -0.051384, 0.002535, 0.048261, 0.060695
-0.002576, -0.029524, 0.045883, -0.003520, 0.056082, 0.043938
0.112360, -0.022221, 0.010103, 0.085741, -0.019644, -0.049536
-0.080185, 0.000373, -0.103920, -0.098094, 0.008105, 0.004291
0.026792, -0.000785, -0.037656, -0.062566, -0.032559, -0.058571
-0.033653, 0.000000, -0.002611, 0.016722, -0.003555, -0.053046
-0.054398, -0.066889, 0.005658, 0.002759, -0.029660, -0.012426
0.007765, 0.088077, -0.062099, 0.004698, -0.008729, -0.158628
-0.028057, 0.085782, 0.060622, -0.000090, -0.026267, 0.086158
0.016637, -0.120541, 0.155061, 0.030957, 0.002828, 0.004804
0.046109, 0.085906, 0.023361, -0.065996, -0.138290, -0.085654
-0.076092, -0.031107, -0.079324, -0.047550, -0.077034, 0.040581
-0.042197, 0.062580, -0.021574, -0.034627, -0.024505, 0.007103
0.059440, 0.025279, 0.008796, 0.065856, -0.064884, -0.102311
0.016977, -0.006423, 0.039493, 0.023218, -0.084879, 0.034072
0.030060, 0.048377, -0.033492, -0.026678, -0.149235, 0.087830
-0.079025, 0.062539, 0.067153, -0.077352, 0.044736, -0.035076
0.055370, 0.049762, 0.029726, 0.044685, -0.043694, -0.052357
0.054871, 0.129557, 0.013098, 0.087760, 0.013632, 0.092307
0.068808, -0.021899, -0.013919, 0.046111, 0.022075, 0.030360
-0.061979, -0.050424, 0.018832, -0.061564, 0.091801, 0.013695
0.039480, -0.000000, 0.016397, -0.019180, -0.001932, -0.035571
-0.004101, 0.062196, 0.057516, 0.017762, -0.033145, 0.009999
0.088955, 0.045556, 0.018523, -0.073068, -0.016135, -0.051269
0.041681, -0.030283, -0.086471, -0.023022, 0.056414, 0.025966
0.034847, 0.081233, -0.022041, -0.001385, -0.025012, 0.013661
-0.034217, 0.040681, 0.039252, -0.005987, -0.058319, 0.044851
0.008333, -0.081987, -0.012248, 0.060982, -0.064439, 0.082852
0.012330, 0.017180, 0.047504, -0.048985, -0.018083, 0.061159
0.001595, -0.019036, 0.082529, -0.015705, -0.016501, -0.045573
0.068352, 0.013974, -0.031704, -0.008240, 0.106000, 0.069312
-0.036203, -0.037987, 0.045931, 0.053369, 0.009725, 0.026775
0.011898, 0.092521, -0.045295, -0.115999, 0.027994, -0.062811
0.069569, -0.006579, 0.071224, 0.045439, -0.033196, 0.057303
0.069334, -0.029299, 0.007308, 0.029605, 0.021661, 0.022428
-0.010062, 0.073261, -0.045637, -0.071233, -0.024514, -0.143800
-0.017578, 0.022321, -0.053304, -0.009537, -0.020263, 0.036723
0.007094, -0.000000, 0.030602, -0.053865, 0.007333, -0.031127
-0.018285, -0.034035, -0.057531, -0.059395, 0.031134, 0.029232
0.045941, 0.045820, -0.006523, -0.029463, -0.031031, -0.050611
0.025228, 0.041287, -0.002237, -0.000853, 0.072047, 0.045914
0.047258, 0.015069, 0.028995, -0.013177, 0.019418, -0.053728
0.040588, -0.017688, 0.057921, 0.035585, 0.004278, 0.043147
0.008679, 0.086136, 0.044032, 0.029744, 0.013454, 0.112113
0.024467, -0.051984, 0.056091, -0.053066, -0.017948, 0.024214
-0.029715, 0.022933, 0.048667, -0.087950, -0.010833, -0.007105
-0.016945, -0.011579, -0.036511, 0.017185, -0.013097, -0.041987
0.012972, -0.023729, 0.071854, -0.096292, -0.009158, 0.077822

==============================================================================

[61] id: Hybrid_19
category    : Hybrid
scheme      : HDFC Balanced Advantage Fund - Direct Plan - Growth
section     : About HDFC Balanced Advantage Fund Direct Growth
source_url  : https://groww.in/mutual-funds/hdfc-balanced-advantage-fund-direct-growth
ingested_at : 2026-10-07T06:17:39+00:00  |  chunk_index: 19
chars       : 183  |  embedding: 384-dim
------------------------------------------------------------------------------
TEXT:
Minimum SIP Investment is set to ₹100.

Minimum Lumpsum Investment is ₹100.

Exit Load for units in excess of 15% of the investment,1% will be charged for redemption within 1 year.

;

EMBEDDING (384 floats, rounded to 6 dp):
0.050925, 0.028122, -0.095872, -0.034523, -0.059543, -0.014236
0.081411, 0.098283, -0.028060, 0.014455, 0.059265, -0.070481
0.031360, 0.013391, -0.021223, -0.035919, -0.010162, -0.125475
-0.012356, 0.012822, 0.021201, -0.039548, 0.013672, -0.001232
0.098992, 0.005127, 0.061208, 0.006080, 0.053941, -0.045965
0.099578, 0.108847, 0.099407, -0.115239, 0.075807, 0.022164
-0.045856, 0.018825, 0.023498, -0.040890, 0.024907, -0.034553
0.007284, -0.009112, 0.028689, -0.051011, -0.047271, 0.104547
0.040093, 0.008342, 0.055822, -0.013195, -0.010959, 0.010171
-0.053727, -0.112361, 0.024924, 0.078476, 0.012531, 0.026792
-0.014151, 0.014395, 0.037742, 0.004759, 0.020272, -0.021823
-0.018806, 0.014067, -0.044867, 0.063545, 0.027258, -0.088963
-0.059313, -0.089885, -0.074202, 0.007762, 0.042916, 0.033756
-0.029325, 0.023381, -0.015952, -0.010434, 0.002250, -0.049807
-0.038245, 0.009523, 0.027992, -0.031475, 0.046970, -0.038146
0.028503, 0.129504, -0.030951, 0.016493, -0.035047, 0.029920
-0.050228, -0.060349, -0.029230, 0.040267, 0.006476, -0.014015
-0.017535, -0.044091, -0.010518, -0.062706, 0.044650, -0.059129
0.023994, 0.011717, -0.071586, 0.032216, 0.034589, -0.020495
-0.058272, 0.048488, -0.006574, -0.053751, 0.057877, 0.009395
-0.008610, 0.038294, -0.020832, -0.057160, -0.087769, -0.026243
0.004279, 0.000000, -0.025768, -0.037101, -0.063215, -0.017377
-0.084488, -0.044986, 0.077947, -0.037109, -0.057462, -0.063778
-0.015407, -0.050527, -0.038074, -0.016869, 0.033298, -0.083095
0.014923, 0.076894, 0.065688, -0.056007, -0.043010, -0.074693
0.009975, -0.019804, 0.129587, 0.047671, 0.050838, -0.087965
0.084501, 0.040281, 0.085894, 0.089136, -0.047981, -0.032717
-0.068780, 0.048006, 0.029049, 0.004764, -0.048244, -0.033888
-0.028350, 0.026569, 0.034273, -0.047799, -0.031320, 0.016960
0.045674, 0.007748, -0.043314, 0.030121, -0.035866, -0.044489
-0.084946, 0.082895, 0.005065, -0.063395, -0.052925, -0.077323
-0.036765, -0.032344, -0.005963, -0.095313, -0.081267, 0.022043
-0.030799, 0.078194, -0.026043, -0.019720, 0.027397, -0.008995
-0.045216, -0.057590, 0.051024, -0.049198, 0.027448, 0.025933
0.088651, 0.057923, 0.039416, 0.055637, -0.041646, 0.046002
-0.003328, -0.054388, 0.067590, -0.009883, 0.050581, 0.024094
-0.048882, 0.009555, -0.033726, -0.026702, -0.022993, 0.070246
0.057384, -0.000000, -0.021893, 0.062896, 0.041940, 0.040747
0.012474, 0.017752, 0.086131, 0.069025, 0.038806, 0.049180
-0.088901, 0.023475, 0.033673, 0.024985, -0.076218, -0.018141
0.038502, -0.006602, 0.048904, 0.008360, 0.038372, -0.002767
0.042317, 0.054987, -0.013372, 0.058881, -0.078229, -0.006680
-0.063491, -0.027924, -0.015022, -0.020283, -0.116025, 0.058320
-0.061516, -0.071863, 0.051597, 0.023582, 0.000236, 0.035908
0.054271, -0.000250, 0.006519, -0.077065, 0.033359, -0.105299
0.038827, -0.037185, 0.016214, -0.090958, 0.030892, -0.020334
0.054726, 0.134605, -0.002291, 0.013433, 0.078803, 0.026174
-0.014315, -0.040684, 0.048933, 0.059306, -0.049554, 0.037168
-0.014950, -0.017442, -0.005155, -0.027297, 0.057102, -0.096246
0.038847, 0.052941, 0.098739, 0.004950, -0.035702, 0.037089
-0.016145, -0.107056, 0.061836, -0.009828, -0.045690, 0.126700
-0.004626, -0.016183, 0.050790, -0.049966, 0.055716, -0.113662
0.034235, 0.033257, -0.112736, 0.027235, 0.056664, 0.047347
-0.023689, -0.000000, -0.072810, -0.004393, 0.019135, 0.032408
0.076211, -0.045631, -0.032601, -0.028994, 0.031217, -0.011383
0.076913, -0.016840, -0.037050, 0.008617, -0.087759, -0.047892
-0.015106, 0.019425, -0.037164, -0.065060, 0.030890, 0.036263
0.015113, -0.003044, -0.034387, 0.008808, 0.068716, 0.051526
0.036623, -0.032810, -0.053408, 0.060746, 0.048203, -0.007024
-0.132037, 0.069716, 0.053546, 0.035668, -0.034863, 0.070786
0.004382, -0.111203, -0.010086, -0.098992, -0.035346, 0.028305
-0.088101, 0.016146, 0.001440, -0.066663, 0.074603, 0.015493
-0.027740, 0.015567, 0.018834, -0.044319, -0.042816, 0.048202
-0.063650, -0.028976, -0.005521, -0.035055, 0.014551, 0.031699

==============================================================================

[62] id: Hybrid_20
category    : Hybrid
scheme      : HDFC Balanced Advantage Fund - Direct Plan - Growth
section     : Investment Objective
source_url  : https://groww.in/mutual-funds/hdfc-balanced-advantage-fund-direct-growth
ingested_at : 2026-10-07T06:17:39+00:00  |  chunk_index: 20
chars       : 210  |  embedding: 384-dim
------------------------------------------------------------------------------
TEXT:
The Scheme seeks to provide long term capital appreciation / income from a dynamic mix of equity and debt investments.

Fund benchmarkNIFTY 50 Hybrid Composite Debt 50:50 Index: Scheme Information Document(SID)

EMBEDDING (384 floats, rounded to 6 dp):
0.040463, 0.018242, -0.079887, -0.018513, 0.041132, 0.005509
-0.008310, 0.027214, -0.041457, 0.023362, -0.092702, -0.031249
0.032414, -0.044746, -0.050763, 0.004680, -0.025844, -0.034669
0.064314, 0.084735, -0.008619, -0.001450, -0.038146, -0.022101
0.063395, 0.051953, 0.060062, 0.001338, -0.041060, -0.005587
0.039037, 0.051801, 0.072602, -0.037022, -0.067156, 0.063012
-0.054076, 0.018481, -0.035978, 0.010279, -0.001172, -0.019744
0.021215, -0.067098, -0.000391, -0.045355, -0.034857, 0.013634
0.015009, 0.063643, -0.043779, 0.045542, -0.031063, 0.073540
-0.049508, 0.034421, -0.078229, 0.006271, -0.011780, -0.062749
0.017486, 0.008379, 0.081791, 0.024447, 0.122373, -0.007908
-0.017806, 0.036011, -0.046072, -0.061642, -0.015613, -0.054742
-0.069295, -0.069100, 0.024782, 0.048756, 0.036083, 0.009310
0.022569, -0.128184, -0.010857, 0.049507, 0.065126, -0.051483
-0.055029, 0.054784, 0.040907, -0.004841, 0.005548, -0.020193
0.073816, -0.017612, -0.010467, -0.018551, -0.035763, -0.033983
-0.096401, -0.059333, -0.017641, 0.062675, 0.010323, -0.004666
0.000624, -0.080188, -0.055754, -0.060877, 0.085277, -0.012000
0.044090, -0.058240, -0.025672, 0.131861, -0.006999, -0.068111
-0.020863, 0.015101, -0.027006, 0.012615, 0.095333, 0.042899
0.106270, -0.067304, -0.013493, 0.031064, -0.020381, 0.024284
-0.032860, 0.000000, -0.044322, 0.011603, 0.116420, -0.026933
-0.109005, -0.052662, 0.023392, -0.043407, -0.136313, -0.007873
0.053509, 0.078515, 0.025654, 0.043614, 0.005129, -0.090710
-0.082447, 0.062412, 0.090905, -0.035747, 0.031332, 0.053451
0.032880, -0.024936, 0.072035, 0.001881, 0.037653, 0.034768
-0.003542, 0.042034, 0.022110, 0.078082, -0.050433, -0.032317
-0.027548, 0.069775, -0.000133, -0.045601, -0.012263, 0.007719
-0.002374, 0.007572, 0.039834, -0.055840, -0.098014, 0.029852
0.075303, 0.082832, 0.006051, 0.106150, -0.054194, -0.049481
-0.074662, -0.020313, -0.001865, -0.019497, -0.094834, -0.038102
-0.009121, -0.025353, 0.034977, -0.139529, -0.122797, 0.001939
-0.154210, 0.111617, 0.017007, 0.019292, 0.073085, 0.053826
-0.040356, 0.040936, 0.002195, 0.033160, -0.020067, -0.084979
0.006196, 0.069070, 0.011741, 0.079780, -0.053001, 0.000257
0.002076, 0.012649, 0.073036, 0.067449, 0.054592, -0.034188
-0.043950, -0.043805, 0.005101, -0.042077, 0.042842, -0.004429
0.012747, -0.000000, 0.001192, -0.022147, -0.058115, 0.065260
0.021121, -0.043817, -0.015258, 0.065858, -0.081743, 0.014836
0.031173, -0.007582, -0.022725, 0.021503, -0.004149, -0.021635
-0.004032, -0.060919, 0.045091, -0.035962, 0.073687, 0.013061
0.007227, 0.032521, -0.016777, 0.063786, -0.108239, 0.071280
-0.019921, -0.029953, -0.045032, -0.022727, -0.059581, 0.010096
-0.044270, -0.025027, -0.004545, -0.074257, -0.001927, 0.039528
0.002301, 0.000055, 0.004756, -0.019551, 0.057133, -0.039277
0.024292, 0.023853, 0.126222, -0.031595, 0.018848, 0.005242
0.025673, 0.046414, -0.059168, 0.004188, 0.013831, 0.048809
-0.017005, -0.032580, 0.022538, 0.099251, -0.025515, 0.111392
0.026245, -0.010340, 0.025027, -0.116429, -0.073836, -0.006921
0.028081, -0.079223, 0.039947, 0.010492, -0.002033, 0.030973
0.034892, -0.029046, -0.022669, 0.054723, -0.018110, 0.007531
0.032969, 0.068335, -0.026176, 0.011515, -0.021942, -0.066877
-0.056666, 0.067921, -0.056601, 0.047933, 0.078160, 0.070172
0.052819, -0.000000, -0.003638, -0.007526, -0.085211, -0.016890
-0.021687, -0.007001, 0.003462, -0.098109, -0.017763, -0.003061
0.080506, 0.030576, -0.042733, -0.006123, -0.037920, -0.057146
-0.060516, 0.020550, -0.026942, 0.006505, 0.001181, 0.045163
0.024154, -0.071007, -0.015194, 0.057903, 0.105087, 0.050027
0.087698, -0.019806, -0.067150, 0.069117, 0.000165, -0.050131
-0.025061, 0.122954, 0.040576, 0.079720, 0.042042, 0.051016
0.031808, -0.072948, -0.017321, -0.067366, 0.038525, 0.015609
-0.098744, -0.034092, 0.036493, -0.128847, -0.019189, 0.016297
-0.046252, 0.033991, 0.009862, 0.010996, -0.054487, 0.007141
0.003839, -0.053888, 0.021910, -0.078405, -0.031093, -0.018788

==============================================================================

[63] id: Hybrid_21
category    : Hybrid
scheme      : HDFC Balanced Advantage Fund - Direct Plan - Growth
section     : Fund house
source_url  : https://groww.in/mutual-funds/hdfc-balanced-advantage-fund-direct-growth
ingested_at : 2026-10-07T06:17:39+00:00  |  chunk_index: 21
chars       : 475  |  embedding: 384-dim
------------------------------------------------------------------------------
TEXT:
![AMC Image

HDFC Mutual Fund](/mutual-funds/amc/hdfc-mutual-funds)

Rank (total assets)#2 in India

Total AUM₹9,86,236.84 Cr: Date of Incorporation10 Dec 1999

Phone022 – 66316333

E-mail[[email protected]](https://mail.google.com/mail/?view=cm&fs=1&tf=1&to=shareholders.relations@hdfcfund.com&su=Hello&shva=1)

Website<http://www.hdfcfund.com>

Launch Date10 Dec 1999: Address"HDFC House", 2nd Floor, H. T. Parekh Marg, 165-166, BackbayReclamation, Churchgate Mumbai 400020

EMBEDDING (384 floats, rounded to 6 dp):
0.048723, -0.081122, -0.086029, 0.011180, 0.053011, 0.058185
0.014106, 0.051342, -0.040416, -0.033225, -0.010360, -0.046440
-0.033735, -0.056065, -0.042965, -0.042915, -0.031895, -0.060654
0.053690, 0.019255, -0.033875, -0.032406, 0.008007, 0.022156
0.065675, 0.015579, 0.010553, 0.046407, -0.050961, -0.048551
0.066551, 0.051695, 0.039090, 0.004668, 0.052873, 0.074288
-0.060738, -0.018935, 0.032269, -0.057291, 0.035331, -0.010880
0.059668, -0.069016, 0.041988, 0.001796, -0.008415, 0.057030
0.013166, 0.014428, -0.010484, 0.038860, 0.008511, -0.041832
0.025347, 0.075717, 0.000850, -0.054470, 0.038900, -0.028367
0.021113, 0.031658, 0.046282, -0.017774, 0.099359, -0.034184
-0.011691, 0.007617, 0.041290, -0.031306, 0.036733, -0.076494
-0.040867, -0.036781, -0.069883, 0.016733, -0.016368, 0.042241
0.055147, -0.116018, -0.025529, -0.006334, 0.098547, 0.056208
-0.039472, 0.052089, 0.087757, -0.031355, -0.026349, -0.018304
0.099992, 0.068273, -0.001861, 0.025958, -0.052732, -0.044511
-0.058133, 0.005050, -0.022778, 0.016284, 0.038859, 0.016401
-0.040518, -0.081064, -0.055287, -0.004971, -0.019039, 0.061957
0.086960, -0.035144, -0.072404, 0.073917, -0.037440, -0.040056
-0.057374, -0.022942, -0.043478, -0.110274, 0.043760, -0.069187
0.018282, 0.014583, -0.019578, -0.087088, -0.031323, -0.106671
-0.027801, 0.000000, -0.045047, 0.053802, 0.025827, -0.053342
-0.012969, -0.068484, 0.034913, -0.007906, -0.032111, 0.026030
-0.050628, 0.025221, -0.037214, -0.092726, -0.125852, -0.105904
0.001733, 0.044609, 0.020574, -0.020032, -0.011730, 0.065266
0.010338, -0.024296, 0.045622, -0.022285, 0.041510, 0.014665
0.047411, 0.064914, 0.075288, -0.005829, -0.073989, -0.057178
-0.017922, -0.042260, -0.022414, -0.057224, -0.111576, 0.016139
0.035825, 0.054562, -0.032701, -0.044905, -0.000223, 0.050751
0.099376, 0.104748, 0.092904, 0.032283, -0.136040, -0.069782
0.001603, -0.021953, 0.037069, -0.008811, -0.067642, -0.032959
0.017898, 0.020510, 0.016577, -0.002222, -0.148383, 0.012952
-0.083797, 0.012108, 0.077542, -0.005422, 0.027811, -0.011764
0.055002, -0.029918, 0.069037, 0.023850, -0.037953, -0.052877
-0.011065, 0.076770, 0.036575, 0.062994, -0.004851, 0.067277
0.031768, -0.016569, 0.077450, 0.019338, 0.029675, -0.025169
-0.055311, 0.047903, -0.007938, -0.037630, 0.038430, 0.021593
0.009810, -0.000000, 0.015105, 0.002680, -0.017030, -0.012667
0.009982, 0.063187, 0.042707, 0.087455, 0.054945, 0.041779
0.110838, 0.031144, -0.002493, -0.086057, -0.043373, -0.041454
0.020353, -0.037090, -0.075154, -0.007819, 0.039373, 0.023670
0.010348, 0.081856, -0.032448, 0.061638, 0.022673, 0.064080
0.002917, 0.028059, 0.043567, 0.003244, -0.124397, 0.108598
-0.062476, -0.099695, 0.046755, 0.058851, -0.028238, 0.031073
-0.009470, 0.072103, 0.050391, -0.012123, 0.014831, -0.038717
0.014780, -0.040374, 0.075573, -0.001206, -0.016809, -0.088496
0.069795, -0.035342, -0.076511, 0.059114, 0.089825, 0.077975
-0.003243, 0.006408, 0.057700, 0.083724, 0.018892, 0.115878
-0.000664, 0.007352, -0.062128, -0.057769, 0.028134, -0.070732
0.040697, -0.052368, 0.027789, 0.037035, -0.000162, 0.067355
0.018828, -0.000997, 0.047838, 0.037057, 0.124886, 0.054786
-0.027858, 0.069163, -0.035299, -0.051524, -0.005913, -0.074969
0.021439, 0.010947, -0.065057, -0.025895, 0.036524, 0.053838
-0.032044, -0.000000, -0.001147, -0.057263, 0.032813, -0.069214
-0.005387, -0.090836, 0.014409, 0.011443, 0.013923, -0.018831
0.012814, 0.016356, -0.117418, -0.017603, -0.061468, -0.103735
-0.056095, 0.070097, -0.016625, -0.049092, 0.042532, 0.003697
0.085954, -0.019890, 0.028876, 0.009777, 0.021504, -0.043512
-0.016124, 0.034946, 0.012389, 0.029659, 0.003612, 0.008204
-0.067268, 0.083854, 0.046157, 0.019297, -0.012709, 0.050625
-0.004122, -0.072591, 0.023493, -0.025006, 0.029081, -0.015265
-0.073773, -0.006593, 0.050747, -0.127989, -0.015827, -0.033400
-0.038973, -0.031929, -0.095195, 0.019924, -0.056424, -0.000315
-0.014460, -0.002034, 0.093711, -0.065186, -0.005497, 0.069777

==============================================================================

[64] id: Hybrid_22
category    : Hybrid
scheme      : HDFC Balanced Advantage Fund - Direct Plan - Growth
section     : Fund house
source_url  : https://groww.in/mutual-funds/hdfc-balanced-advantage-fund-direct-growth
ingested_at : 2026-10-07T06:17:39+00:00  |  chunk_index: 22
chars       : 491  |  embedding: 384-dim
------------------------------------------------------------------------------
TEXT:
CustodianHDFC Bank: Registrar & Transfer AgentCams

Email[[email protected]](https://mail.google.com/mail/?view=cm&fs=1&tf=1&to=enq_h@camsonline.com&su=Hello&shva=1)

Websitewww.camsonline.com: Address7th Floor, Tower II, Rayala Towers, 158, Anna Salai,
HDFC Balanced Advantage Fund Direct Growth

Vaishnavi Tech Park, South Tower, 3rd FloorSarjapur Main Road, Bellandur, Bengaluru – 560103Karnataka

GROWW: PRODUCTS

915 TerminalCredit

© 2016-2026 Groww. All rights reserved.Version: 8.0.5

EMBEDDING (384 floats, rounded to 6 dp):
0.014406, -0.024247, -0.089012, -0.003500, -0.027459, 0.038837
-0.054746, -0.005694, -0.048187, -0.061588, 0.001566, -0.106593
-0.009803, -0.070529, -0.028384, -0.000863, -0.007919, -0.003468
0.008067, -0.014732, -0.035579, -0.034567, -0.072193, -0.057733
0.038710, 0.025892, -0.056539, 0.028507, -0.015801, -0.097633
0.032796, 0.046325, 0.015323, 0.033308, 0.092475, 0.058277
-0.046041, 0.023768, 0.034111, -0.091671, 0.017803, -0.038621
0.023473, -0.037933, 0.051354, 0.001499, 0.000285, 0.008735
0.025767, -0.028659, -0.011252, -0.030357, 0.036024, 0.010177
-0.044421, 0.057668, 0.076751, -0.088135, 0.078706, -0.072889
0.058873, 0.066055, -0.023195, -0.038660, 0.014529, -0.063765
-0.029657, 0.044146, 0.023538, -0.114064, -0.012681, -0.024168
-0.044002, 0.030370, -0.021711, 0.088956, -0.002937, 0.007154
0.117578, -0.029424, -0.059104, -0.017568, 0.008985, 0.084099
-0.033328, 0.012251, 0.032720, -0.058254, 0.015006, -0.062313
0.077066, 0.076430, 0.038614, -0.004585, -0.038084, -0.068370
-0.097508, -0.055174, -0.086624, 0.015167, 0.022287, 0.075999
-0.008228, 0.029009, -0.015136, -0.015994, 0.038720, 0.090276
0.037713, -0.075212, -0.025334, 0.040844, -0.011332, -0.020612
0.024259, 0.046055, -0.086172, -0.060901, -0.010189, -0.025085
0.061917, 0.011572, -0.112299, -0.093392, -0.091806, -0.081731
0.065600, 0.000000, -0.018974, 0.098023, 0.064550, -0.043075
0.117608, -0.030415, -0.075870, 0.026694, -0.025847, 0.069754
-0.020797, -0.010163, -0.014240, -0.071883, -0.020292, -0.058139
0.027530, 0.030970, 0.020184, 0.091350, -0.020876, 0.002859
0.047954, -0.035705, 0.052889, -0.030792, -0.019745, 0.023599
0.064317, 0.046307, 0.050912, -0.049520, -0.034994, -0.008196
-0.051315, -0.036184, 0.004449, -0.106486, -0.045165, -0.001695
-0.019684, 0.034682, 0.003121, -0.015202, 0.066102, 0.051491
0.088121, 0.037303, 0.053172, 0.050386, -0.104951, -0.014830
-0.122080, -0.004044, 0.040844, -0.044699, 0.062084, 0.011354
0.044763, 0.007645, -0.025395, -0.014200, -0.109046, 0.020804
-0.070441, -0.087020, 0.043659, 0.006464, 0.046120, -0.038259
-0.015810, 0.016383, 0.072040, 0.054605, -0.058858, -0.034311
-0.112144, 0.101692, 0.023496, 0.038566, -0.006643, 0.087569
0.022889, -0.052853, 0.117253, 0.009005, 0.039130, -0.019032
-0.006727, 0.005853, -0.078045, 0.000406, 0.090803, 0.048254
-0.017204, -0.000000, 0.040714, -0.068136, -0.048032, -0.033510
0.022702, 0.092108, -0.021958, -0.055189, 0.037724, 0.032380
-0.000099, 0.090563, 0.005844, -0.055781, 0.010560, -0.031684
0.064389, -0.037009, -0.087852, -0.016027, 0.035783, 0.029070
-0.091987, 0.097835, -0.033510, 0.075546, -0.033958, 0.010988
0.002846, 0.071743, -0.044249, -0.054165, -0.079514, 0.107515
-0.025566, -0.155627, 0.076065, 0.046531, 0.019978, 0.091854
0.052514, 0.024368, 0.004951, -0.007002, -0.002375, -0.059896
0.030031, -0.100832, -0.004824, 0.019531, 0.010410, -0.060764
-0.014029, 0.023977, -0.015158, 0.050765, 0.120561, 0.043617
0.005024, -0.030321, 0.048323, 0.021529, 0.024775, 0.123305
0.004692, 0.041329, 0.065055, 0.050606, -0.000872, -0.117508
-0.046113, 0.012374, 0.048238, -0.007798, -0.069027, 0.010007
-0.008300, 0.012842, 0.027853, 0.030361, 0.026852, -0.017383
0.009484, -0.001746, 0.009865, -0.094918, 0.022901, -0.047697
0.067516, -0.050776, -0.084273, -0.056011, 0.022190, -0.024521
0.013867, -0.000000, -0.038152, -0.028080, -0.012087, -0.006931
0.046923, -0.110557, 0.042546, 0.031338, -0.005367, -0.007632
0.047238, -0.010175, 0.009252, -0.058370, 0.042818, -0.028026
0.032826, -0.007049, -0.002640, 0.011297, 0.031774, 0.010622
0.046740, -0.027760, -0.069068, -0.027571, 0.013183, 0.005812
0.031532, 0.037038, 0.031029, 0.010264, 0.048577, -0.034797
-0.017275, 0.090415, 0.075817, -0.049099, 0.023028, 0.025140
-0.014533, -0.067397, 0.003230, -0.016676, 0.018375, 0.004750
-0.019740, 0.010859, 0.052049, -0.085297, -0.051190, -0.015502
0.034013, 0.019838, -0.003948, 0.038040, -0.057129, -0.034686
-0.010835, 0.063146, 0.101664, -0.080541, 0.005153, 0.004142

==============================================================================

[65] id: Hybrid_23
category    : Hybrid
scheme      : HDFC Balanced Advantage Fund - Direct Plan - Growth
section     : Fund house
source_url  : https://groww.in/mutual-funds/hdfc-balanced-advantage-fund-direct-growth
ingested_at : 2026-10-07T06:17:39+00:00  |  chunk_index: 23
chars       : 273  |  embedding: 384-dim
------------------------------------------------------------------------------
TEXT:
All rights reserved.Version: 8.0.5

Share Market: Indices

ETFs: Funds By Groww

Calculators: Miscellaneous

Others:: NSEBSEMCXTerms and ConditionsPolicies and ProceduresPrivacy PolicyDisclosureSMART ODRBug BountyGroww Pay - Terms of useGroww Pay - Privacy policyGroww IFSC

EMBEDDING (384 floats, rounded to 6 dp):
0.014900, 0.034039, -0.049562, 0.062366, 0.075239, -0.014139
0.059326, -0.055827, -0.013028, 0.033404, 0.025716, -0.077272
-0.047521, -0.022753, -0.079894, -0.046802, -0.067302, -0.028331
-0.038022, -0.001521, 0.016636, -0.005903, -0.025557, -0.063789
0.083739, -0.035465, 0.009746, 0.037755, -0.023465, -0.051961
0.011247, 0.009999, 0.028009, 0.017524, -0.004390, 0.002165
-0.047042, -0.068187, -0.049298, -0.014657, 0.036923, -0.086300
0.000466, 0.012507, -0.041435, 0.005849, -0.017975, 0.054690
0.016595, 0.042341, 0.021358, -0.022316, 0.022698, 0.050750
0.044244, -0.020663, -0.073956, -0.025960, 0.034824, -0.006675
0.010637, -0.005398, -0.033916, 0.078251, -0.048256, 0.010706
0.043894, 0.036591, -0.073643, -0.052539, 0.020982, 0.022031
-0.074682, 0.024218, 0.013821, 0.079794, 0.030762, -0.051400
0.088674, -0.087553, -0.068595, 0.021529, 0.053648, -0.009769
-0.032635, -0.010969, 0.024022, -0.017438, 0.098148, -0.031870
0.059696, 0.045148, -0.030744, -0.022709, -0.022526, -0.008401
-0.046669, -0.055509, -0.129975, 0.040090, 0.007954, -0.005236
-0.024182, 0.011707, -0.026634, -0.048224, 0.061575, 0.037968
0.006295, 0.041939, 0.001094, 0.029614, 0.041916, -0.050039
-0.006090, 0.020988, -0.129637, -0.032821, 0.084266, -0.051950
0.089210, 0.074642, -0.072293, -0.032779, -0.087845, -0.050875
-0.062594, 0.000000, -0.054828, -0.021155, -0.013248, -0.054709
0.035366, -0.031673, 0.034585, 0.009446, -0.083263, -0.022086
-0.013909, 0.078461, -0.008487, -0.006559, 0.031546, -0.015655
0.042823, 0.149084, 0.151820, 0.062155, 0.059209, -0.007005
0.032517, 0.016501, -0.011120, -0.008736, -0.002335, -0.101286
0.113335, 0.039785, 0.040909, -0.020252, 0.006500, -0.090075
0.043684, 0.002363, -0.018696, 0.006946, -0.012738, -0.015147
0.032008, 0.001688, -0.011019, -0.101976, -0.143779, 0.021446
0.034912, 0.023439, 0.101330, 0.063222, -0.035561, -0.016547
-0.022615, -0.052611, 0.025142, 0.039154, -0.048127, -0.006845
-0.023570, -0.047973, -0.040678, -0.006093, 0.000152, -0.055032
-0.099619, 0.005833, -0.043527, -0.023749, -0.035266, 0.058721
-0.029854, 0.039304, 0.086752, 0.049962, -0.038723, -0.040336
-0.014244, 0.074169, 0.071171, -0.022419, -0.042830, -0.004751
0.023117, 0.014880, 0.024660, -0.000099, -0.020286, 0.057684
0.036146, -0.020949, -0.005629, -0.088302, 0.006951, -0.067762
-0.084736, -0.000000, -0.041942, 0.024140, -0.034040, -0.027401
-0.005609, 0.055904, 0.028339, -0.024266, 0.072295, 0.020592
-0.024813, 0.090683, -0.008058, -0.085368, 0.032718, -0.078934
-0.004964, -0.025638, -0.061938, -0.017975, -0.097479, 0.025330
0.028026, 0.094301, 0.045352, -0.043225, -0.030595, 0.063381
-0.046207, 0.021055, -0.006784, -0.026252, -0.111277, 0.071067
-0.021989, -0.050249, 0.084648, -0.018114, -0.010654, 0.037904
0.048819, -0.013647, 0.008735, 0.056859, 0.026093, -0.015845
-0.008609, 0.004464, 0.073931, 0.002623, -0.025547, -0.042329
0.028642, 0.014458, -0.105315, 0.082684, 0.066576, 0.040567
-0.007653, -0.037984, 0.028409, -0.001466, -0.036158, 0.100388
-0.006048, -0.003913, -0.113766, -0.057106, -0.032291, -0.066717
0.100647, -0.065124, -0.000789, -0.041853, -0.000361, 0.060719
0.099923, -0.011013, -0.037135, 0.094548, 0.075872, 0.047041
0.046746, -0.003766, 0.004388, 0.017574, 0.060427, 0.039527
-0.028406, 0.022313, -0.115276, -0.046004, 0.008208, 0.066205
0.010595, -0.000000, -0.087566, -0.000432, -0.004081, 0.022526
0.059491, -0.007045, 0.059075, -0.024126, -0.012001, 0.022658
0.092973, 0.012465, -0.097834, -0.011402, 0.001419, -0.105993
-0.118307, 0.039478, -0.042901, -0.051188, -0.049511, 0.017787
-0.053819, -0.022028, 0.020565, 0.002513, 0.063271, 0.015648
0.030457, 0.078925, 0.010650, 0.045778, -0.026358, -0.025514
-0.011436, 0.066443, -0.039025, 0.100102, 0.032303, 0.078794
-0.015885, 0.022016, 0.042906, -0.028496, -0.069122, 0.055240
-0.104241, -0.009512, 0.091559, -0.117343, -0.012112, -0.059075
0.009286, 0.064338, -0.004664, -0.004821, -0.061386, -0.014102
0.004314, 0.031081, 0.095689, -0.125313, -0.013016, 0.056687

==============================================================================

[66] id: Large_Cap_0
category    : Large Cap
scheme      : HDFC Large Cap Fund - Direct Plan - Growth
section     : Key facts
source_url  : https://groww.in/mutual-funds/hdfc-large-cap-fund-direct-growth
ingested_at : 2026-10-07T06:17:35+00:00  |  chunk_index: 0
chars       : 111  |  embedding: 384-dim
------------------------------------------------------------------------------
TEXT:
NAV: 06 Oct '26: ₹1,168.62

Min. for SIP: ₹100

Fund size (AUM): ₹39,933.36 Cr

Expense ratio: 1.04%

Rating: 4

EMBEDDING (384 floats, rounded to 6 dp):
0.037466, -0.005274, -0.122399, 0.064605, 0.013210, -0.012138
0.069866, 0.070579, 0.000553, 0.017908, -0.016287, -0.109143
-0.075412, 0.028460, -0.011955, -0.072881, -0.049065, -0.129745
0.011416, 0.010580, 0.022058, 0.025321, 0.029225, 0.008380
0.052745, -0.022874, 0.046086, 0.021920, -0.033503, -0.073824
0.102827, 0.137289, 0.115699, -0.060097, -0.031459, -0.037308
-0.054528, 0.015210, 0.034275, -0.064117, 0.000865, -0.018721
0.039161, -0.045179, 0.023967, -0.011565, -0.039082, 0.123739
0.018880, 0.072674, 0.001713, 0.032968, -0.033679, -0.057420
-0.020650, 0.030946, -0.057584, -0.006534, 0.014174, -0.003895
0.020247, 0.052364, -0.064715, 0.042578, 0.030926, -0.023724
-0.046647, 0.024800, 0.038331, 0.044113, 0.036893, -0.097055
0.015876, -0.113247, -0.043240, 0.007915, 0.025867, -0.000428
-0.032445, 0.014899, -0.001057, -0.041104, 0.058980, 0.019887
0.056377, -0.015485, 0.073769, -0.030787, -0.044102, -0.067442
0.070316, 0.092278, -0.018797, 0.026125, -0.041569, 0.009600
0.013045, -0.078543, 0.002556, 0.056714, 0.041504, 0.096418
-0.038476, -0.005471, -0.015830, -0.010056, 0.080476, 0.065404
0.056335, 0.042892, -0.051500, 0.073503, -0.020472, -0.053070
-0.034221, 0.011340, -0.080039, -0.028884, 0.113448, 0.056512
-0.030550, 0.066809, 0.001837, -0.054724, -0.041236, -0.060369
0.021865, 0.000000, -0.091647, -0.006285, -0.075339, -0.056449
-0.015135, 0.001342, 0.067952, -0.048222, -0.020386, -0.055633
-0.034227, 0.004830, -0.005786, -0.019502, -0.004467, -0.047263
0.023521, 0.038983, -0.019755, -0.043261, -0.022394, -0.000016
0.021912, -0.022089, 0.116760, -0.005387, 0.011256, -0.036774
0.060215, 0.044125, 0.032630, 0.026825, -0.044111, -0.009599
-0.053023, 0.052996, -0.022523, -0.028604, -0.082632, -0.061669
-0.019246, 0.056164, 0.007512, -0.069418, -0.112013, 0.032215
0.032808, 0.067661, 0.017090, 0.034301, -0.109412, -0.038682
-0.066290, 0.041980, 0.021617, -0.037717, -0.042537, -0.033772
-0.015398, -0.039343, 0.014005, -0.068006, -0.101938, -0.066334
-0.057023, 0.026886, -0.026291, -0.065511, 0.042878, -0.029621
-0.044030, 0.007214, 0.103201, 0.063810, -0.038485, 0.015937
0.045294, 0.008086, -0.001745, 0.134709, -0.014708, 0.058644
0.061385, -0.034227, 0.090017, -0.007975, 0.049671, -0.012334
-0.020073, 0.006445, -0.003470, -0.005009, 0.043588, -0.024049
-0.020980, -0.000000, -0.016744, 0.026283, -0.010702, 0.088800
-0.002908, 0.009771, 0.044177, 0.103805, 0.027701, 0.013347
-0.017549, 0.071176, 0.057790, -0.022849, -0.019601, -0.025913
0.057689, -0.012321, 0.008403, -0.007098, -0.010933, 0.047262
0.046973, -0.009406, -0.042236, 0.023210, 0.031013, -0.041423
-0.086883, -0.052685, 0.002011, -0.008234, -0.084304, 0.089879
-0.052871, -0.034938, 0.028739, 0.028908, 0.000954, 0.078307
0.068323, 0.038698, -0.018821, -0.097351, 0.092802, -0.094933
0.050086, -0.015617, 0.026213, -0.098520, 0.029855, -0.035383
0.045058, 0.053701, 0.015579, 0.015091, 0.037421, -0.018576
0.031235, -0.071449, 0.064971, 0.096081, 0.000880, 0.004894
0.009417, -0.034315, -0.030275, -0.018339, 0.050289, -0.057098
-0.005103, -0.048362, 0.035872, 0.071876, 0.005684, 0.025301
-0.023758, -0.003036, 0.061086, 0.024447, 0.019885, 0.114667
0.015592, 0.014636, -0.004171, 0.001660, 0.080288, -0.096614
0.036843, 0.028281, -0.038052, -0.001843, 0.006102, 0.043637
0.047458, -0.000000, -0.007354, -0.047607, -0.000039, 0.013723
0.033938, -0.012729, -0.075094, 0.005701, -0.005641, 0.075988
0.082177, -0.022337, -0.107182, -0.007892, -0.113949, -0.036903
-0.031714, 0.085444, -0.027930, -0.109675, 0.062978, 0.038319
0.011688, 0.039730, 0.009138, -0.001142, -0.010843, 0.052420
-0.017638, -0.066652, -0.033518, 0.051527, 0.033156, -0.034253
-0.075741, -0.013269, 0.049084, 0.002767, -0.024674, 0.110558
0.021574, -0.176318, -0.010109, -0.052647, -0.048796, 0.004691
-0.063357, -0.023333, -0.038478, -0.128881, 0.040075, 0.021608
-0.005710, 0.006994, -0.002709, -0.007825, -0.062705, 0.011824
-0.051222, -0.034213, 0.068775, -0.054913, -0.088940, 0.020510

==============================================================================

[67] id: Large_Cap_1
category    : Large Cap
scheme      : HDFC Large Cap Fund - Direct Plan - Growth
section     : Minimum investments
source_url  : https://groww.in/mutual-funds/hdfc-large-cap-fund-direct-growth
ingested_at : 2026-10-07T06:17:35+00:00  |  chunk_index: 1
chars       : 80  |  embedding: 384-dim
------------------------------------------------------------------------------
TEXT:
Min. for 1st investment: ₹100

Min. for 2nd investment: ₹100

Min. for SIP: ₹100

EMBEDDING (384 floats, rounded to 6 dp):
0.058324, 0.035396, -0.118130, 0.019376, -0.060140, 0.012901
0.048973, 0.124589, 0.053614, -0.025083, 0.016778, -0.079512
-0.039209, 0.036521, 0.014625, -0.075839, -0.000184, -0.092817
-0.017170, -0.004793, 0.087017, -0.030991, -0.023165, -0.048855
0.103739, -0.002839, 0.032055, 0.057194, 0.027520, 0.004080
0.065415, 0.076460, 0.100165, -0.046763, -0.016224, -0.025178
-0.002280, 0.011509, 0.056907, -0.085783, -0.048873, -0.058869
0.003244, -0.049126, 0.017132, -0.019669, -0.030475, 0.122386
0.020245, 0.052364, 0.000971, 0.032486, -0.062881, -0.011089
-0.037053, 0.003527, -0.031369, 0.001879, 0.034814, 0.049277
-0.037446, 0.017237, -0.035776, 0.081742, 0.030404, -0.036466
-0.037554, -0.019065, -0.007937, 0.042149, 0.016903, -0.072944
-0.061390, -0.095818, -0.061836, -0.019096, 0.082536, 0.061726
-0.037785, -0.040827, 0.010955, -0.036004, 0.000915, -0.011684
-0.002144, 0.004462, 0.012356, 0.042568, -0.040026, -0.069886
0.087882, 0.114298, -0.040788, 0.048903, -0.049449, 0.019186
-0.011772, -0.015669, -0.031498, 0.033957, 0.003050, -0.023579
-0.039101, 0.006039, 0.007704, -0.064978, 0.068406, -0.029797
0.027332, -0.000075, -0.057985, 0.070804, 0.031816, -0.044115
-0.059507, 0.074136, -0.057219, -0.033253, 0.130372, 0.042829
-0.019070, 0.062685, -0.017599, -0.061533, -0.088665, -0.057935
0.033738, 0.000000, -0.075644, -0.024083, -0.060352, -0.036902
-0.055436, 0.005746, 0.043117, -0.024517, -0.027662, -0.050623
-0.003876, -0.085137, -0.013396, -0.012658, 0.000998, -0.066661
0.037051, 0.080122, 0.020580, -0.023405, -0.025320, -0.077055
0.029954, 0.008746, 0.111425, -0.013364, 0.025318, -0.099184
0.070249, 0.045647, 0.087212, 0.016212, -0.104595, 0.002438
-0.059984, 0.070723, 0.061351, -0.018008, -0.053087, -0.023187
-0.060019, 0.060002, -0.031016, -0.083858, -0.034351, 0.058385
0.014831, 0.081661, -0.012774, 0.004901, -0.083638, -0.006684
-0.074687, 0.002929, 0.013150, -0.024624, -0.009688, -0.076547
-0.045274, -0.013455, -0.031848, -0.060043, -0.113474, -0.012926
-0.082532, 0.063445, -0.015192, -0.021287, 0.053127, 0.025528
-0.073349, -0.026686, 0.095864, 0.021407, 0.004468, 0.035442
0.076427, 0.038136, 0.006498, 0.117163, 0.000156, 0.074115
-0.009676, 0.010415, 0.047841, 0.036341, 0.032934, -0.015359
-0.037556, -0.001567, -0.087498, 0.008098, 0.029562, 0.041275
0.009392, -0.000000, -0.022366, 0.034442, 0.034347, 0.061962
0.011325, 0.028931, 0.086731, 0.090409, 0.070493, 0.075603
-0.046047, 0.020322, 0.017736, -0.064449, -0.058128, -0.031744
0.050257, -0.043505, 0.026371, 0.001159, 0.046789, 0.048797
0.006583, 0.017469, 0.009044, 0.042331, -0.009296, 0.003574
-0.093085, -0.060383, -0.023546, -0.041154, -0.095653, 0.046967
-0.060270, -0.007873, 0.005407, -0.010928, -0.002547, 0.122185
0.087364, 0.034457, 0.024532, -0.052352, 0.048346, -0.086908
0.057091, -0.060580, -0.035370, -0.107385, 0.023513, -0.013145
0.031806, 0.050096, 0.022075, 0.017801, 0.041786, -0.051876
0.040758, -0.038463, 0.040922, 0.067308, -0.003589, 0.089182
-0.039640, 0.000623, 0.015542, -0.025661, 0.061810, -0.119404
-0.017114, 0.011468, 0.061977, 0.003842, -0.062489, 0.035973
-0.044322, -0.024795, 0.048606, 0.032782, -0.043420, 0.123101
-0.028949, 0.006409, -0.002579, 0.000945, 0.027702, -0.080891
0.029805, -0.039466, -0.067078, 0.065951, 0.051998, 0.028992
0.021809, -0.000000, -0.024507, -0.062983, 0.029410, -0.003419
0.047257, -0.011503, -0.062825, 0.002287, 0.025956, 0.030837
0.088955, -0.027693, -0.033890, -0.003286, -0.116236, -0.047915
0.032198, -0.019311, -0.014041, -0.060213, 0.076855, 0.047320
0.057505, 0.031983, -0.032589, -0.024689, 0.045326, 0.037515
0.021400, -0.001961, -0.076371, 0.068700, 0.002443, -0.018824
-0.076349, -0.029300, 0.044245, 0.030684, -0.019604, 0.065075
0.019206, -0.181664, -0.027427, -0.044851, 0.001483, -0.014598
-0.036483, 0.019006, 0.034047, -0.093345, 0.046593, 0.009532
0.019424, -0.011529, -0.021380, 0.007601, -0.073010, 0.025125
-0.069560, -0.026692, 0.034058, -0.033099, -0.082918, 0.002757

==============================================================================

[68] id: Large_Cap_2
category    : Large Cap
scheme      : HDFC Large Cap Fund - Direct Plan - Growth
section     : Annualised returns
source_url  : https://groww.in/mutual-funds/hdfc-large-cap-fund-direct-growth
ingested_at : 2026-10-07T06:17:35+00:00  |  chunk_index: 2
chars       : 67  |  embedding: 384-dim
------------------------------------------------------------------------------
TEXT:
Average of the yearly returns of a mutual fund over a given period.

EMBEDDING (384 floats, rounded to 6 dp):
0.073831, -0.053884, -0.045890, 0.085548, 0.014444, -0.019194
0.001279, 0.057618, 0.010150, 0.019774, -0.052869, 0.001217
-0.035032, -0.043621, -0.065760, -0.019517, -0.107793, -0.049778
0.090995, 0.010173, 0.081284, -0.022932, 0.100689, -0.045771
0.068301, -0.030427, -0.012736, -0.012968, -0.066506, 0.052606
-0.001905, 0.012934, 0.064460, -0.054513, -0.027838, 0.018508
-0.032655, 0.035916, -0.015232, -0.002201, -0.064238, 0.053985
0.089596, -0.049026, -0.007049, 0.024252, -0.009632, 0.070798
0.045780, 0.067162, -0.018908, 0.075729, -0.046569, 0.010221
0.045196, 0.045390, -0.094979, 0.005443, -0.013030, 0.030689
-0.038205, 0.028528, 0.029277, 0.047474, 0.039903, -0.017765
-0.048920, 0.036544, 0.016444, -0.013583, -0.010935, -0.034939
-0.124535, -0.122025, -0.009573, 0.038251, -0.048846, 0.016045
0.008041, 0.007143, 0.011339, 0.042941, 0.062828, -0.037157
0.074717, -0.004727, 0.146851, 0.021560, 0.058963, 0.066492
-0.049654, -0.005671, -0.025510, -0.024730, -0.011788, 0.038727
0.008945, -0.110163, 0.026254, 0.057084, 0.031476, -0.087854
0.003233, -0.033219, -0.045368, -0.049238, 0.083619, -0.038322
-0.009558, 0.019054, -0.067013, 0.060833, 0.001485, 0.023702
0.003994, -0.017830, -0.072960, -0.005154, 0.098183, 0.069402
0.111306, 0.058474, 0.017428, 0.031315, -0.076650, 0.000074
0.036493, -0.000000, -0.042596, 0.015302, 0.030581, -0.005723
-0.090361, -0.017761, 0.044704, -0.050844, 0.008364, -0.048515
0.005532, 0.019936, -0.011790, 0.000104, 0.008264, -0.086459
0.033246, 0.092479, 0.086886, -0.057892, 0.029055, 0.010962
0.024771, -0.018644, 0.071329, -0.086553, -0.027921, 0.022371
0.012336, 0.012365, 0.136038, 0.035711, -0.040301, -0.101573
-0.054573, -0.020495, 0.043937, 0.091814, -0.012864, 0.012009
-0.030129, 0.029892, 0.018932, -0.010520, -0.083724, -0.002757
0.066868, 0.039621, -0.032797, 0.002116, -0.093032, -0.062756
0.009847, 0.025306, 0.036968, 0.052479, -0.058669, 0.016760
-0.084035, -0.012843, 0.045082, 0.033266, -0.000596, -0.015488
-0.069371, 0.082771, 0.009375, 0.047242, -0.003263, 0.094862
0.010524, 0.002447, -0.062084, -0.039308, 0.004309, -0.023045
-0.005995, 0.009858, -0.003584, 0.072290, -0.002363, -0.028988
-0.031100, 0.005742, 0.033399, 0.049547, 0.046974, 0.041446
0.054911, -0.066151, 0.028685, -0.103541, 0.019329, 0.013016
-0.056750, 0.000000, -0.011310, 0.027844, 0.160401, 0.077541
-0.035121, -0.036105, -0.027201, 0.084773, 0.028148, 0.097254
-0.001346, -0.021332, 0.026405, 0.016836, 0.009747, -0.033748
0.027789, -0.037794, 0.013172, -0.016014, -0.037419, -0.040272
0.049586, -0.068023, -0.023943, -0.006589, -0.054787, -0.014123
-0.104826, -0.082142, 0.000828, -0.057009, -0.020378, 0.043186
-0.032475, -0.031591, 0.032430, -0.068592, -0.003238, 0.004149
0.033337, -0.001841, 0.083871, -0.042815, 0.093884, -0.039134
-0.067425, 0.040762, 0.063846, -0.048146, -0.085926, -0.069121
-0.011171, -0.102016, -0.135273, 0.025737, 0.038071, 0.026529
-0.063914, -0.008786, 0.016598, -0.045542, -0.034657, 0.065943
-0.066468, 0.003503, -0.066585, -0.086463, -0.010630, -0.039347
0.096865, 0.017534, 0.054006, 0.027111, 0.044304, 0.037741
0.028326, -0.037156, 0.013478, 0.053496, -0.026325, 0.038611
-0.038409, -0.049573, -0.042796, -0.033172, 0.042531, -0.068466
-0.059280, 0.009624, -0.000364, -0.029174, 0.026983, 0.023334
0.005870, -0.000000, 0.039766, -0.029704, 0.048712, -0.070114
0.018192, 0.021775, 0.039195, -0.109589, -0.003741, -0.096230
0.036456, -0.028850, -0.060310, 0.007068, -0.054742, -0.032355
-0.080945, 0.050436, -0.002319, -0.094871, 0.037144, 0.009086
0.061998, 0.028858, 0.026860, 0.043591, -0.030073, -0.047871
-0.037187, -0.004568, 0.060231, 0.003002, 0.065579, 0.021307
-0.098478, 0.033971, 0.013935, 0.010847, 0.048879, 0.012164
0.042540, 0.037234, 0.134517, -0.019250, 0.029481, -0.043374
0.033186, 0.028461, 0.033567, -0.140276, 0.118887, 0.009294
-0.037365, 0.033802, 0.008808, 0.019356, -0.018217, 0.015945
-0.098637, -0.054318, -0.011451, -0.073123, -0.041029, 0.037140

==============================================================================

[69] id: Large_Cap_3
category    : Large Cap
scheme      : HDFC Large Cap Fund - Direct Plan - Growth
section     : Absolute returns
source_url  : https://groww.in/mutual-funds/hdfc-large-cap-fund-direct-growth
ingested_at : 2026-10-07T06:17:35+00:00  |  chunk_index: 3
chars       : 54  |  embedding: 384-dim
------------------------------------------------------------------------------
TEXT:
The total return of a mutual fund over a given period.

EMBEDDING (384 floats, rounded to 6 dp):
0.037983, 0.002179, -0.069593, 0.052208, 0.044884, -0.004699
0.024150, 0.041674, 0.040183, 0.043676, -0.006793, -0.001289
-0.044309, -0.019723, -0.085915, -0.039201, -0.091901, 0.002698
0.082825, 0.019074, 0.106168, -0.046521, 0.047961, -0.032146
0.090129, -0.001337, -0.001558, -0.004842, -0.057332, -0.007376
0.025751, 0.023817, -0.006352, -0.047741, -0.040693, 0.048390
-0.026811, 0.014803, -0.006620, 0.037500, -0.078128, 0.022638
0.052940, -0.026032, 0.013147, 0.018586, -0.012928, 0.059083
0.033516, 0.081282, 0.052475, 0.054881, -0.074365, 0.030813
0.059709, 0.048276, -0.063270, -0.009712, -0.046203, 0.019145
-0.010677, -0.024666, -0.016753, 0.042499, 0.050589, -0.013134
-0.102257, 0.005616, 0.010442, -0.001751, 0.023258, -0.054141
-0.041581, -0.108126, -0.030956, 0.040293, 0.014163, 0.018327
0.027289, -0.011718, 0.026324, 0.076460, 0.066791, -0.043371
0.088452, 0.013869, 0.100216, 0.024072, 0.090669, 0.037518
-0.028848, 0.019391, -0.046960, -0.019967, -0.061181, -0.029244
-0.010823, -0.081604, 0.045778, 0.057016, 0.029173, -0.082326
-0.034588, -0.070537, -0.035042, -0.068032, 0.033554, 0.022347
0.005104, -0.001792, -0.062568, 0.046133, 0.040114, 0.014862
0.007589, 0.013343, -0.071365, 0.004928, 0.136732, -0.013102
0.108399, 0.067061, 0.001243, 0.007051, -0.112056, -0.018732
0.032565, -0.000000, -0.081921, -0.009026, 0.045760, -0.025828
-0.071827, -0.020689, 0.044586, -0.027383, 0.000570, -0.072020
0.002566, 0.009761, -0.025314, -0.035562, -0.024356, -0.073206
0.030385, 0.138473, 0.113970, -0.042477, 0.008753, 0.027472
0.040550, -0.001086, 0.094724, -0.087297, -0.060898, 0.002981
-0.025039, 0.036131, 0.095638, 0.024210, -0.071816, -0.094174
0.003150, 0.001492, 0.029988, 0.052454, -0.016110, 0.031842
-0.035033, 0.012803, -0.009310, -0.041324, -0.127725, -0.024819
0.094522, 0.045071, -0.025741, 0.058226, -0.074433, -0.091996
0.007893, -0.017726, -0.005871, 0.020286, -0.062656, 0.019850
-0.090461, 0.010032, 0.080318, 0.020433, -0.029572, 0.000309
-0.074055, 0.072511, 0.035318, 0.035323, 0.012600, 0.089108
-0.053219, 0.004765, 0.028928, -0.019242, 0.013351, -0.078467
0.018475, 0.007179, 0.010499, 0.065883, -0.024166, -0.021167
-0.052510, 0.015739, 0.058144, 0.089441, 0.032020, 0.020395
0.046300, -0.079150, -0.004634, -0.110274, 0.056746, 0.029049
-0.032948, 0.000000, 0.012109, 0.039960, 0.112701, 0.034153
-0.040104, -0.037443, 0.004601, 0.091852, -0.006961, 0.128001
0.054899, -0.038745, 0.021073, 0.016386, -0.012485, -0.043689
0.005411, -0.044998, 0.013432, -0.008475, 0.012143, -0.030262
0.052555, -0.065119, -0.006458, 0.030253, -0.035711, -0.012612
-0.076398, -0.029208, 0.053483, -0.058599, -0.057244, 0.018371
-0.014697, -0.030540, 0.031513, -0.071568, 0.025624, 0.039270
0.070320, -0.029324, 0.125503, -0.025926, 0.093529, -0.056269
-0.011287, 0.046678, 0.075378, -0.066099, -0.082339, -0.063300
0.008777, -0.043545, -0.134387, -0.007408, 0.038550, -0.000410
-0.020746, -0.019260, -0.007756, -0.047423, -0.026461, 0.091510
-0.058948, -0.008370, -0.053518, -0.090945, 0.030120, -0.033507
0.087170, 0.059407, 0.055582, 0.050660, 0.012256, 0.058817
0.023587, -0.066685, 0.010693, 0.068911, -0.060636, 0.024778
-0.028426, -0.010076, -0.029177, -0.045881, 0.017566, -0.039263
-0.008340, -0.030041, 0.011086, -0.022775, 0.061387, 0.073442
0.002041, -0.000000, -0.000686, -0.067832, 0.046491, -0.090907
0.058512, 0.001128, 0.056377, -0.125255, 0.019297, -0.067191
0.048530, 0.001403, -0.032045, -0.004486, -0.095242, 0.003369
-0.053234, 0.033264, 0.006588, -0.058605, 0.048024, -0.022004
0.059576, 0.037812, 0.002358, 0.007816, -0.024905, 0.018268
-0.007048, -0.024035, 0.047946, 0.037973, -0.004177, 0.017882
-0.114999, 0.024714, 0.034744, 0.062587, 0.039313, 0.067939
-0.001054, -0.009817, 0.112980, 0.026056, 0.006799, -0.019398
-0.020460, -0.019003, -0.047028, -0.158588, 0.071378, -0.001150
-0.041071, 0.013247, -0.034455, 0.013692, -0.026520, -0.004222
-0.123283, -0.036609, -0.034719, -0.041239, 0.013317, 0.005495

==============================================================================

[70] id: Large_Cap_4
category    : Large Cap
scheme      : HDFC Large Cap Fund - Direct Plan - Growth
section     : Expense ratio
source_url  : https://groww.in/mutual-funds/hdfc-large-cap-fund-direct-growth
ingested_at : 2026-10-07T06:17:35+00:00  |  chunk_index: 4
chars       : 203  |  embedding: 384-dim
------------------------------------------------------------------------------
TEXT:
A fee payable to a mutual fund house for managing your mutual fund investments. It is the total percentage of a company's fund assets used for administrative, management, advertising, and other expenses.

EMBEDDING (384 floats, rounded to 6 dp):
0.078798, -0.061586, -0.070337, 0.032638, 0.121845, 0.015240
0.108334, 0.021425, 0.049949, 0.038191, -0.047763, -0.038062
-0.002083, 0.044184, -0.078058, -0.082985, -0.011436, -0.014541
0.009620, 0.024470, 0.005205, -0.008266, 0.065634, 0.058631
0.068917, -0.033115, 0.017681, -0.003693, -0.086221, -0.003679
-0.015823, -0.012359, -0.014173, -0.043024, -0.007812, 0.114959
-0.043294, 0.025016, -0.007203, 0.018650, -0.003350, 0.044093
0.055444, -0.018245, -0.030683, 0.082599, -0.029854, 0.028359
-0.001829, 0.078561, 0.014555, 0.037996, -0.020236, -0.007557
-0.015071, 0.029254, -0.001762, -0.018211, -0.015443, -0.038524
-0.040866, -0.068769, 0.043794, 0.026975, 0.013683, -0.042972
-0.044859, 0.064615, -0.020273, -0.071194, 0.058192, -0.013890
-0.026276, -0.061348, -0.015144, 0.033363, 0.022577, 0.080852
0.040859, -0.009961, -0.047796, 0.014770, 0.132494, 0.006855
-0.007075, 0.004073, 0.067675, -0.042525, 0.072961, 0.026637
0.010574, 0.017798, -0.058614, -0.054567, 0.008397, 0.065015
-0.054049, -0.050018, -0.059699, 0.017506, 0.016538, -0.085248
-0.026203, -0.003444, -0.005717, -0.037425, 0.055934, 0.004300
0.073929, 0.040957, -0.040986, 0.071679, 0.047145, -0.004642
0.025823, 0.076119, -0.066782, -0.027965, 0.167564, -0.002313
0.051648, 0.006046, -0.012664, -0.109638, -0.043007, -0.023041
-0.054153, -0.000000, -0.004483, 0.059310, -0.026578, 0.016258
-0.116566, 0.002192, 0.013165, 0.024445, -0.081662, -0.078610
0.022917, 0.070310, 0.017887, 0.001514, -0.043945, -0.094475
0.014983, 0.127335, 0.108107, -0.029297, 0.009884, 0.113666
-0.020669, -0.015702, -0.000837, -0.055134, -0.001212, 0.018025
0.055814, 0.019349, 0.029390, 0.043273, -0.014111, -0.054747
-0.062089, 0.004989, -0.067335, 0.011311, -0.030782, 0.036116
0.002258, -0.014003, -0.000846, -0.097831, -0.142741, -0.003795
0.080675, 0.036371, -0.038128, -0.002478, -0.061951, -0.064686
-0.007177, 0.023181, 0.031689, -0.006242, -0.010873, -0.060086
-0.053027, -0.031445, 0.014080, -0.033388, -0.036802, 0.041009
-0.027524, 0.010565, 0.011626, 0.032265, 0.042731, 0.034797
-0.048931, -0.027078, 0.045378, 0.054421, -0.019657, -0.038710
0.006731, 0.031342, 0.050768, 0.129367, -0.043735, -0.056211
-0.003778, 0.049632, 0.039366, 0.003044, 0.030440, 0.058572
-0.064848, -0.048837, 0.081518, -0.041903, -0.014584, 0.038702
-0.041431, 0.000000, -0.024455, 0.012718, 0.079150, 0.045592
-0.010165, -0.016833, -0.036986, 0.002649, 0.046631, 0.012659
-0.092435, -0.044607, -0.041863, -0.045379, -0.068410, -0.117856
-0.069392, -0.030077, 0.015279, -0.004064, 0.024875, -0.028977
0.056297, -0.012172, -0.044185, 0.025289, -0.061495, 0.030833
-0.043981, 0.069082, 0.021939, -0.046670, -0.076145, 0.015810
-0.071261, -0.023945, 0.012279, -0.019950, -0.009335, 0.022650
-0.004897, 0.020090, 0.084456, -0.015790, 0.091778, 0.003002
-0.070156, -0.084041, 0.051075, -0.043208, -0.148250, -0.059278
0.001534, -0.047995, -0.123212, 0.003169, 0.003736, 0.137829
0.047438, 0.017792, 0.054277, 0.025494, 0.009128, 0.096416
-0.100586, 0.072728, -0.065338, -0.085452, -0.024294, 0.068684
0.016228, 0.034036, 0.037091, 0.077511, 0.001896, 0.062659
0.083810, -0.044193, 0.034149, 0.014921, 0.074283, -0.006356
-0.024938, -0.021620, 0.013780, -0.060649, 0.013046, -0.035211
-0.046277, -0.060685, 0.008197, -0.080271, 0.065688, 0.103723
-0.046720, -0.000000, -0.007112, -0.050041, 0.020072, -0.079432
-0.055047, -0.034390, 0.024321, -0.027068, 0.065764, 0.032833
0.064491, 0.004207, -0.095529, -0.002992, -0.052501, -0.032312
-0.058067, 0.074990, -0.002048, 0.029156, 0.047389, 0.017834
-0.047465, 0.026239, 0.060918, -0.030815, 0.064947, 0.031324
-0.007145, -0.023326, -0.002133, 0.032508, 0.042681, 0.059279
-0.074459, 0.087729, -0.065621, 0.021941, 0.035040, 0.104008
0.022585, -0.025039, 0.023114, -0.039512, 0.012971, 0.004061
-0.065961, -0.010231, -0.030178, -0.095928, 0.062872, 0.076544
-0.024988, 0.039154, -0.084755, 0.018344, 0.010748, 0.004300
-0.070594, -0.029610, -0.027209, -0.052003, 0.018249, -0.019761

==============================================================================

[71] id: Large_Cap_5
category    : Large Cap
scheme      : HDFC Large Cap Fund - Direct Plan - Growth
section     : Tax
source_url  : https://groww.in/mutual-funds/hdfc-large-cap-fund-direct-growth
ingested_at : 2026-10-07T06:17:35+00:00  |  chunk_index: 5
chars       : 252  |  embedding: 384-dim
------------------------------------------------------------------------------
TEXT:
A percentage of your capital gains payable to the government upon exiting your mutual fund investments. Taxation is categorized as long-term capital gains (LTCG) and short-term capital gains (STCG) depending on your holding period and the type of fund.

EMBEDDING (384 floats, rounded to 6 dp):
0.042902, -0.088269, -0.022038, 0.014382, 0.112398, 0.072874
0.073796, 0.046410, 0.024837, 0.020267, 0.003600, 0.009986
-0.059097, -0.030407, -0.020498, -0.064357, -0.053782, 0.031038
0.041733, -0.019265, 0.035263, 0.009572, -0.011416, 0.005090
0.149107, -0.065567, -0.036505, -0.004288, 0.041097, -0.003106
-0.011829, 0.020100, -0.065155, -0.020317, -0.047055, 0.059815
-0.009699, -0.083398, 0.038903, -0.061099, 0.023981, -0.008025
0.058213, -0.001834, -0.038246, 0.016817, 0.024530, 0.019717
-0.060633, 0.018361, 0.070984, 0.029374, -0.066926, 0.099309
-0.039246, 0.002073, -0.019052, 0.031051, 0.008218, -0.010029
-0.057290, -0.044977, 0.050802, -0.010035, 0.000416, -0.020087
-0.021829, 0.024763, 0.042436, -0.023370, -0.006200, -0.035742
-0.054709, -0.097691, -0.106762, 0.047759, 0.006909, 0.064740
0.026315, -0.056622, 0.007043, 0.087465, 0.088647, -0.051134
-0.004416, -0.016895, 0.069955, 0.042448, 0.069995, 0.053008
0.061399, 0.035414, -0.034908, 0.005167, -0.059626, -0.038428
-0.020001, -0.070377, -0.045573, 0.024273, 0.042801, -0.017656
-0.017170, 0.001388, 0.033382, -0.044628, -0.022491, -0.009912
0.024564, -0.084364, -0.080777, 0.146623, -0.008685, 0.020858
-0.045802, 0.096014, -0.053700, -0.022121, 0.063981, -0.049371
0.004676, -0.003069, -0.046730, -0.018829, -0.056190, -0.030462
-0.010067, -0.000000, -0.086308, 0.011247, 0.032540, -0.000426
-0.069124, 0.006751, 0.076894, -0.049250, -0.009889, -0.073778
0.003967, 0.035441, -0.007289, 0.047274, 0.062609, -0.126933
-0.049204, 0.079048, 0.114975, -0.044196, 0.052300, 0.076976
0.030046, 0.015167, 0.094016, 0.019989, -0.066364, 0.000930
-0.050664, 0.024698, 0.054655, 0.091321, 0.003101, -0.040507
-0.039591, -0.011018, -0.051041, -0.031317, 0.042524, 0.010549
-0.007652, -0.049581, 0.037516, -0.056060, -0.152174, -0.023536
0.045884, 0.056790, -0.056113, -0.007594, 0.035888, -0.088477
-0.091110, -0.036611, 0.021168, 0.019381, -0.070180, -0.030023
-0.045761, -0.015262, 0.018280, -0.027842, -0.037419, 0.004766
-0.080775, 0.063422, -0.061886, 0.004424, 0.050684, 0.039517
-0.014145, -0.013822, 0.001813, 0.051986, 0.102397, -0.038827
-0.080523, 0.051549, 0.038429, 0.083367, -0.006222, 0.004256
-0.059443, -0.068370, 0.072383, 0.019153, 0.026539, -0.020761
0.001827, -0.043007, 0.025062, -0.038826, 0.036564, 0.030566
-0.080453, -0.000000, -0.004094, 0.002405, 0.011875, 0.020223
-0.029143, -0.011320, 0.010204, 0.016744, -0.046417, 0.070008
0.010180, -0.036489, -0.097035, -0.007010, -0.076841, -0.139324
0.018098, -0.016063, -0.008278, -0.006085, 0.058570, -0.043029
0.023200, 0.086945, -0.024020, -0.020032, -0.085323, 0.032797
-0.045090, 0.034488, 0.048633, 0.053246, -0.040586, 0.009640
0.005777, -0.054932, 0.054079, -0.024701, 0.039575, 0.058207
0.014097, 0.014730, 0.133351, 0.054387, 0.061031, -0.033939
-0.004267, 0.047228, 0.019706, 0.002944, -0.018195, -0.026650
0.007308, -0.035066, -0.062196, 0.045118, -0.003996, -0.028214
-0.068098, 0.016045, 0.048427, 0.057942, -0.032234, 0.060486
-0.000891, -0.078391, -0.029099, -0.074181, 0.078874, -0.041378
0.059223, -0.001089, -0.020447, -0.023096, 0.005245, -0.000705
0.065810, 0.017128, 0.072852, -0.022279, 0.031203, -0.016181
0.028646, -0.001076, -0.008306, -0.010566, -0.004209, -0.034502
0.077256, -0.047181, -0.022221, -0.014984, 0.087086, 0.049616
0.047272, -0.000000, -0.025301, -0.002974, -0.003150, -0.017422
-0.047344, 0.033489, -0.017999, -0.046238, 0.011841, -0.017523
0.028825, 0.027562, -0.079360, -0.053219, -0.155176, -0.032996
-0.027655, 0.051104, 0.040434, 0.005388, 0.054404, -0.013506
-0.007866, 0.085994, 0.029558, -0.030296, 0.103007, 0.080583
0.001700, 0.042006, 0.059481, 0.017847, -0.011450, 0.093842
0.000877, 0.073312, 0.051541, 0.020638, 0.046540, 0.165223
0.002222, 0.053866, 0.072858, -0.025522, -0.120632, 0.009560
-0.028086, -0.018962, 0.012534, -0.075602, 0.105472, -0.041371
-0.103318, -0.030749, -0.051870, -0.029800, -0.019603, 0.047200
-0.107707, -0.085703, -0.039795, -0.058549, 0.029091, 0.006410

==============================================================================

[72] id: Large_Cap_6
category    : Large Cap
scheme      : HDFC Large Cap Fund - Direct Plan - Growth
section     : Exit load
source_url  : https://groww.in/mutual-funds/hdfc-large-cap-fund-direct-growth
ingested_at : 2026-10-07T06:17:35+00:00  |  chunk_index: 6
chars       : 149  |  embedding: 384-dim
------------------------------------------------------------------------------
TEXT:
A fee payable to a mutual fund house for exiting a fund (fully or partially) before the completion of a specified period from the date of investment.

EMBEDDING (384 floats, rounded to 6 dp):
0.052803, -0.007138, -0.040792, 0.046013, 0.104875, 0.036901
0.059843, -0.007241, 0.005164, 0.049381, -0.015521, -0.000176
-0.033192, 0.030129, -0.093092, -0.097774, -0.030436, -0.022626
0.049056, 0.052378, 0.032581, 0.016657, 0.012014, 0.060660
0.102230, -0.049554, 0.042550, -0.021612, -0.022316, -0.002548
0.017371, 0.007045, -0.033675, -0.067110, 0.047934, 0.090009
-0.033885, 0.035777, 0.003681, 0.015389, 0.020128, -0.001820
0.061054, 0.025660, -0.019356, 0.088598, -0.023835, 0.009759
-0.028104, 0.080436, 0.025480, 0.037534, -0.033819, 0.010317
0.002052, 0.059788, 0.006211, -0.036483, -0.033523, 0.002738
-0.006629, -0.047089, -0.031379, -0.011242, 0.006998, -0.003997
-0.049709, 0.029311, 0.043756, 0.010930, 0.031055, -0.034115
-0.082086, -0.062556, -0.012688, 0.047081, 0.030685, 0.048678
0.023084, -0.048460, -0.036691, 0.020814, 0.113079, -0.034437
-0.000040, 0.002165, 0.033410, 0.012876, 0.120492, -0.005748
0.031030, 0.020662, -0.034305, -0.042192, -0.001799, -0.022592
-0.030885, -0.104017, -0.009658, 0.055548, 0.048122, -0.068163
-0.096494, -0.006077, 0.033901, -0.055289, 0.031785, 0.005684
0.033652, 0.008188, -0.069861, 0.021529, 0.098431, -0.021544
0.029272, 0.131737, -0.059416, -0.004700, 0.209032, -0.047771
0.071409, 0.050824, -0.039489, -0.120854, -0.047755, -0.027437
0.019886, -0.000000, -0.016071, -0.024486, -0.047525, -0.011986
-0.086494, -0.029179, -0.006029, 0.006285, -0.043961, -0.078290
0.063091, -0.048049, -0.032141, -0.067407, -0.027147, -0.120695
0.020524, 0.128649, 0.147499, -0.026789, 0.083674, 0.032374
0.006555, -0.001473, 0.024123, -0.053740, -0.010493, -0.015102
0.087322, 0.039791, 0.020863, 0.045616, -0.050439, -0.029406
-0.055809, 0.004690, -0.074059, -0.020947, 0.012123, -0.022423
0.001952, 0.008409, -0.041846, -0.047658, -0.094072, -0.065352
0.131063, 0.014527, -0.061622, 0.000668, -0.054210, -0.076216
-0.038618, -0.036846, -0.030591, -0.010413, -0.021059, -0.027583
-0.049179, -0.045292, 0.067410, -0.006406, -0.059801, 0.030301
-0.106561, -0.006959, -0.014852, 0.000349, -0.006722, 0.020518
-0.037707, -0.009511, 0.055581, -0.038260, -0.002826, -0.031160
-0.007773, 0.001752, 0.104741, 0.079993, 0.011629, -0.058993
-0.027961, 0.045618, 0.104081, 0.001330, 0.050398, 0.009405
-0.064643, -0.111047, -0.000892, -0.036483, -0.000373, 0.014556
0.001418, 0.000000, 0.023295, -0.041176, 0.053346, 0.074416
-0.003256, -0.012571, -0.032008, 0.028722, 0.032181, 0.037155
-0.044364, -0.044097, 0.049823, -0.025186, -0.073829, -0.123636
-0.002113, -0.061848, 0.045406, 0.042037, 0.056054, -0.041343
-0.019845, -0.050269, 0.000396, 0.026460, -0.044719, 0.066909
-0.120084, 0.071590, -0.009468, -0.021086, -0.047155, 0.019292
-0.069003, 0.020197, 0.021299, 0.021157, -0.061934, 0.092478
0.052185, -0.000497, 0.116051, -0.012298, 0.088245, -0.018823
-0.054528, -0.042495, 0.044990, -0.004589, -0.133141, -0.036293
0.036821, -0.034876, -0.099525, 0.008035, 0.074246, 0.104374
0.006588, 0.062999, 0.048688, 0.020394, 0.064841, 0.057896
-0.027912, 0.023034, -0.059325, -0.057061, 0.007088, 0.011499
0.046723, 0.064314, -0.018269, 0.057159, 0.021421, 0.061307
0.082754, -0.056191, 0.014744, -0.026121, 0.005855, 0.014961
-0.021299, 0.032517, 0.032883, -0.090308, -0.043924, -0.054362
0.011044, -0.039168, 0.019828, -0.056478, 0.127086, 0.038111
-0.064500, -0.000000, 0.003556, -0.011287, 0.041784, -0.054630
0.024740, -0.072995, 0.068370, -0.001550, 0.058924, -0.003175
0.071604, 0.050566, -0.004817, 0.012399, -0.109384, -0.053488
0.015445, 0.028268, -0.021110, 0.005389, 0.046738, -0.008632
-0.030874, -0.019756, 0.019283, -0.046233, 0.049224, 0.025708
0.034427, -0.033522, -0.022697, 0.062495, 0.062403, 0.040115
-0.075955, 0.080891, -0.054946, 0.027109, -0.047467, 0.067303
0.019448, 0.009631, -0.010866, -0.051644, 0.041458, -0.010013
-0.049028, -0.041864, -0.022332, -0.068583, 0.066319, 0.018862
-0.014823, 0.038802, -0.047026, -0.007685, -0.008871, 0.021166
-0.091510, -0.028177, -0.011409, -0.044423, 0.019294, 0.010150

==============================================================================

[73] id: Large_Cap_7
category    : Large Cap
scheme      : HDFC Large Cap Fund - Direct Plan - Growth
section     : Stamp duty
source_url  : https://groww.in/mutual-funds/hdfc-large-cap-fund-direct-growth
ingested_at : 2026-10-07T06:17:35+00:00  |  chunk_index: 7
chars       : 71  |  embedding: 384-dim
------------------------------------------------------------------------------
TEXT:
A form of tax payable for the purchase or sale of an asset or security.

EMBEDDING (384 floats, rounded to 6 dp):
-0.049208, 0.047441, -0.069193, -0.055288, -0.036805, 0.083522
0.142021, 0.002716, -0.012919, 0.012594, 0.086963, 0.025872
0.003698, -0.000248, -0.031874, -0.040897, 0.006225, 0.038600
0.030651, 0.087477, 0.066796, 0.033032, -0.036630, 0.007053
0.041480, -0.066381, -0.029460, -0.011686, 0.023656, -0.000264
0.043610, -0.030712, -0.050073, 0.033722, -0.000594, -0.014444
0.012046, -0.067872, -0.028192, -0.009344, 0.014002, -0.050385
-0.086404, 0.004498, -0.048751, 0.049378, 0.086711, -0.005664
-0.003902, 0.048394, 0.051135, 0.075290, -0.050603, 0.094426
-0.050070, -0.097329, -0.017109, -0.008384, 0.007106, -0.079518
-0.012319, -0.046010, 0.002343, 0.003396, 0.035328, -0.011314
-0.040953, -0.059287, -0.089151, -0.071730, 0.046780, -0.081627
-0.033031, 0.011333, -0.056921, -0.120907, 0.056116, 0.013859
-0.031231, -0.035200, -0.024518, 0.105580, -0.013434, -0.067167
0.029957, 0.009323, 0.018665, -0.011698, 0.146750, 0.032375
-0.035613, -0.024411, 0.034035, -0.064212, -0.000411, -0.018897
0.091165, -0.022345, 0.057049, 0.032303, 0.063688, 0.017086
0.001820, -0.006982, -0.051842, -0.014144, 0.007114, 0.003109
-0.015540, -0.015762, -0.099575, -0.022199, -0.068980, 0.007087
0.023529, 0.101983, -0.092302, -0.022693, 0.075199, -0.127451
0.069358, 0.018467, -0.006711, -0.093245, -0.054491, -0.031556
0.008149, -0.000000, -0.022035, 0.036453, -0.058805, -0.011050
0.008344, 0.024334, 0.041427, 0.007527, -0.053099, 0.045065
-0.031696, -0.015446, -0.001001, 0.059351, 0.089852, 0.067495
-0.106963, 0.104621, 0.189021, -0.026526, 0.072784, 0.014883
0.092760, -0.012759, -0.010404, -0.038483, -0.041387, -0.047401
0.010571, 0.020497, 0.071022, 0.032351, 0.042160, -0.017129
-0.012259, 0.046049, -0.033021, -0.022134, 0.067696, -0.047424
0.009142, -0.085307, 0.055174, -0.008822, -0.067316, 0.053921
-0.021698, 0.056772, -0.037398, 0.045060, -0.003121, -0.053440
0.006165, -0.094113, -0.027429, -0.056114, -0.001234, -0.000911
-0.097140, -0.041083, 0.017096, -0.011061, 0.004088, 0.009361
-0.150648, -0.058090, -0.004001, -0.035944, 0.091026, -0.068892
-0.072791, 0.034357, 0.069885, -0.001991, 0.040772, -0.027668
-0.035261, 0.041262, 0.081234, 0.071858, -0.100289, -0.066196
-0.038058, 0.038174, -0.040961, 0.077744, 0.019261, -0.038167
-0.046496, -0.092421, -0.017828, -0.014446, -0.033347, 0.016095
0.069096, 0.000000, -0.005560, -0.088743, -0.055661, 0.062746
-0.041115, -0.002515, -0.016782, -0.041651, -0.059479, 0.027183
-0.115379, -0.038874, 0.043379, -0.017117, -0.000736, -0.064659
-0.038986, -0.004611, 0.060762, -0.006744, 0.000209, 0.074719
0.068034, 0.046823, -0.037065, 0.015289, -0.083492, -0.007232
0.022962, 0.056730, 0.017699, 0.004569, -0.017303, -0.033683
-0.040720, -0.012200, 0.104672, -0.017398, 0.037057, -0.007368
0.007153, 0.013499, 0.123243, 0.075528, 0.057384, -0.024296
-0.015904, -0.001687, 0.051718, -0.021180, -0.003550, 0.041027
-0.014123, 0.008980, -0.079737, 0.121406, -0.043725, 0.039732
0.034134, 0.069162, 0.069193, 0.027631, 0.019087, 0.081433
0.007961, -0.015645, 0.001433, -0.083581, 0.046035, -0.005549
0.020682, -0.112115, -0.015170, -0.055881, -0.005181, 0.004492
0.037635, 0.004025, -0.000456, -0.031985, -0.030931, -0.021177
0.000499, 0.056213, 0.021064, -0.132063, -0.041567, -0.064054
0.054650, -0.059202, -0.065833, -0.034185, 0.000877, 0.046739
-0.065530, -0.000000, 0.006222, 0.010956, 0.003141, 0.034082
-0.023291, -0.032726, 0.012416, 0.002333, -0.003750, 0.007281
0.061682, -0.038989, -0.032394, 0.007980, -0.043799, 0.029172
-0.003272, 0.065446, -0.058911, 0.035061, 0.046037, -0.054025
-0.018986, 0.018511, -0.022410, -0.034165, 0.072136, 0.047158
0.077583, 0.044919, -0.012662, 0.082416, 0.068911, 0.050610
-0.027588, 0.081180, -0.009850, 0.039876, -0.003072, 0.023843
-0.031643, 0.000625, -0.002042, 0.015371, -0.009042, 0.039741
-0.122605, -0.052462, 0.007660, -0.024608, 0.079900, 0.009420
0.027541, 0.011926, -0.092146, 0.012655, 0.005126, -0.020299
0.061260, -0.010466, 0.027479, -0.022753, 0.064440, -0.002237

==============================================================================

[74] id: Large_Cap_8
category    : Large Cap
scheme      : HDFC Large Cap Fund - Direct Plan - Growth
section     : Exit Load
source_url  : https://groww.in/mutual-funds/hdfc-large-cap-fund-direct-growth
ingested_at : 2026-10-07T06:17:35+00:00  |  chunk_index: 8
chars       : 169  |  embedding: 384-dim
------------------------------------------------------------------------------
TEXT:
08 May 2015

Exit load of 1% if redeemed within 1 year: 16 Feb 2015

Exit load of 1% if redeemed within 18 months: 01 Jan 2013

Exit load of 1% if redeemed within 1 year

EMBEDDING (384 floats, rounded to 6 dp):
-0.010045, 0.038810, -0.005016, 0.007457, -0.022078, 0.036674
0.005357, 0.043109, 0.035403, 0.016451, 0.056193, -0.027674
-0.045839, 0.005294, -0.010415, 0.081816, -0.075622, -0.060671
-0.009189, -0.040260, 0.025497, -0.074578, -0.122409, -0.012708
0.032472, 0.035044, -0.012130, -0.021221, 0.002459, 0.031741
0.025555, 0.024593, 0.014452, -0.050701, 0.047156, -0.021813
-0.096611, -0.036033, 0.034484, -0.033867, -0.077832, -0.018114
-0.020477, 0.070557, 0.032941, 0.001052, -0.060532, 0.080559
-0.036156, 0.143014, 0.037573, 0.022450, 0.010460, 0.086812
-0.047180, -0.009861, 0.023824, -0.001073, -0.011962, 0.007058
0.016942, -0.011010, -0.085034, -0.029899, 0.008289, -0.016634
0.012087, -0.050193, 0.001200, -0.018652, -0.061497, -0.082761
-0.065712, -0.056485, -0.000662, 0.031619, 0.085155, 0.012246
0.026718, -0.080696, -0.033997, 0.015737, 0.012562, -0.032285
0.020782, -0.022553, -0.010890, 0.060210, 0.069977, 0.006654
0.040208, 0.164834, 0.042596, 0.051010, 0.026860, -0.024515
-0.073941, -0.017748, 0.065380, 0.052891, 0.015580, 0.009604
-0.038895, -0.022246, 0.006863, -0.046649, -0.037078, -0.010889
0.016006, -0.022415, -0.020494, -0.019331, 0.128311, -0.070909
0.043560, 0.026795, -0.063348, 0.070218, 0.029811, -0.006390
0.098899, 0.065965, -0.011202, -0.045550, -0.061344, -0.016405
0.071727, 0.000000, -0.008174, -0.113375, -0.071599, -0.023513
-0.044595, -0.062862, 0.051889, 0.053981, -0.024007, -0.007307
-0.018785, -0.025546, -0.060830, -0.062957, 0.021333, -0.021310
0.034075, -0.012304, 0.113627, 0.017865, 0.029577, -0.166764
0.019563, 0.004933, 0.065526, 0.032403, -0.000294, -0.046052
-0.024777, -0.009048, 0.128266, -0.027214, -0.046940, -0.099541
0.052850, 0.063682, 0.074127, 0.006850, 0.045221, -0.035735
-0.003933, 0.033257, 0.039642, 0.001050, -0.009298, -0.121239
0.061647, -0.028803, 0.062820, 0.094785, -0.038082, -0.036937
-0.048409, 0.008415, -0.039010, 0.017800, -0.093374, -0.034883
0.025666, -0.041319, 0.067961, -0.026887, 0.028723, -0.088457
-0.125854, -0.038422, 0.038092, -0.038550, -0.123440, 0.058411
0.006932, -0.024737, 0.052411, -0.084279, 0.029221, -0.048193
0.091921, 0.069081, 0.061969, 0.061612, 0.017662, 0.010010
-0.012642, 0.012273, -0.001297, 0.045471, 0.108897, -0.083612
-0.064499, -0.001109, -0.020467, -0.084176, 0.009969, 0.054010
0.077652, -0.000000, -0.029423, 0.061506, -0.050888, 0.000076
0.016964, -0.017731, 0.002846, 0.147022, 0.017546, 0.076930
0.047424, 0.024539, 0.033591, 0.056238, 0.004257, 0.020422
-0.006614, 0.005019, -0.039523, 0.025217, -0.006030, 0.012671
-0.044568, 0.035809, -0.000443, -0.009191, -0.038217, -0.035994
-0.071674, -0.062453, -0.007973, -0.084612, -0.020146, 0.075958
-0.016824, -0.037053, 0.044213, -0.025930, 0.012672, 0.054934
0.048559, -0.020426, -0.024125, 0.030819, -0.012667, 0.046240
0.048597, 0.049363, 0.072411, -0.046973, 0.031423, 0.006026
0.021773, 0.038559, -0.019932, 0.074713, 0.052576, -0.022613
-0.017465, -0.027594, -0.030675, -0.024872, 0.066312, -0.051173
-0.018103, -0.062634, 0.033276, 0.020602, 0.039415, 0.012673
0.072502, 0.019772, 0.005716, -0.067781, -0.036780, 0.024690
-0.005052, -0.056708, -0.017490, -0.038678, -0.036823, 0.068764
-0.065115, 0.091408, -0.062266, -0.036602, 0.049109, -0.062909
-0.055661, 0.015088, 0.002911, 0.012647, 0.008035, -0.017544
0.016302, -0.000000, 0.041269, 0.013709, 0.065603, -0.055043
0.102348, 0.033389, 0.046707, 0.011931, -0.041704, 0.003366
0.126432, 0.030211, -0.118130, -0.085488, -0.111998, 0.067012
-0.067976, 0.025072, 0.025331, -0.068635, -0.028987, 0.011011
0.046099, -0.037929, -0.085300, -0.028353, 0.036196, 0.097647
0.006362, -0.020198, 0.038814, 0.064975, 0.051798, -0.086268
-0.083941, 0.049926, -0.033240, 0.002001, -0.031728, 0.022504
0.030293, 0.014473, 0.023112, -0.004125, -0.047450, -0.023261
-0.060211, 0.003140, 0.035815, -0.091747, -0.008407, -0.086619
-0.033480, 0.051873, 0.032181, -0.067068, -0.022235, 0.016274
-0.061495, 0.013928, 0.018307, 0.002133, -0.087310, -0.036276

==============================================================================

[75] id: Large_Cap_9
category    : Large Cap
scheme      : HDFC Large Cap Fund - Direct Plan - Growth
section     : Exit load
source_url  : https://groww.in/mutual-funds/hdfc-large-cap-fund-direct-growth
ingested_at : 2026-10-07T06:17:35+00:00  |  chunk_index: 9
chars       : 41  |  embedding: 384-dim
------------------------------------------------------------------------------
TEXT:
Exit load of 1% if redeemed within 1 year

EMBEDDING (384 floats, rounded to 6 dp):
-0.034824, 0.049772, -0.001151, -0.002537, -0.016034, -0.019888
0.018659, 0.028649, 0.008786, 0.033646, 0.039772, -0.035691
-0.012797, -0.021805, 0.000791, 0.065409, -0.068024, -0.004062
-0.027047, -0.042346, -0.003719, -0.078022, -0.095209, 0.027652
0.019558, 0.002230, -0.009726, -0.006010, -0.005474, 0.004067
0.052783, -0.004876, 0.022839, -0.076896, 0.051144, 0.029361
-0.126860, -0.038793, -0.010192, -0.003968, -0.047840, 0.026943
-0.014944, 0.027644, -0.002848, -0.008528, -0.053015, 0.118457
-0.013789, 0.132119, 0.089036, 0.030219, 0.014186, 0.062647
-0.053075, -0.019128, 0.076886, 0.007267, -0.069771, -0.022617
-0.001821, 0.021852, -0.029377, -0.053407, -0.019623, 0.019181
0.039642, -0.022510, -0.032770, 0.019765, -0.016145, -0.123674
-0.056018, -0.043822, 0.003025, 0.006434, 0.056180, 0.038286
-0.002030, -0.025306, 0.024391, 0.016814, 0.016733, -0.082429
0.003048, 0.006331, 0.021917, 0.032254, 0.089035, -0.014898
0.002336, 0.148877, 0.075305, 0.000972, 0.017222, 0.017251
-0.100236, -0.023550, 0.011167, 0.045787, -0.033084, 0.028752
0.010390, -0.071996, 0.034839, -0.083206, -0.027035, 0.024225
0.034866, -0.015948, 0.005809, -0.022584, 0.143866, -0.008995
0.043316, 0.016432, -0.023789, 0.079528, 0.005126, -0.011751
0.129669, 0.068363, -0.035638, -0.005686, -0.021091, -0.042603
0.097568, 0.000000, -0.043799, -0.107348, -0.048853, -0.025608
-0.071494, -0.043774, 0.039879, 0.084088, -0.030168, -0.013319
0.002544, -0.038472, -0.041023, -0.035508, -0.009294, 0.006990
0.020976, -0.007645, 0.101688, -0.041179, -0.002795, -0.130616
0.017520, -0.000592, 0.049802, 0.014157, -0.024522, -0.046978
-0.027835, -0.036068, 0.107585, 0.015850, -0.016880, -0.116100
-0.005892, 0.026780, 0.103760, 0.045287, 0.075112, -0.007259
-0.074415, 0.036375, 0.029173, 0.038476, -0.037544, -0.167406
0.073465, -0.021950, -0.049865, 0.085776, 0.010099, -0.062259
-0.037353, 0.012523, -0.078420, -0.009327, -0.056695, -0.005013
0.024127, -0.051805, 0.051162, -0.077602, -0.020204, -0.016406
-0.122629, -0.008235, 0.044133, -0.004876, -0.132834, 0.068093
0.017142, -0.058782, 0.043523, -0.101301, 0.010448, -0.008545
0.101039, 0.065410, 0.072470, 0.014916, 0.037734, -0.037285
-0.020491, 0.001137, 0.050798, 0.033332, 0.120643, -0.102405
-0.070282, -0.007905, 0.012438, -0.072359, 0.008060, 0.026626
0.097191, -0.000000, -0.032712, 0.026748, -0.026153, 0.003240
-0.002299, 0.003578, -0.027965, 0.073829, -0.036486, 0.071086
0.020047, 0.031554, 0.015204, 0.093224, -0.024681, 0.009448
0.023556, 0.024707, -0.055419, 0.032092, 0.004696, -0.002199
-0.059730, 0.044623, -0.036600, 0.017919, -0.099466, 0.001522
-0.048506, -0.029250, -0.067775, -0.065608, -0.003374, 0.014539
0.008283, -0.023879, 0.005087, -0.005153, -0.002836, 0.116183
0.061220, -0.018693, -0.065537, -0.010114, 0.038132, -0.036907
0.043181, 0.028555, 0.073569, -0.025457, 0.010232, -0.000181
0.051832, 0.077113, -0.037891, 0.067564, 0.061831, -0.016869
-0.049347, -0.004153, -0.041309, -0.012025, 0.091431, -0.015589
0.004020, -0.080606, 0.029912, 0.042709, 0.045931, -0.009152
0.086995, 0.079751, 0.059139, -0.058918, -0.023543, 0.005996
-0.034340, -0.075447, 0.003755, 0.001062, -0.032428, 0.042714
-0.038278, 0.061425, -0.032886, -0.023100, 0.025942, -0.074026
-0.021532, 0.043606, 0.009091, 0.003268, 0.025413, -0.024823
-0.009848, -0.000000, 0.035075, 0.055814, 0.108940, -0.008846
0.098248, 0.026332, 0.024646, 0.002521, -0.064969, -0.009446
0.089570, 0.023311, -0.039302, -0.047037, -0.133963, 0.048493
-0.037068, 0.024468, 0.015782, -0.015246, -0.027625, 0.052051
-0.020107, -0.047782, -0.061538, -0.044302, 0.090148, 0.094535
0.030176, -0.072560, -0.004559, 0.002857, 0.059033, -0.053956
-0.069454, 0.011396, 0.007911, 0.005820, -0.024678, -0.005462
0.027729, 0.066011, 0.010172, -0.010031, -0.072422, -0.023256
-0.060781, -0.004127, 0.032298, -0.075281, 0.043008, -0.029078
-0.049654, 0.093962, 0.026595, -0.064036, -0.034919, 0.064155
-0.080649, 0.037846, -0.003623, -0.020764, -0.058268, -0.030776

==============================================================================

[76] id: Large_Cap_10
category    : Large Cap
scheme      : HDFC Large Cap Fund - Direct Plan - Growth
section     : Stamp duty on investment: 0.005% (from July 1st, 2020)
source_url  : https://groww.in/mutual-funds/hdfc-large-cap-fund-direct-growth
ingested_at : 2026-10-07T06:17:35+00:00  |  chunk_index: 10
chars       : 18  |  embedding: 384-dim
------------------------------------------------------------------------------
TEXT:
from July 1st 2020

EMBEDDING (384 floats, rounded to 6 dp):
-0.005528, -0.004964, 0.020407, 0.012797, 0.036582, 0.018029
-0.024132, -0.045879, -0.058652, 0.062237, 0.029509, -0.001876
0.039458, 0.031301, 0.019227, 0.025915, 0.029155, -0.064853
0.041752, -0.040702, -0.029552, 0.023912, -0.047139, 0.010897
-0.005044, 0.030909, -0.003052, -0.021220, 0.039694, 0.016806
0.084966, -0.045665, -0.075278, 0.019486, 0.036823, -0.022707
-0.010017, -0.031961, -0.009881, 0.014985, -0.085837, -0.153053
-0.023646, 0.053961, 0.093181, 0.027024, -0.015122, 0.064952
-0.015687, 0.098590, -0.020512, -0.010330, 0.027294, -0.047701
0.010622, 0.048837, -0.007204, -0.031001, 0.041152, 0.013695
0.012180, -0.089632, -0.092812, -0.034549, -0.011575, -0.045192
0.037035, 0.025025, 0.041286, -0.063475, -0.024249, -0.004598
0.044293, -0.020794, 0.023124, 0.055101, 0.044484, 0.087545
0.085190, -0.076454, -0.024914, -0.080408, 0.063067, -0.049364
-0.035120, 0.048471, -0.050686, 0.032176, 0.031252, 0.017937
-0.021224, 0.062312, 0.005312, 0.069167, -0.130827, -0.017575
-0.015774, -0.023576, 0.093939, 0.146736, -0.020859, 0.075139
-0.032411, -0.044780, -0.035906, -0.002149, 0.062076, -0.074591
0.002944, -0.067133, -0.041359, -0.016319, 0.079644, 0.003114
-0.011955, 0.025277, 0.000276, 0.031137, 0.071093, -0.053211
0.071697, 0.037656, -0.021857, 0.011757, -0.058914, -0.015073
-0.031471, -0.000000, 0.002084, -0.009338, 0.009111, 0.086410
-0.047935, -0.032563, 0.087292, -0.072377, -0.002948, -0.035939
0.011965, -0.052459, -0.046526, -0.071680, 0.020236, -0.058852
-0.051802, -0.043993, -0.009861, 0.073274, -0.004039, -0.079600
-0.020603, -0.025747, -0.014296, -0.025149, -0.018739, -0.062194
-0.006122, 0.058382, 0.001090, -0.016142, -0.070685, -0.008283
-0.013972, 0.011680, -0.048385, -0.058484, -0.040824, -0.001396
0.083153, 0.030167, 0.035061, -0.027967, 0.027134, 0.013551
0.047815, 0.074327, 0.060952, -0.009929, -0.022204, 0.023254
-0.074867, -0.046735, 0.023945, 0.013362, -0.071629, -0.058798
0.077757, -0.036105, 0.015846, 0.065026, -0.061834, 0.012601
-0.106995, 0.006446, 0.055397, -0.030031, -0.035016, -0.007250
0.055524, 0.011959, -0.014370, -0.134821, -0.020314, -0.021353
0.119826, -0.080592, 0.038476, 0.053880, -0.028698, 0.098003
0.074597, 0.017148, 0.063048, -0.065245, 0.028190, 0.043391
0.041678, -0.089367, -0.074626, -0.082691, 0.048434, 0.060396
-0.043439, -0.000000, 0.014108, 0.107207, 0.052504, -0.009936
0.016013, -0.046024, 0.065627, 0.193857, 0.021569, 0.019052
0.035688, 0.010997, 0.081358, 0.064505, 0.000244, -0.024739
0.026101, -0.029409, -0.096948, -0.014056, -0.085152, 0.019320
-0.074742, 0.012239, -0.071278, 0.017321, 0.126294, -0.044484
-0.070826, -0.046304, -0.039966, -0.065893, -0.017325, 0.016588
0.040324, 0.035756, 0.082680, -0.035650, 0.027616, 0.029612
0.032779, 0.007047, -0.039537, 0.064123, 0.005390, 0.005171
0.032594, 0.011171, 0.052051, 0.000433, -0.043293, 0.043910
-0.049219, 0.034040, 0.002919, -0.002611, 0.011901, 0.018918
0.026135, -0.027826, -0.043333, 0.010260, -0.022728, -0.020328
0.022332, -0.050755, -0.047591, 0.069472, 0.046390, 0.062243
0.043159, -0.017016, -0.157317, -0.009101, -0.063427, -0.022333
0.014545, -0.010710, -0.000529, -0.056507, -0.052863, 0.064517
-0.040508, 0.036712, 0.071396, -0.007925, -0.009990, -0.079938
-0.028787, -0.050142, -0.065786, -0.042245, -0.017048, 0.048631
0.015301, -0.000000, 0.052224, 0.044551, -0.045483, 0.095200
0.086823, 0.048034, -0.020627, -0.045389, 0.053345, 0.031835
0.075444, 0.001098, 0.023931, 0.000915, 0.034274, 0.137698
-0.033775, 0.024088, 0.002418, -0.055969, 0.013470, 0.028930
0.083159, 0.021509, -0.018701, -0.027944, -0.065601, 0.062704
-0.024556, -0.046799, 0.013632, 0.013303, -0.023708, -0.096261
-0.050086, 0.015305, -0.096374, 0.044887, 0.048090, -0.038715
0.032367, 0.019866, 0.037841, 0.076351, 0.004458, -0.092688
-0.046156, -0.036947, -0.020173, -0.085031, -0.098562, -0.011884
0.041290, -0.022072, 0.086564, 0.047409, -0.041503, -0.039248
-0.020825, 0.025289, 0.098251, -0.048234, 0.008890, 0.035399

==============================================================================

[77] id: Large_Cap_11
category    : Large Cap
scheme      : HDFC Large Cap Fund - Direct Plan - Growth
section     : Tax implication
source_url  : https://groww.in/mutual-funds/hdfc-large-cap-fund-direct-growth
ingested_at : 2026-10-07T06:17:35+00:00  |  chunk_index: 11
chars       : 174  |  embedding: 384-dim
------------------------------------------------------------------------------
TEXT:
If you redeem within one year, returns are taxed at 20%. If you redeem after one year, returns exceeding Rs 1.25 lakh in a financial year are taxed at 12.5%.

Check past data

EMBEDDING (384 floats, rounded to 6 dp):
-0.013113, -0.037038, -0.042176, -0.021699, 0.000801, 0.034358
0.077987, 0.050187, 0.007713, 0.018998, 0.079016, 0.012598
-0.065295, -0.014643, 0.005963, 0.014451, -0.047694, -0.013140
-0.028823, -0.031359, 0.133993, -0.037194, -0.077347, -0.037466
0.100319, -0.074828, 0.002324, -0.012916, -0.032882, -0.016930
0.083141, 0.002027, -0.048639, -0.046966, -0.011587, 0.009091
0.014093, -0.064164, 0.013091, -0.037579, -0.074550, 0.034277
-0.049244, -0.046095, 0.060854, -0.042179, 0.017080, 0.058845
-0.016868, 0.106356, 0.029973, 0.120448, -0.020928, 0.054235
-0.038305, -0.093072, -0.030026, 0.098236, -0.001273, -0.113165
-0.037923, -0.034197, -0.008082, -0.024761, -0.037463, 0.007658
-0.016216, -0.077719, -0.032085, -0.036096, -0.044966, -0.079607
0.000720, -0.065477, -0.044630, -0.054217, -0.005822, 0.087366
-0.055829, -0.056838, 0.063081, 0.058092, -0.009397, -0.083742
0.013447, 0.003817, 0.018291, 0.052637, 0.037069, 0.038906
0.099699, 0.051238, 0.030601, 0.039606, -0.032467, -0.032604
-0.005574, 0.000468, 0.077146, 0.030034, -0.030091, 0.071809
-0.066267, -0.027249, 0.002674, -0.020131, 0.019718, 0.041570
0.021937, -0.052136, 0.003560, 0.061405, -0.005297, 0.028435
-0.022919, 0.066881, -0.064632, -0.019778, -0.023881, -0.038424
0.066042, 0.011591, 0.001968, -0.045002, -0.042644, -0.110508
0.047231, 0.000000, -0.026806, 0.038106, -0.033618, -0.117408
-0.040333, -0.004304, 0.071255, 0.052480, -0.025621, 0.001521
-0.032859, -0.015573, 0.039639, -0.031421, 0.020393, 0.040796
-0.041026, -0.007348, 0.078709, 0.038408, 0.028555, -0.053967
0.049512, -0.007721, -0.027336, 0.073357, -0.041467, -0.031375
-0.043225, 0.006360, 0.061356, 0.038973, 0.075098, -0.080859
-0.030570, 0.084911, 0.116410, -0.003104, 0.014019, 0.006071
0.017995, 0.049152, 0.048980, 0.004469, -0.084088, -0.067857
0.021950, 0.011542, 0.004974, 0.073814, -0.035269, 0.000627
-0.015087, -0.032780, -0.042393, -0.012877, -0.015121, -0.003144
0.008752, 0.015463, 0.034484, -0.102027, 0.008753, -0.017867
-0.080409, -0.031880, 0.106370, -0.023541, -0.010241, -0.011494
-0.021857, -0.038917, 0.027233, -0.026458, 0.035586, 0.032991
0.050504, 0.011941, 0.080188, 0.057684, -0.042607, -0.046517
-0.132837, -0.050928, 0.018373, 0.071923, 0.036257, -0.045452
0.002539, 0.017224, 0.076421, -0.044042, 0.027058, -0.061849
0.070850, -0.000000, 0.020758, 0.042477, -0.039748, 0.020913
-0.066064, 0.052009, 0.039655, 0.115740, -0.098613, 0.128879
0.002820, 0.015691, 0.053601, 0.048288, 0.030233, 0.015604
-0.013570, 0.068109, 0.010991, -0.050827, 0.023586, 0.080966
0.074546, 0.073095, -0.010962, 0.064251, -0.059416, 0.031181
0.008025, -0.019184, 0.075485, -0.007895, -0.051299, -0.045593
0.028994, -0.028053, 0.038033, -0.060023, 0.053934, 0.047898
-0.014007, 0.014052, -0.018685, -0.049187, 0.073598, -0.079100
-0.029935, 0.084721, 0.086852, -0.085502, 0.121463, 0.013366
-0.000591, -0.050396, -0.024095, 0.080600, -0.021285, -0.012731
-0.062263, -0.037881, -0.016842, -0.030185, -0.006663, 0.094552
-0.005368, -0.091618, 0.108271, -0.026848, 0.121504, -0.052444
0.007432, -0.089819, 0.025760, -0.028294, -0.014017, 0.046565
-0.050834, 0.032890, 0.090489, 0.010449, -0.003679, 0.014742
0.044537, 0.015258, 0.021747, -0.135526, 0.029663, -0.051438
0.006309, 0.001552, -0.013389, -0.014919, 0.028201, -0.006584
0.057442, -0.000000, 0.014611, -0.007696, 0.026764, 0.058103
-0.021791, 0.059400, -0.019008, -0.008634, -0.096868, -0.052190
0.052748, -0.043233, -0.090960, -0.049939, -0.064278, 0.016902
-0.035044, 0.027045, -0.005284, 0.001490, 0.078734, 0.025645
0.026084, -0.035186, -0.047578, -0.023750, 0.060730, 0.079618
0.015530, -0.043721, 0.003247, -0.004360, 0.012141, 0.000163
-0.043743, -0.059943, 0.039324, 0.020620, 0.007853, 0.012112
0.021526, -0.115443, 0.003418, -0.030628, -0.132474, -0.003857
-0.094913, -0.040273, -0.015778, -0.111173, 0.034615, 0.009855
-0.083470, -0.040385, -0.058420, 0.015726, -0.088924, 0.063321
-0.000664, -0.044228, 0.042864, -0.010637, -0.073453, -0.019798

==============================================================================

[78] id: Large_Cap_12
category    : Large Cap
scheme      : HDFC Large Cap Fund - Direct Plan - Growth
section     : RB Rahul Baijal Jul 2022 - Present View details
source_url  : https://groww.in/mutual-funds/hdfc-large-cap-fund-direct-growth
ingested_at : 2026-10-07T06:17:35+00:00  |  chunk_index: 12
chars       : 347  |  embedding: 384-dim
------------------------------------------------------------------------------
TEXT:
Education: Mr. Baijal has done PGDM(MBA) from IIM Calcutta and is an engineering graduate of Delhi college of Engineering

Experience: Prior to joining HDFC Mutual Fund, he has worked with Sundaram Mutual Fund, Bharti AXA Life Insurance, TVF Capital, HSBC Securities, Credit Suisse Securities & Standard Chartered Bank.

Also manages these schemes

EMBEDDING (384 floats, rounded to 6 dp):
0.012210, -0.001829, -0.058899, 0.033423, 0.034221, 0.009256
0.068567, 0.003932, -0.036518, -0.045305, -0.049092, -0.033822
-0.050302, -0.013287, 0.013056, -0.033160, 0.009165, -0.000733
0.054978, -0.063179, -0.100400, -0.047342, -0.002375, -0.022152
-0.000870, -0.071318, 0.127253, 0.006751, -0.026932, -0.002543
-0.012263, 0.029794, 0.009582, 0.057391, -0.032105, 0.107397
-0.000572, -0.007527, -0.052364, -0.044360, 0.021061, -0.010674
0.029090, -0.011855, 0.067647, -0.035885, -0.077301, -0.075522
0.047403, -0.036788, -0.114074, -0.003560, 0.024456, -0.034229
0.048963, 0.039388, 0.004490, 0.020512, 0.011272, 0.006783
-0.064169, 0.002716, -0.029579, 0.014663, 0.103098, -0.019620
-0.024499, 0.063214, 0.049145, -0.014457, 0.029357, -0.038766
-0.095390, -0.045618, -0.067577, 0.004954, -0.022554, 0.041464
0.028179, -0.059103, 0.019376, 0.032502, 0.030032, 0.040621
-0.063374, 0.011151, 0.021641, -0.003439, -0.039058, 0.002876
0.109244, 0.101546, -0.025188, -0.029825, -0.057402, -0.017959
-0.018225, -0.010335, -0.032322, 0.009813, 0.008621, 0.051024
-0.062114, -0.028805, -0.087524, 0.042667, 0.000113, 0.011934
0.066566, 0.013066, -0.005541, 0.056268, -0.083079, -0.002564
-0.053702, 0.005830, -0.077699, -0.020123, -0.010623, -0.019294
-0.036528, 0.069860, -0.060650, -0.073639, -0.111156, -0.103471
-0.068397, 0.000000, -0.021975, 0.028785, 0.011684, -0.011938
-0.078583, -0.024486, 0.041221, -0.050224, -0.053842, 0.040145
0.037396, 0.067781, -0.061079, -0.018276, 0.016642, -0.022608
-0.032206, 0.039208, 0.034010, 0.040255, 0.033089, 0.033432
0.009454, -0.099317, 0.072248, 0.011604, 0.110434, 0.019917
0.096551, 0.054210, -0.049229, 0.051527, -0.107122, 0.022379
0.002952, -0.023494, -0.070611, -0.047748, -0.072803, -0.060899
-0.009871, 0.023269, 0.001484, -0.056757, -0.089276, 0.064825
0.055650, 0.004518, 0.094733, -0.013601, -0.091726, -0.047198
-0.016370, -0.012596, 0.042924, -0.057137, -0.031585, -0.035780
-0.013946, 0.055732, -0.007375, -0.052226, -0.129006, 0.027069
-0.009593, 0.021279, -0.021426, 0.010977, 0.049834, -0.044709
0.002581, -0.010267, 0.053617, 0.010850, -0.044411, -0.061702
-0.045044, 0.136878, -0.031382, 0.090939, 0.008526, 0.021746
0.070478, -0.018316, 0.022596, 0.099165, 0.075844, 0.013405
-0.047626, 0.019527, -0.065563, -0.092682, 0.144524, 0.107958
-0.005976, -0.000000, -0.007012, 0.006159, 0.014496, -0.029601
-0.007956, 0.002629, 0.056813, -0.007979, 0.027624, 0.057841
0.045526, 0.052716, 0.051507, 0.015321, -0.038520, -0.034432
0.018238, -0.034444, -0.106753, -0.047370, 0.042944, 0.032870
0.004325, 0.039235, 0.004602, 0.033104, 0.020059, 0.047968
-0.097891, 0.068980, 0.066079, 0.025764, -0.106478, 0.079023
-0.030937, -0.067009, 0.053514, 0.034513, 0.000632, 0.108177
-0.038999, -0.000759, 0.050195, -0.063375, 0.050345, -0.005221
0.023383, -0.018488, 0.053231, -0.038202, -0.039621, 0.002998
0.008285, 0.008561, -0.014009, -0.033113, 0.048269, -0.005608
0.030114, -0.073685, 0.047782, 0.040552, 0.057207, 0.081389
-0.044301, 0.052581, 0.044319, -0.063030, 0.006222, -0.077666
0.056518, -0.036899, 0.079151, 0.055348, -0.058348, 0.050807
-0.008604, 0.008017, -0.016994, 0.053418, 0.134485, 0.014973
-0.054262, 0.114476, 0.013879, -0.107357, 0.024733, -0.116443
0.045344, -0.034087, -0.056590, 0.000859, 0.023181, 0.015654
0.041197, -0.000000, -0.031522, -0.086642, -0.053408, -0.049151
-0.041847, -0.053581, -0.111514, -0.016014, 0.037898, 0.006334
-0.016419, 0.022652, -0.038829, -0.008093, -0.065118, -0.083044
0.035069, 0.064012, 0.014581, -0.011517, 0.016683, -0.018209
0.042973, -0.000560, -0.076321, 0.036165, 0.039349, -0.064899
0.043853, 0.046615, -0.048304, 0.014468, 0.058509, 0.023807
0.045429, 0.048209, 0.097400, 0.038678, 0.075685, 0.065598
0.006408, -0.082747, 0.020842, -0.003655, -0.004858, -0.040155
-0.059280, 0.015984, 0.036107, 0.029269, 0.025731, -0.003719
0.021984, -0.047566, 0.012182, -0.006857, -0.080851, -0.004444
-0.093258, -0.030647, 0.062913, -0.100094, 0.000950, 0.058518

==============================================================================

[79] id: Large_Cap_13
category    : Large Cap
scheme      : HDFC Large Cap Fund - Direct Plan - Growth
section     : DM Dhruv Muchhal Jun 2023 - Present View details
source_url  : https://groww.in/mutual-funds/hdfc-large-cap-fund-direct-growth
ingested_at : 2026-10-07T06:17:35+00:00  |  chunk_index: 13
chars       : 250  |  embedding: 384-dim
------------------------------------------------------------------------------
TEXT:
Education: Mr. Dhruv has done B.Com, CA and CFA

Experience: Prior to joining HDFC MF,he has worked with Motilal Oswal Financial Services Ltd., Goldman Sachs, CRISIL Global Research & Analytics and Deloitte Haskins & Sells

Also manages these schemes

EMBEDDING (384 floats, rounded to 6 dp):
0.010498, -0.081862, -0.084567, 0.018841, 0.012251, 0.005959
-0.023829, -0.040051, -0.017299, -0.018819, -0.022153, -0.022120
-0.040402, 0.039019, -0.004279, 0.027751, -0.012746, 0.003688
0.048736, -0.075334, -0.093033, -0.017494, 0.024280, -0.031283
-0.009157, -0.027049, -0.028747, 0.043082, -0.041491, -0.052233
0.046244, 0.066014, 0.007893, 0.017218, 0.046516, 0.086551
-0.018233, 0.046202, -0.056152, -0.084752, -0.019246, -0.051809
0.016656, 0.014254, 0.053424, -0.027332, -0.008034, 0.025012
0.025760, -0.009837, -0.096942, -0.046054, 0.008528, -0.023508
0.003650, 0.074504, 0.006557, 0.005536, 0.022222, -0.022347
-0.078726, 0.006430, -0.003189, 0.043921, 0.040330, 0.005921
-0.069790, 0.004631, -0.041129, -0.062703, -0.000288, -0.141710
-0.057318, -0.016847, 0.038994, 0.040998, -0.002860, -0.011917
0.048217, -0.089848, 0.065960, 0.054824, -0.004976, 0.055980
-0.040395, -0.086433, 0.000128, -0.036231, -0.007868, -0.063391
0.142581, 0.007732, -0.019514, 0.010273, -0.077322, -0.073111
0.019193, 0.080779, -0.029307, 0.012986, -0.003326, -0.041205
-0.062746, -0.009477, -0.090268, 0.017911, 0.050277, 0.127418
0.031282, 0.023032, 0.010776, 0.134570, -0.068872, -0.047659
0.077196, -0.035830, -0.037811, 0.026978, 0.014809, -0.063399
-0.062271, 0.060255, -0.029640, -0.113051, -0.063492, -0.047129
-0.096818, 0.000000, 0.009864, 0.064833, 0.036214, 0.001323
-0.005836, -0.001140, 0.073661, 0.006003, -0.032291, 0.037905
-0.001643, 0.114626, -0.003283, 0.009238, -0.061709, -0.084468
0.000886, -0.007710, 0.009058, 0.034297, 0.051241, 0.052136
0.021263, -0.010465, 0.098186, -0.039122, 0.094116, 0.047211
0.080982, 0.052600, -0.038071, -0.018280, -0.106553, -0.033439
-0.012105, 0.032295, -0.090361, -0.085162, -0.057031, -0.080559
-0.056467, 0.066219, -0.014754, -0.051342, -0.079444, 0.055749
0.022099, 0.081245, 0.037859, 0.022855, -0.032191, -0.060026
-0.002821, -0.000703, 0.026320, 0.080841, 0.021289, -0.050444
0.016467, 0.047071, -0.024612, 0.001502, -0.147162, -0.025685
-0.035457, -0.015043, 0.033691, -0.060863, 0.048187, -0.037787
0.024491, 0.083655, 0.040520, 0.011272, -0.054371, -0.070056
-0.044005, 0.148224, 0.026666, -0.000522, 0.043958, 0.078574
0.135130, -0.018340, 0.050617, 0.056978, 0.005985, -0.009971
-0.053616, 0.022311, -0.054239, -0.088540, 0.119300, 0.098307
0.003307, -0.000000, -0.057772, -0.051207, 0.013903, -0.011283
-0.007586, 0.041297, 0.034933, 0.008013, 0.026875, 0.000827
0.058449, 0.059903, 0.035709, -0.050487, -0.048827, -0.043467
0.017882, -0.017596, -0.034787, -0.037529, 0.068723, 0.013717
0.027878, 0.014058, 0.014127, -0.003171, 0.045210, 0.008163
-0.052374, 0.054371, 0.040870, 0.006098, -0.102425, 0.034288
-0.035618, -0.033707, -0.040504, 0.060042, -0.004746, 0.048582
-0.063290, 0.047974, 0.022058, -0.060803, -0.011069, 0.026904
-0.032077, 0.023864, 0.094192, -0.051685, -0.090458, -0.013994
-0.008495, -0.023970, -0.044708, 0.020246, 0.088551, 0.000793
-0.008676, -0.004464, -0.006698, 0.094835, 0.056979, 0.064010
0.070768, 0.069683, -0.040101, -0.049478, 0.015233, -0.089868
0.041854, -0.066459, 0.006779, -0.021101, -0.017549, -0.023957
-0.038113, -0.039629, -0.040158, 0.066711, 0.126342, -0.024781
0.010278, 0.090349, -0.014025, -0.041755, 0.055851, -0.112843
0.018519, 0.007779, -0.028424, -0.054702, 0.006157, -0.023922
0.034783, -0.000000, -0.045457, -0.017916, -0.034083, -0.062458
-0.032089, -0.021458, -0.033034, 0.031597, 0.057703, 0.065739
0.047290, -0.026287, -0.104207, 0.016733, -0.032937, -0.020809
0.053501, 0.084220, 0.024919, 0.047400, 0.089760, 0.022284
0.032737, 0.055651, 0.039954, 0.002446, -0.022357, -0.042809
0.065751, 0.066336, -0.053055, 0.015736, 0.045089, -0.040596
0.033963, 0.014624, -0.001687, -0.007791, 0.004469, 0.083980
-0.015901, 0.009328, 0.049860, 0.010165, 0.008630, -0.017968
-0.107186, 0.059042, 0.035978, 0.019583, 0.026923, -0.029088
0.023728, -0.049963, -0.008760, -0.047522, 0.017960, -0.027425
-0.005051, 0.009561, 0.076414, -0.105508, 0.050746, 0.059015

==============================================================================

[80] id: Large_Cap_14
category    : Large Cap
scheme      : HDFC Large Cap Fund - Direct Plan - Growth
section     : About HDFC Large Cap Fund Direct Growth
source_url  : https://groww.in/mutual-funds/hdfc-large-cap-fund-direct-growth
ingested_at : 2026-10-07T06:17:35+00:00  |  chunk_index: 14
chars       : 466  |  embedding: 384-dim
------------------------------------------------------------------------------
TEXT:
HDFC Large Cap Fund Direct Growth is a Equity Mutual Fund Scheme launched by HDFC Mutual Fund.

This scheme was made available to investors on 10 Dec 1999.

Rahul Baijal is the Current Fund Manager of HDFC Large Cap Fund Direct Growth fund.

The fund currently has an Asset Under Management(AUM) of ₹9,86,237 Cr and the Latest NAV as of 06 Oct 2026 is ₹1,168.62.

The HDFC Large Cap Fund Direct Growth is rated Very High risk.

Minimum SIP Investment is set to ₹100.

EMBEDDING (384 floats, rounded to 6 dp):
0.070976, -0.068201, -0.096291, 0.028121, 0.125842, 0.012964
0.026687, 0.053394, -0.055016, 0.017396, -0.021028, -0.060461
-0.079999, -0.009506, -0.031909, -0.044626, -0.058925, -0.063248
0.048877, -0.016639, -0.008682, 0.007189, -0.001941, 0.039268
0.041426, -0.032140, 0.025106, 0.024687, -0.054412, -0.022577
0.031454, 0.044856, 0.065578, -0.033545, -0.035230, 0.064045
-0.080840, 0.018347, -0.016677, -0.049833, 0.035270, 0.006007
0.046184, -0.036821, 0.071721, -0.012682, -0.062905, 0.056032
-0.003362, -0.030278, -0.032975, -0.012122, 0.004877, -0.004399
0.037613, 0.043279, -0.014739, -0.030325, 0.042766, 0.032945
-0.077709, -0.018716, 0.061177, -0.058655, 0.057972, -0.017868
-0.017422, 0.026178, 0.043088, 0.011271, -0.025608, -0.064365
-0.056822, -0.070003, -0.026380, -0.022915, -0.052373, 0.083023
0.073918, -0.044422, -0.055036, 0.012565, 0.098225, 0.003126
-0.021413, 0.034756, 0.047010, -0.090564, -0.076883, -0.027615
0.046392, 0.061650, 0.004019, 0.049591, -0.100905, -0.004140
-0.062673, -0.079836, -0.029342, 0.000608, 0.044587, 0.036241
-0.068535, -0.073330, 0.017282, -0.017348, 0.019323, 0.044991
0.055611, -0.001259, 0.002782, 0.067663, -0.076079, -0.027033
-0.038652, -0.004352, -0.061684, -0.121118, 0.003297, -0.005924
0.001049, -0.012119, -0.009067, -0.105157, -0.056427, -0.034277
-0.044387, 0.000000, -0.023146, 0.028988, -0.025480, -0.039549
-0.059733, -0.056440, 0.064060, 0.024059, -0.045678, 0.018493
0.026597, 0.047484, -0.031808, 0.011137, -0.032185, -0.142330
0.036064, 0.107239, -0.015973, -0.024962, -0.002019, 0.115571
0.024656, -0.105092, 0.135469, 0.024207, 0.013257, 0.007185
0.065803, 0.080436, -0.011603, -0.000601, -0.079546, -0.046079
-0.072071, -0.031354, -0.068115, -0.074197, -0.054667, 0.007181
0.035601, 0.064992, -0.012722, -0.055672, -0.055772, 0.056579
0.063017, 0.022262, -0.028299, 0.028100, -0.038829, -0.084857
0.021040, 0.017511, 0.078182, 0.000409, -0.051678, 0.022571
0.040665, 0.040481, -0.004463, -0.084448, -0.166682, 0.110485
-0.070111, 0.084374, 0.078209, -0.018356, 0.046598, -0.046835
0.049531, 0.009177, 0.025372, 0.043707, -0.053229, -0.065034
0.032018, 0.140981, -0.019460, 0.080025, 0.029091, 0.069432
0.074509, -0.032010, 0.020113, 0.000569, 0.007617, 0.061838
-0.039941, -0.024945, 0.018627, -0.028055, 0.107227, 0.020178
-0.022946, -0.000000, 0.036357, -0.007253, -0.021565, -0.014682
-0.005572, 0.023260, 0.008215, 0.035108, 0.020361, -0.020330
0.072131, 0.016259, 0.044371, -0.035444, -0.050909, -0.071314
0.039108, -0.045780, -0.048707, -0.046243, 0.011399, -0.017948
0.058658, 0.057309, -0.022886, -0.014445, -0.028588, 0.038598
-0.065422, 0.059418, -0.008495, 0.013141, -0.072076, 0.078908
-0.034495, -0.074879, 0.015778, 0.055860, -0.030102, 0.076144
-0.001107, -0.023182, 0.040544, -0.072486, 0.007568, -0.002687
0.003331, 0.009297, 0.081160, -0.016642, -0.027581, -0.090307
0.086724, 0.005408, -0.067381, 0.025710, 0.077130, 0.049102
-0.001339, -0.040109, 0.059758, 0.026069, -0.013384, 0.098329
-0.014983, 0.038856, -0.071966, -0.124184, -0.000116, -0.057655
0.090152, -0.015616, 0.076495, 0.111908, -0.067814, 0.034709
0.030835, 0.008407, 0.046223, 0.049571, 0.093127, 0.057487
-0.021855, 0.084630, -0.008092, -0.095844, -0.001607, -0.121291
-0.052003, 0.017076, -0.070779, -0.042501, -0.007100, 0.040030
0.006522, -0.000000, 0.034299, -0.023340, 0.019085, -0.039615
-0.016406, -0.022403, -0.029633, -0.010460, 0.031570, 0.041670
0.017990, 0.059550, -0.027796, -0.044786, -0.054444, -0.058590
0.033265, 0.048993, -0.006348, 0.004089, 0.070540, 0.031037
0.072404, 0.028012, 0.032024, 0.001257, 0.022333, 0.020089
-0.002274, -0.024367, 0.031611, 0.000694, 0.019301, 0.068200
-0.008023, 0.102968, -0.005543, 0.020497, 0.024624, 0.079355
0.037785, -0.061367, 0.029840, -0.077219, -0.055517, -0.001385
-0.068638, -0.001774, 0.031568, -0.094394, 0.001844, 0.007503
-0.006010, -0.034943, -0.012627, 0.047013, -0.019779, 0.009254
-0.035789, -0.020023, 0.064428, -0.037834, 0.016680, 0.094127

==============================================================================

[81] id: Large_Cap_15
category    : Large Cap
scheme      : HDFC Large Cap Fund - Direct Plan - Growth
section     : About HDFC Large Cap Fund Direct Growth
source_url  : https://groww.in/mutual-funds/hdfc-large-cap-fund-direct-growth
ingested_at : 2026-10-07T06:17:35+00:00  |  chunk_index: 15
chars       : 120  |  embedding: 384-dim
------------------------------------------------------------------------------
TEXT:
Minimum SIP Investment is set to ₹100.

Minimum Lumpsum Investment is ₹100.

Exit load of 1% if redeemed within 1 year
;

EMBEDDING (384 floats, rounded to 6 dp):
0.041177, 0.033585, -0.106244, -0.033920, -0.063326, -0.006008
0.093972, 0.114532, -0.009447, 0.009077, 0.049642, -0.068286
0.014693, 0.010342, -0.007405, -0.032587, -0.020199, -0.119642
-0.023048, 0.006169, 0.025407, -0.041580, -0.004118, -0.000788
0.097588, 0.007764, 0.064508, 0.014135, 0.061411, -0.021576
0.108793, 0.109004, 0.105001, -0.113481, 0.056353, 0.018731
-0.057958, 0.006577, 0.021968, -0.047680, 0.000773, -0.021959
-0.003575, -0.006664, 0.025235, -0.036956, -0.064465, 0.115120
0.029453, 0.034598, 0.049629, -0.001714, -0.018777, 0.027108
-0.048142, -0.109519, 0.032596, 0.068438, -0.003559, 0.023748
-0.003274, 0.011074, 0.030895, 0.007897, 0.027005, -0.003191
-0.020728, -0.016535, -0.042395, 0.057345, 0.022935, -0.082204
-0.051422, -0.097698, -0.071217, -0.011969, 0.058452, 0.033081
-0.025992, 0.037674, -0.011252, 0.003195, 0.019934, -0.044663
-0.033269, 0.014879, 0.013784, -0.031992, 0.021103, -0.038035
0.027705, 0.140626, -0.024171, 0.030128, -0.032750, 0.013133
-0.046390, -0.043128, -0.022924, 0.042683, 0.006540, -0.014829
-0.007222, -0.036809, -0.006878, -0.068472, 0.042906, -0.053336
0.028833, 0.013018, -0.091019, 0.025466, 0.048883, -0.025488
-0.060472, 0.043290, -0.020250, -0.031875, 0.053602, 0.000698
-0.004756, 0.038747, -0.007183, -0.066593, -0.081636, -0.045079
0.015348, 0.000000, -0.025980, -0.065099, -0.073906, -0.024110
-0.073846, -0.028589, 0.068987, -0.033158, -0.062345, -0.072110
-0.016179, -0.062117, -0.046713, -0.002185, 0.011556, -0.074022
0.008604, 0.076408, 0.067718, -0.043535, -0.042603, -0.081932
0.010723, -0.033574, 0.107358, 0.044123, 0.041187, -0.092180
0.087583, 0.034733, 0.090847, 0.059675, -0.056514, -0.046612
-0.040735, 0.052432, 0.048157, -0.000183, -0.034205, -0.038573
-0.023978, 0.024153, 0.032988, -0.046992, -0.019165, 0.005028
0.051790, 0.036459, -0.018772, 0.048666, -0.048660, -0.043938
-0.086133, 0.073098, -0.008803, -0.076937, -0.064012, -0.066828
-0.041178, -0.041325, -0.003478, -0.096432, -0.080165, 0.013717
-0.028207, 0.058221, -0.018948, -0.031993, 0.010388, 0.002140
-0.040090, -0.055308, 0.077840, -0.032141, 0.014761, 0.026590
0.095544, 0.070364, 0.044077, 0.069735, -0.028071, 0.057112
-0.007815, -0.040558, 0.044597, 0.013838, 0.049489, 0.003235
-0.048095, 0.017825, -0.031629, -0.032459, -0.000191, 0.070463
0.059111, -0.000000, -0.052915, 0.059270, 0.020422, 0.052563
0.016675, 0.025719, 0.098555, 0.084679, 0.052540, 0.061126
-0.052910, 0.033687, 0.016888, 0.018295, -0.073817, -0.013564
0.028761, 0.012206, 0.029964, 0.007554, 0.033150, 0.019076
0.027455, 0.067157, -0.012813, 0.051418, -0.069610, 0.004000
-0.070100, -0.041420, -0.016315, -0.023165, -0.121921, 0.045107
-0.063560, -0.085029, 0.044879, 0.003201, 0.003253, 0.045295
0.064852, 0.019517, 0.005371, -0.076066, 0.041272, -0.097050
0.042239, -0.026389, 0.022964, -0.099428, 0.042428, -0.025292
0.070027, 0.128618, -0.002781, 0.052849, 0.053323, 0.007674
0.007460, -0.040099, 0.042166, 0.058091, -0.032544, 0.029899
-0.001909, -0.015442, -0.006295, -0.016290, 0.057494, -0.091961
0.034702, 0.045043, 0.108015, -0.008930, -0.024894, 0.024890
-0.026278, -0.101832, 0.058634, 0.008936, -0.028784, 0.126279
-0.019181, 0.000720, 0.038393, -0.039955, 0.033420, -0.109797
0.014050, 0.014693, -0.110370, 0.041064, 0.050977, 0.039273
-0.019790, -0.000000, -0.047723, -0.026871, 0.044077, -0.003945
0.085127, -0.029834, -0.022520, -0.032172, 0.009281, -0.013352
0.067340, -0.005876, -0.068971, -0.012887, -0.093497, -0.040855
-0.013688, 0.010027, -0.031536, -0.066837, 0.041702, 0.027379
0.030164, -0.002091, -0.046336, -0.008193, 0.096683, 0.060502
0.022408, -0.030946, -0.046909, 0.062634, 0.058741, -0.024883
-0.145189, 0.062700, 0.063926, 0.044138, -0.036741, 0.077536
0.016650, -0.122729, -0.001199, -0.092206, -0.063187, 0.024502
-0.065885, 0.009145, 0.001184, -0.078113, 0.071493, 0.012441
-0.039107, 0.017287, -0.003585, -0.048273, -0.044558, 0.054352
-0.055515, -0.019477, 0.006597, -0.006359, 0.010038, 0.034814

==============================================================================

[82] id: Large_Cap_16
category    : Large Cap
scheme      : HDFC Large Cap Fund - Direct Plan - Growth
section     : Investment Objective
source_url  : https://groww.in/mutual-funds/hdfc-large-cap-fund-direct-growth
ingested_at : 2026-10-07T06:17:35+00:00  |  chunk_index: 16
chars       : 194  |  embedding: 384-dim
------------------------------------------------------------------------------
TEXT:
The scheme seeks to provide long-term capital appreciation/income by investing predominantly in Large-Cap companies.

Fund benchmarkNIFTY 100 Total Return Index: Scheme Information Document(SID)

EMBEDDING (384 floats, rounded to 6 dp):
0.056931, -0.004841, -0.056748, 0.014122, 0.078547, 0.021282
0.011074, 0.032211, -0.039628, 0.023452, -0.108705, -0.011730
-0.004570, -0.054640, -0.074806, -0.029377, -0.046727, -0.029622
0.090497, 0.026438, 0.013009, -0.030458, -0.011300, -0.042809
0.076327, 0.010013, 0.040634, 0.000431, -0.053037, -0.001683
0.022025, 0.046209, 0.053258, -0.051310, -0.109121, 0.092664
-0.030375, -0.007147, -0.012736, 0.012445, -0.002229, 0.018360
0.036143, -0.046515, 0.041706, -0.045752, -0.037758, -0.000287
-0.021237, 0.048833, -0.038489, 0.028953, -0.009302, 0.034043
-0.049014, 0.038896, -0.099519, -0.015177, -0.003383, -0.043685
0.016894, -0.025111, 0.060684, -0.011977, 0.104433, -0.028527
-0.049123, -0.001932, -0.062173, -0.064021, -0.018569, -0.046044
-0.111010, -0.054374, -0.016935, 0.045854, 0.005922, 0.033620
0.027727, -0.057239, 0.022123, 0.055021, 0.050969, -0.044827
-0.015593, 0.042480, 0.065626, -0.014523, 0.032007, 0.007155
0.059466, -0.026166, -0.036442, 0.015207, -0.041215, -0.040021
-0.067117, -0.039071, -0.003096, 0.064791, 0.007629, -0.002785
-0.046210, -0.098518, -0.058077, -0.079623, 0.061259, 0.011141
0.032453, -0.056763, -0.022444, 0.122220, -0.041936, -0.027861
-0.034713, 0.034398, -0.066378, -0.006021, 0.083729, 0.042754
0.104517, -0.005478, -0.003809, 0.005383, -0.043056, 0.009461
-0.032826, 0.000000, -0.078049, 0.062636, 0.094119, -0.029364
-0.081815, -0.023890, 0.012813, -0.053921, -0.114972, -0.004331
0.011451, 0.113601, 0.011554, 0.027079, 0.012889, -0.078891
-0.002320, 0.104520, 0.042565, -0.069863, 0.078025, 0.026836
0.033194, -0.016409, 0.070006, 0.025918, -0.015337, 0.039036
0.019393, 0.045287, 0.042676, 0.088941, -0.032531, -0.083537
-0.024952, 0.056060, -0.005039, -0.063154, 0.021692, -0.010687
-0.024560, 0.035200, 0.022767, -0.052874, -0.127127, 0.030852
0.035667, 0.069410, 0.026012, 0.067051, -0.065368, -0.044887
-0.106194, -0.015508, 0.033383, -0.031349, -0.060420, -0.004493
-0.015364, 0.011148, 0.043152, -0.114391, -0.111032, -0.007616
-0.176307, 0.094717, 0.054847, 0.043761, 0.064908, 0.076021
-0.003928, 0.049186, -0.020963, 0.023679, 0.004612, -0.056746
0.026765, 0.086234, 0.021009, 0.056584, -0.001272, -0.022607
-0.006913, -0.031669, 0.104740, 0.025917, 0.024901, -0.008141
-0.024363, -0.042246, 0.030473, 0.001385, 0.021596, -0.025585
-0.058095, -0.000000, 0.028372, -0.037097, -0.026590, 0.029908
-0.003856, -0.034087, 0.003758, 0.051806, -0.051064, 0.023854
0.028237, -0.023945, 0.008109, 0.039771, -0.014856, -0.064807
0.028800, -0.058770, 0.010134, -0.087830, 0.060840, -0.010721
0.010384, 0.020233, -0.055409, 0.044196, -0.133201, 0.054615
-0.054512, -0.016084, -0.050895, -0.012386, -0.073416, 0.028652
-0.021828, 0.004775, 0.023454, -0.062879, 0.009984, 0.091838
0.046938, -0.015575, 0.037252, -0.020804, 0.036805, -0.052382
0.000252, 0.034081, 0.117766, -0.022940, 0.009419, 0.015370
0.054679, 0.002497, -0.082474, 0.029488, -0.041918, -0.000008
-0.031642, -0.035773, 0.036852, 0.077516, -0.034527, 0.169013
-0.011573, -0.038717, 0.036713, -0.117687, -0.037242, -0.042583
0.058868, -0.096953, 0.029997, 0.030790, -0.057471, 0.054776
0.024339, -0.006574, -0.000865, 0.057897, 0.013520, 0.038236
0.035919, 0.052573, 0.028097, 0.008008, -0.006689, -0.066643
-0.062075, 0.059365, -0.060251, -0.015399, 0.052923, 0.076874
0.084828, -0.000000, -0.020448, -0.042557, -0.035871, -0.025058
-0.024816, 0.007377, 0.002044, -0.047352, -0.047657, -0.009916
0.063053, 0.052836, -0.083291, 0.023229, -0.009491, -0.011695
-0.069383, 0.055239, -0.003221, 0.013371, 0.003865, 0.068872
0.077756, -0.082007, -0.025888, 0.057143, 0.076637, 0.100419
0.051375, -0.020455, -0.009027, 0.034865, 0.032041, -0.035757
-0.021367, 0.095241, 0.032768, 0.080393, 0.053070, 0.070495
0.019234, -0.013904, 0.030713, -0.026614, -0.005293, 0.022280
-0.085776, 0.021977, 0.035267, -0.138822, 0.007961, 0.007605
-0.062034, 0.025381, -0.039270, 0.047133, -0.088344, 0.014375
-0.054146, -0.033418, 0.014437, -0.084203, 0.011766, -0.000155

==============================================================================

[83] id: Large_Cap_17
category    : Large Cap
scheme      : HDFC Large Cap Fund - Direct Plan - Growth
section     : Fund house
source_url  : https://groww.in/mutual-funds/hdfc-large-cap-fund-direct-growth
ingested_at : 2026-10-07T06:17:35+00:00  |  chunk_index: 17
chars       : 475  |  embedding: 384-dim
------------------------------------------------------------------------------
TEXT:
![AMC Image

HDFC Mutual Fund](/mutual-funds/amc/hdfc-mutual-funds)

Rank (total assets)#2 in India

Total AUM₹9,86,236.84 Cr: Date of Incorporation10 Dec 1999

Phone022 – 66316333

E-mail[[email protected]](https://mail.google.com/mail/?view=cm&fs=1&tf=1&to=shareholders.relations@hdfcfund.com&su=Hello&shva=1)

Website<http://www.hdfcfund.com>

Launch Date10 Dec 1999: Address"HDFC House", 2nd Floor, H. T. Parekh Marg, 165-166, BackbayReclamation, Churchgate Mumbai 400020

EMBEDDING (384 floats, rounded to 6 dp):
0.048723, -0.081122, -0.086029, 0.011180, 0.053011, 0.058185
0.014106, 0.051342, -0.040416, -0.033225, -0.010360, -0.046440
-0.033735, -0.056065, -0.042965, -0.042915, -0.031895, -0.060654
0.053690, 0.019255, -0.033875, -0.032406, 0.008007, 0.022156
0.065675, 0.015579, 0.010553, 0.046407, -0.050961, -0.048551
0.066551, 0.051695, 0.039090, 0.004668, 0.052873, 0.074288
-0.060738, -0.018935, 0.032269, -0.057291, 0.035331, -0.010880
0.059668, -0.069016, 0.041988, 0.001796, -0.008415, 0.057030
0.013166, 0.014428, -0.010484, 0.038860, 0.008511, -0.041832
0.025347, 0.075717, 0.000850, -0.054470, 0.038900, -0.028367
0.021113, 0.031658, 0.046282, -0.017774, 0.099359, -0.034184
-0.011691, 0.007617, 0.041290, -0.031306, 0.036733, -0.076494
-0.040867, -0.036781, -0.069883, 0.016733, -0.016368, 0.042241
0.055147, -0.116018, -0.025529, -0.006334, 0.098547, 0.056208
-0.039472, 0.052089, 0.087757, -0.031355, -0.026349, -0.018304
0.099992, 0.068273, -0.001861, 0.025958, -0.052732, -0.044511
-0.058133, 0.005050, -0.022778, 0.016284, 0.038859, 0.016401
-0.040518, -0.081064, -0.055287, -0.004971, -0.019039, 0.061957
0.086960, -0.035144, -0.072404, 0.073917, -0.037440, -0.040056
-0.057374, -0.022942, -0.043478, -0.110274, 0.043760, -0.069187
0.018282, 0.014583, -0.019578, -0.087088, -0.031323, -0.106671
-0.027801, 0.000000, -0.045047, 0.053802, 0.025827, -0.053342
-0.012969, -0.068484, 0.034913, -0.007906, -0.032111, 0.026030
-0.050628, 0.025221, -0.037214, -0.092726, -0.125852, -0.105904
0.001733, 0.044609, 0.020574, -0.020032, -0.011730, 0.065266
0.010338, -0.024296, 0.045622, -0.022285, 0.041510, 0.014665
0.047411, 0.064914, 0.075288, -0.005829, -0.073989, -0.057178
-0.017922, -0.042260, -0.022414, -0.057224, -0.111576, 0.016139
0.035825, 0.054562, -0.032701, -0.044905, -0.000223, 0.050751
0.099376, 0.104748, 0.092904, 0.032283, -0.136040, -0.069782
0.001603, -0.021953, 0.037069, -0.008811, -0.067642, -0.032959
0.017898, 0.020510, 0.016577, -0.002222, -0.148383, 0.012952
-0.083797, 0.012108, 0.077542, -0.005422, 0.027811, -0.011764
0.055002, -0.029918, 0.069037, 0.023850, -0.037953, -0.052877
-0.011065, 0.076770, 0.036575, 0.062994, -0.004851, 0.067277
0.031768, -0.016569, 0.077450, 0.019338, 0.029675, -0.025169
-0.055311, 0.047903, -0.007938, -0.037630, 0.038430, 0.021593
0.009810, -0.000000, 0.015105, 0.002680, -0.017030, -0.012667
0.009982, 0.063187, 0.042707, 0.087455, 0.054945, 0.041779
0.110838, 0.031144, -0.002493, -0.086057, -0.043373, -0.041454
0.020353, -0.037090, -0.075154, -0.007819, 0.039373, 0.023670
0.010348, 0.081856, -0.032448, 0.061638, 0.022673, 0.064080
0.002917, 0.028059, 0.043567, 0.003244, -0.124397, 0.108598
-0.062476, -0.099695, 0.046755, 0.058851, -0.028238, 0.031073
-0.009470, 0.072103, 0.050391, -0.012123, 0.014831, -0.038717
0.014780, -0.040374, 0.075573, -0.001206, -0.016809, -0.088496
0.069795, -0.035342, -0.076511, 0.059114, 0.089825, 0.077975
-0.003243, 0.006408, 0.057700, 0.083724, 0.018892, 0.115878
-0.000664, 0.007352, -0.062128, -0.057769, 0.028134, -0.070732
0.040697, -0.052368, 0.027789, 0.037035, -0.000162, 0.067355
0.018828, -0.000997, 0.047838, 0.037057, 0.124886, 0.054786
-0.027858, 0.069163, -0.035299, -0.051524, -0.005913, -0.074969
0.021439, 0.010947, -0.065057, -0.025895, 0.036524, 0.053838
-0.032044, -0.000000, -0.001147, -0.057263, 0.032813, -0.069214
-0.005387, -0.090836, 0.014409, 0.011443, 0.013923, -0.018831
0.012814, 0.016356, -0.117418, -0.017603, -0.061468, -0.103735
-0.056095, 0.070097, -0.016625, -0.049092, 0.042532, 0.003697
0.085954, -0.019890, 0.028876, 0.009777, 0.021504, -0.043512
-0.016124, 0.034946, 0.012389, 0.029659, 0.003612, 0.008204
-0.067268, 0.083854, 0.046157, 0.019297, -0.012709, 0.050625
-0.004122, -0.072591, 0.023493, -0.025006, 0.029081, -0.015265
-0.073773, -0.006593, 0.050747, -0.127989, -0.015827, -0.033400
-0.038973, -0.031929, -0.095195, 0.019924, -0.056424, -0.000315
-0.014460, -0.002034, 0.093711, -0.065186, -0.005497, 0.069777

==============================================================================

[84] id: Large_Cap_18
category    : Large Cap
scheme      : HDFC Large Cap Fund - Direct Plan - Growth
section     : Fund house
source_url  : https://groww.in/mutual-funds/hdfc-large-cap-fund-direct-growth
ingested_at : 2026-10-07T06:17:35+00:00  |  chunk_index: 18
chars       : 482  |  embedding: 384-dim
------------------------------------------------------------------------------
TEXT:
CustodianHDFC Bank: Registrar & Transfer AgentCams

Email[[email protected]](https://mail.google.com/mail/?view=cm&fs=1&tf=1&to=enq_h@camsonline.com&su=Hello&shva=1)

Websitewww.camsonline.com: Address7th Floor, Tower II, Rayala Towers, 158, Anna Salai,
HDFC Large Cap Fund Direct Growth

Vaishnavi Tech Park, South Tower, 3rd FloorSarjapur Main Road, Bellandur, Bengaluru – 560103Karnataka

GROWW: PRODUCTS

915 TerminalCredit

© 2016-2026 Groww. All rights reserved.Version: 8.0.5

EMBEDDING (384 floats, rounded to 6 dp):
0.033246, -0.033918, -0.079361, 0.004444, -0.014897, 0.031973
-0.039512, -0.010497, -0.043298, -0.054525, 0.004782, -0.104187
-0.024891, -0.054470, -0.046466, -0.018882, -0.018781, -0.015891
0.009858, -0.019711, -0.025484, -0.029113, -0.064706, -0.069820
0.050928, 0.017936, -0.057054, 0.023215, -0.024631, -0.100336
0.028889, 0.032976, -0.001503, 0.025769, 0.109786, 0.057788
-0.044653, 0.037168, 0.041307, -0.087432, 0.023880, -0.031034
0.025455, -0.030019, 0.058031, 0.004774, 0.003892, 0.014110
0.021757, -0.025265, -0.000835, -0.037896, 0.045669, 0.011864
-0.046206, 0.057839, 0.067382, -0.093046, 0.086072, -0.067078
0.053264, 0.078708, -0.023833, -0.045161, 0.015695, -0.056665
-0.029657, 0.043255, 0.029617, -0.107644, -0.009583, -0.024382
-0.046687, 0.032853, -0.044938, 0.086266, -0.017393, 0.031072
0.113908, -0.025109, -0.055959, -0.033842, 0.015720, 0.076104
-0.045814, 0.027120, 0.040975, -0.047538, 0.018445, -0.055892
0.065936, 0.073590, 0.038557, -0.006061, -0.041038, -0.073882
-0.081177, -0.057039, -0.084134, 0.024481, 0.014742, 0.065420
-0.011944, 0.022140, -0.012269, -0.014148, 0.028654, 0.081379
0.030554, -0.072094, -0.025216, 0.039721, -0.024329, -0.017120
0.037368, 0.053497, -0.090552, -0.059113, -0.005812, -0.032952
0.057224, 0.016334, -0.113174, -0.107110, -0.110079, -0.082959
0.064075, 0.000000, -0.022671, 0.105736, 0.054217, -0.037935
0.115056, -0.027925, -0.074874, 0.030371, -0.035357, 0.073849
-0.018400, -0.032163, -0.011586, -0.064624, -0.022472, -0.045792
0.051651, 0.032784, 0.007408, 0.087874, -0.012351, 0.017271
0.044466, -0.029093, 0.052584, -0.026292, -0.035120, 0.017393
0.083005, 0.047628, 0.051841, -0.029616, -0.017321, -0.001426
-0.037840, -0.033633, 0.011117, -0.120181, -0.040458, -0.011377
0.001669, 0.031497, 0.010489, -0.005076, 0.049303, 0.062580
0.096184, 0.028422, 0.060658, 0.034489, -0.100911, -0.013042
-0.132789, 0.000237, 0.048382, -0.052309, 0.056217, 0.015555
0.055599, -0.007947, -0.004434, -0.018486, -0.103655, 0.024716
-0.067458, -0.095172, 0.042359, 0.029357, 0.048411, -0.046167
-0.024245, 0.014869, 0.079077, 0.055118, -0.049641, -0.040543
-0.108038, 0.097980, 0.015716, 0.036765, -0.005091, 0.072965
0.018002, -0.059429, 0.124722, 0.008921, 0.042844, -0.001434
0.002335, 0.006372, -0.074990, 0.015551, 0.080895, 0.039170
-0.027391, -0.000000, 0.051339, -0.074028, -0.039546, -0.036858
0.003779, 0.090782, -0.022799, -0.051910, 0.046077, 0.024800
-0.017826, 0.083999, 0.012312, -0.053420, -0.008154, -0.037972
0.065310, -0.044036, -0.081452, -0.030169, 0.020749, 0.017900
-0.084670, 0.087011, -0.039514, 0.077174, -0.036290, 0.017509
-0.010866, 0.070348, -0.049110, -0.037145, -0.088510, 0.110968
-0.038777, -0.153186, 0.086465, 0.041710, 0.028179, 0.084144
0.055079, 0.025633, 0.014020, -0.004986, 0.008069, -0.078538
0.022746, -0.090630, 0.000946, 0.016813, 0.011564, -0.061595
-0.003616, 0.010291, -0.013825, 0.053315, 0.111685, 0.019478
0.011532, -0.035235, 0.061981, 0.012706, 0.031126, 0.138262
-0.001175, 0.028054, 0.053662, 0.050852, -0.005448, -0.114486
-0.036740, -0.006346, 0.037225, 0.003191, -0.064851, 0.016194
-0.013145, 0.016159, 0.030177, 0.027366, 0.044389, -0.013488
0.005495, -0.004857, 0.029786, -0.093036, 0.029910, -0.041133
0.065633, -0.053505, -0.086494, -0.068936, 0.028349, -0.026434
0.011743, -0.000000, -0.037945, -0.014208, -0.009418, -0.017610
0.053376, -0.105017, 0.046819, 0.031532, -0.003452, -0.012189
0.033449, -0.005101, 0.006480, -0.053200, 0.028486, -0.015600
0.031099, -0.013308, 0.002344, 0.010610, 0.017611, 0.014987
0.042802, -0.030265, -0.075095, -0.016360, 0.018647, 0.036533
0.021656, 0.041932, 0.026246, 0.009535, 0.044929, -0.033546
-0.026839, 0.091654, 0.071529, -0.054089, 0.013194, 0.012888
-0.002617, -0.079058, 0.003812, -0.014920, 0.006867, -0.000156
-0.020036, 0.008394, 0.050593, -0.087812, -0.044616, -0.018112
0.031355, 0.033056, -0.001917, 0.039111, -0.065492, -0.026800
-0.019322, 0.055508, 0.097830, -0.081765, 0.005510, 0.003506

==============================================================================

[85] id: Large_Cap_19
category    : Large Cap
scheme      : HDFC Large Cap Fund - Direct Plan - Growth
section     : Fund house
source_url  : https://groww.in/mutual-funds/hdfc-large-cap-fund-direct-growth
ingested_at : 2026-10-07T06:17:35+00:00  |  chunk_index: 19
chars       : 273  |  embedding: 384-dim
------------------------------------------------------------------------------
TEXT:
All rights reserved.Version: 8.0.5

Share Market: Indices

ETFs: Funds By Groww

Calculators: Miscellaneous

Others:: NSEBSEMCXTerms and ConditionsPolicies and ProceduresPrivacy PolicyDisclosureSMART ODRBug BountyGroww Pay - Terms of useGroww Pay - Privacy policyGroww IFSC

EMBEDDING (384 floats, rounded to 6 dp):
0.014900, 0.034039, -0.049562, 0.062366, 0.075239, -0.014139
0.059326, -0.055827, -0.013028, 0.033404, 0.025716, -0.077272
-0.047521, -0.022753, -0.079894, -0.046802, -0.067302, -0.028331
-0.038022, -0.001521, 0.016636, -0.005903, -0.025557, -0.063789
0.083739, -0.035465, 0.009746, 0.037755, -0.023465, -0.051961
0.011247, 0.009999, 0.028009, 0.017524, -0.004390, 0.002165
-0.047042, -0.068187, -0.049298, -0.014657, 0.036923, -0.086300
0.000466, 0.012507, -0.041435, 0.005849, -0.017975, 0.054690
0.016595, 0.042341, 0.021358, -0.022316, 0.022698, 0.050750
0.044244, -0.020663, -0.073956, -0.025960, 0.034824, -0.006675
0.010637, -0.005398, -0.033916, 0.078251, -0.048256, 0.010706
0.043894, 0.036591, -0.073643, -0.052539, 0.020982, 0.022031
-0.074682, 0.024218, 0.013821, 0.079794, 0.030762, -0.051400
0.088674, -0.087553, -0.068595, 0.021529, 0.053648, -0.009769
-0.032635, -0.010969, 0.024022, -0.017438, 0.098148, -0.031870
0.059696, 0.045148, -0.030744, -0.022709, -0.022526, -0.008401
-0.046669, -0.055509, -0.129975, 0.040090, 0.007954, -0.005236
-0.024182, 0.011707, -0.026634, -0.048224, 0.061575, 0.037968
0.006295, 0.041939, 0.001094, 0.029614, 0.041916, -0.050039
-0.006090, 0.020988, -0.129637, -0.032821, 0.084266, -0.051950
0.089210, 0.074642, -0.072293, -0.032779, -0.087845, -0.050875
-0.062594, 0.000000, -0.054828, -0.021155, -0.013248, -0.054709
0.035366, -0.031673, 0.034585, 0.009446, -0.083263, -0.022086
-0.013909, 0.078461, -0.008487, -0.006559, 0.031546, -0.015655
0.042823, 0.149084, 0.151820, 0.062155, 0.059209, -0.007005
0.032517, 0.016501, -0.011120, -0.008736, -0.002335, -0.101286
0.113335, 0.039785, 0.040909, -0.020252, 0.006500, -0.090075
0.043684, 0.002363, -0.018696, 0.006946, -0.012738, -0.015147
0.032008, 0.001688, -0.011019, -0.101976, -0.143779, 0.021446
0.034912, 0.023439, 0.101330, 0.063222, -0.035561, -0.016547
-0.022615, -0.052611, 0.025142, 0.039154, -0.048127, -0.006845
-0.023570, -0.047973, -0.040678, -0.006093, 0.000152, -0.055032
-0.099619, 0.005833, -0.043527, -0.023749, -0.035266, 0.058721
-0.029854, 0.039304, 0.086752, 0.049962, -0.038723, -0.040336
-0.014244, 0.074169, 0.071171, -0.022419, -0.042830, -0.004751
0.023117, 0.014880, 0.024660, -0.000099, -0.020286, 0.057684
0.036146, -0.020949, -0.005629, -0.088302, 0.006951, -0.067762
-0.084736, -0.000000, -0.041942, 0.024140, -0.034040, -0.027401
-0.005609, 0.055904, 0.028339, -0.024266, 0.072295, 0.020592
-0.024813, 0.090683, -0.008058, -0.085368, 0.032718, -0.078934
-0.004964, -0.025638, -0.061938, -0.017975, -0.097479, 0.025330
0.028026, 0.094301, 0.045352, -0.043225, -0.030595, 0.063381
-0.046207, 0.021055, -0.006784, -0.026252, -0.111277, 0.071067
-0.021989, -0.050249, 0.084648, -0.018114, -0.010654, 0.037904
0.048819, -0.013647, 0.008735, 0.056859, 0.026093, -0.015845
-0.008609, 0.004464, 0.073931, 0.002623, -0.025547, -0.042329
0.028642, 0.014458, -0.105315, 0.082684, 0.066576, 0.040567
-0.007653, -0.037984, 0.028409, -0.001466, -0.036158, 0.100388
-0.006048, -0.003913, -0.113766, -0.057106, -0.032291, -0.066717
0.100647, -0.065124, -0.000789, -0.041853, -0.000361, 0.060719
0.099923, -0.011013, -0.037135, 0.094548, 0.075872, 0.047041
0.046746, -0.003766, 0.004388, 0.017574, 0.060427, 0.039527
-0.028406, 0.022313, -0.115276, -0.046004, 0.008208, 0.066205
0.010595, -0.000000, -0.087566, -0.000432, -0.004081, 0.022526
0.059491, -0.007045, 0.059075, -0.024126, -0.012001, 0.022658
0.092973, 0.012465, -0.097834, -0.011402, 0.001419, -0.105993
-0.118307, 0.039478, -0.042901, -0.051188, -0.049511, 0.017787
-0.053819, -0.022028, 0.020565, 0.002513, 0.063271, 0.015648
0.030457, 0.078925, 0.010650, 0.045778, -0.026358, -0.025514
-0.011436, 0.066443, -0.039025, 0.100102, 0.032303, 0.078794
-0.015885, 0.022016, 0.042906, -0.028496, -0.069122, 0.055240
-0.104241, -0.009512, 0.091559, -0.117343, -0.012112, -0.059075
0.009286, 0.064338, -0.004664, -0.004821, -0.061386, -0.014102
0.004314, 0.031081, 0.095689, -0.125313, -0.013016, 0.056687

==============================================================================

[86] id: Small_Cap_0
category    : Small Cap
scheme      : HDFC Small Cap Fund - Direct Plan - Growth
section     : Key facts
source_url  : https://groww.in/mutual-funds/hdfc-small-cap-fund-direct-growth
ingested_at : 2026-10-07T06:17:38+00:00  |  chunk_index: 0
chars       : 109  |  embedding: 384-dim
------------------------------------------------------------------------------
TEXT:
NAV: 06 Oct '26: ₹156.12

Min. for SIP: ₹100

Fund size (AUM): ₹41,890.86 Cr

Expense ratio: 0.79%

Rating: 3

EMBEDDING (384 floats, rounded to 6 dp):
0.033991, 0.012531, -0.115225, 0.066550, 0.021908, -0.015778
0.068687, 0.064312, -0.005722, 0.014143, -0.007227, -0.106508
-0.088452, 0.042096, -0.014839, -0.070181, -0.041966, -0.121255
0.008141, 0.012298, 0.013188, 0.027781, 0.022308, 0.013169
0.046442, -0.024348, 0.052357, 0.023893, -0.032874, -0.065632
0.101344, 0.132643, 0.118145, -0.071243, -0.022452, -0.029256
-0.053607, 0.008291, 0.024257, -0.065730, -0.000387, -0.015343
0.037105, -0.038921, 0.024541, -0.014493, -0.034365, 0.113641
0.026914, 0.066551, 0.006049, 0.031461, -0.033537, -0.057685
-0.023366, 0.022156, -0.053443, -0.014261, 0.019184, -0.015222
0.007778, 0.054796, -0.068157, 0.033476, 0.037442, -0.020541
-0.045528, 0.031789, 0.014653, 0.047581, 0.034513, -0.109627
0.014535, -0.109791, -0.032491, 0.022386, 0.029701, 0.008959
-0.021522, 0.020086, -0.001386, -0.042995, 0.056210, 0.021659
0.050610, -0.010739, 0.074644, -0.049926, -0.052395, -0.070266
0.070754, 0.084453, -0.014194, 0.026895, -0.021015, 0.002826
0.003180, -0.073681, -0.005315, 0.057894, 0.046766, 0.105956
-0.032566, -0.000949, -0.008651, -0.014395, 0.081887, 0.073545
0.066108, 0.035355, -0.047325, 0.080059, -0.021663, -0.049940
-0.031273, 0.004121, -0.080306, -0.034736, 0.108871, 0.057085
-0.031425, 0.060946, -0.009073, -0.049779, -0.035013, -0.065670
0.017623, 0.000000, -0.082356, -0.007677, -0.072524, -0.060815
-0.009141, -0.007217, 0.055608, -0.047830, -0.023425, -0.057178
-0.036102, 0.006322, -0.013569, -0.018874, -0.011909, -0.050712
0.025723, 0.050869, -0.021358, -0.039698, -0.020731, 0.001952
0.029543, -0.026493, 0.115454, 0.015358, 0.012442, -0.040264
0.066607, 0.044020, 0.036512, 0.026091, -0.044798, -0.009978
-0.061246, 0.057840, -0.028652, -0.033702, -0.077820, -0.064862
-0.017975, 0.053319, 0.009360, -0.058759, -0.098572, 0.029398
0.034421, 0.060147, 0.016519, 0.038089, -0.117416, -0.044020
-0.071059, 0.040151, 0.013481, -0.052319, -0.038168, -0.025779
-0.000235, -0.054381, 0.018071, -0.057327, -0.108920, -0.062954
-0.056205, 0.032999, -0.022008, -0.074939, 0.037993, -0.033184
-0.036110, 0.008979, 0.105316, 0.080063, -0.034302, 0.012292
0.049599, 0.005378, -0.000136, 0.132885, -0.010595, 0.057971
0.061889, -0.038015, 0.086160, -0.017474, 0.046813, -0.012512
-0.014800, 0.012896, -0.001780, 0.004330, 0.044750, -0.021099
-0.025322, -0.000000, -0.011320, 0.009129, -0.017916, 0.092953
-0.002313, 0.013311, 0.042796, 0.098739, 0.031976, 0.002209
-0.022482, 0.064021, 0.062460, -0.015735, -0.012670, -0.027738
0.055577, -0.006881, 0.008037, -0.003871, -0.014906, 0.055649
0.057219, -0.008686, -0.035990, 0.022207, 0.029379, -0.041838
-0.092877, -0.054172, -0.008021, -0.009733, -0.086307, 0.098104
-0.055169, -0.034745, 0.029796, 0.037605, -0.007289, 0.078057
0.060792, 0.033578, -0.020635, -0.099836, 0.085829, -0.093424
0.049337, -0.014083, 0.027658, -0.090864, 0.038514, -0.037270
0.050476, 0.051826, 0.010690, 0.026951, 0.041537, -0.013122
0.024900, -0.067323, 0.067248, 0.100410, -0.002093, -0.002850
0.007666, -0.020689, -0.033636, -0.027338, 0.048579, -0.057240
-0.007824, -0.048080, 0.031780, 0.069672, 0.006111, 0.034097
-0.025236, -0.007066, 0.061676, 0.020906, 0.024928, 0.109579
0.011899, 0.029389, -0.012959, -0.000256, 0.077834, -0.095824
0.031059, 0.031654, -0.036265, -0.011114, 0.001842, 0.050648
0.051754, -0.000000, -0.012177, -0.049648, 0.007642, 0.017202
0.032162, -0.020301, -0.071424, -0.001468, -0.004662, 0.078596
0.081414, -0.023515, -0.114473, -0.013791, -0.113866, -0.048035
-0.025909, 0.083063, -0.031605, -0.105244, 0.050235, 0.046955
0.025165, 0.040659, 0.014336, -0.001755, -0.008883, 0.056229
-0.012952, -0.079912, -0.032552, 0.059531, 0.027844, -0.033738
-0.079600, -0.011213, 0.050129, 0.009786, -0.023567, 0.099778
0.015483, -0.176445, -0.010603, -0.053473, -0.050081, 0.017725
-0.057466, -0.032544, -0.043850, -0.130005, 0.051050, 0.020836
0.001851, 0.007438, -0.006883, -0.010568, -0.065734, 0.007180
-0.047913, -0.030135, 0.071066, -0.051324, -0.087276, 0.018876

==============================================================================

[87] id: Small_Cap_1
category    : Small Cap
scheme      : HDFC Small Cap Fund - Direct Plan - Growth
section     : Minimum investments
source_url  : https://groww.in/mutual-funds/hdfc-small-cap-fund-direct-growth
ingested_at : 2026-10-07T06:17:38+00:00  |  chunk_index: 1
chars       : 80  |  embedding: 384-dim
------------------------------------------------------------------------------
TEXT:
Min. for 1st investment: ₹100

Min. for 2nd investment: ₹100

Min. for SIP: ₹100

EMBEDDING (384 floats, rounded to 6 dp):
0.058324, 0.035396, -0.118130, 0.019376, -0.060140, 0.012901
0.048973, 0.124589, 0.053614, -0.025083, 0.016778, -0.079512
-0.039209, 0.036521, 0.014625, -0.075839, -0.000184, -0.092817
-0.017170, -0.004793, 0.087017, -0.030991, -0.023165, -0.048855
0.103739, -0.002839, 0.032055, 0.057194, 0.027520, 0.004080
0.065415, 0.076460, 0.100165, -0.046763, -0.016224, -0.025178
-0.002280, 0.011509, 0.056907, -0.085783, -0.048873, -0.058869
0.003244, -0.049126, 0.017132, -0.019669, -0.030475, 0.122386
0.020245, 0.052364, 0.000971, 0.032486, -0.062881, -0.011089
-0.037053, 0.003527, -0.031369, 0.001879, 0.034814, 0.049277
-0.037446, 0.017237, -0.035776, 0.081742, 0.030404, -0.036466
-0.037554, -0.019065, -0.007937, 0.042149, 0.016903, -0.072944
-0.061390, -0.095818, -0.061836, -0.019096, 0.082536, 0.061726
-0.037785, -0.040827, 0.010955, -0.036004, 0.000915, -0.011684
-0.002144, 0.004462, 0.012356, 0.042568, -0.040026, -0.069886
0.087882, 0.114298, -0.040788, 0.048903, -0.049449, 0.019186
-0.011772, -0.015669, -0.031498, 0.033957, 0.003050, -0.023579
-0.039101, 0.006039, 0.007704, -0.064978, 0.068406, -0.029797
0.027332, -0.000075, -0.057985, 0.070804, 0.031816, -0.044115
-0.059507, 0.074136, -0.057219, -0.033253, 0.130372, 0.042829
-0.019070, 0.062685, -0.017599, -0.061533, -0.088665, -0.057935
0.033738, 0.000000, -0.075644, -0.024083, -0.060352, -0.036902
-0.055436, 0.005746, 0.043117, -0.024517, -0.027662, -0.050623
-0.003876, -0.085137, -0.013396, -0.012658, 0.000998, -0.066661
0.037051, 0.080122, 0.020580, -0.023405, -0.025320, -0.077055
0.029954, 0.008746, 0.111425, -0.013364, 0.025318, -0.099184
0.070249, 0.045647, 0.087212, 0.016212, -0.104595, 0.002438
-0.059984, 0.070723, 0.061351, -0.018008, -0.053087, -0.023187
-0.060019, 0.060002, -0.031016, -0.083858, -0.034351, 0.058385
0.014831, 0.081661, -0.012774, 0.004901, -0.083638, -0.006684
-0.074687, 0.002929, 0.013150, -0.024624, -0.009688, -0.076547
-0.045274, -0.013455, -0.031848, -0.060043, -0.113474, -0.012926
-0.082532, 0.063445, -0.015192, -0.021287, 0.053127, 0.025528
-0.073349, -0.026686, 0.095864, 0.021407, 0.004468, 0.035442
0.076427, 0.038136, 0.006498, 0.117163, 0.000156, 0.074115
-0.009676, 0.010415, 0.047841, 0.036341, 0.032934, -0.015359
-0.037556, -0.001567, -0.087498, 0.008098, 0.029562, 0.041275
0.009392, -0.000000, -0.022366, 0.034442, 0.034347, 0.061962
0.011325, 0.028931, 0.086731, 0.090409, 0.070493, 0.075603
-0.046047, 0.020322, 0.017736, -0.064449, -0.058128, -0.031744
0.050257, -0.043505, 0.026371, 0.001159, 0.046789, 0.048797
0.006583, 0.017469, 0.009044, 0.042331, -0.009296, 0.003574
-0.093085, -0.060383, -0.023546, -0.041154, -0.095653, 0.046967
-0.060270, -0.007873, 0.005407, -0.010928, -0.002547, 0.122185
0.087364, 0.034457, 0.024532, -0.052352, 0.048346, -0.086908
0.057091, -0.060580, -0.035370, -0.107385, 0.023513, -0.013145
0.031806, 0.050096, 0.022075, 0.017801, 0.041786, -0.051876
0.040758, -0.038463, 0.040922, 0.067308, -0.003589, 0.089182
-0.039640, 0.000623, 0.015542, -0.025661, 0.061810, -0.119404
-0.017114, 0.011468, 0.061977, 0.003842, -0.062489, 0.035973
-0.044322, -0.024795, 0.048606, 0.032782, -0.043420, 0.123101
-0.028949, 0.006409, -0.002579, 0.000945, 0.027702, -0.080891
0.029805, -0.039466, -0.067078, 0.065951, 0.051998, 0.028992
0.021809, -0.000000, -0.024507, -0.062983, 0.029410, -0.003419
0.047257, -0.011503, -0.062825, 0.002287, 0.025956, 0.030837
0.088955, -0.027693, -0.033890, -0.003286, -0.116236, -0.047915
0.032198, -0.019311, -0.014041, -0.060213, 0.076855, 0.047320
0.057505, 0.031983, -0.032589, -0.024689, 0.045326, 0.037515
0.021400, -0.001961, -0.076371, 0.068700, 0.002443, -0.018824
-0.076349, -0.029300, 0.044245, 0.030684, -0.019604, 0.065075
0.019206, -0.181664, -0.027427, -0.044851, 0.001483, -0.014598
-0.036483, 0.019006, 0.034047, -0.093345, 0.046593, 0.009532
0.019424, -0.011529, -0.021380, 0.007601, -0.073010, 0.025125
-0.069560, -0.026692, 0.034058, -0.033099, -0.082918, 0.002757

==============================================================================

[88] id: Small_Cap_2
category    : Small Cap
scheme      : HDFC Small Cap Fund - Direct Plan - Growth
section     : Annualised returns
source_url  : https://groww.in/mutual-funds/hdfc-small-cap-fund-direct-growth
ingested_at : 2026-10-07T06:17:38+00:00  |  chunk_index: 2
chars       : 67  |  embedding: 384-dim
------------------------------------------------------------------------------
TEXT:
Average of the yearly returns of a mutual fund over a given period.

EMBEDDING (384 floats, rounded to 6 dp):
0.073831, -0.053884, -0.045890, 0.085548, 0.014444, -0.019194
0.001279, 0.057618, 0.010150, 0.019774, -0.052869, 0.001217
-0.035032, -0.043621, -0.065760, -0.019517, -0.107793, -0.049778
0.090995, 0.010173, 0.081284, -0.022932, 0.100689, -0.045771
0.068301, -0.030427, -0.012736, -0.012968, -0.066506, 0.052606
-0.001905, 0.012934, 0.064460, -0.054513, -0.027838, 0.018508
-0.032655, 0.035916, -0.015232, -0.002201, -0.064238, 0.053985
0.089596, -0.049026, -0.007049, 0.024252, -0.009632, 0.070798
0.045780, 0.067162, -0.018908, 0.075729, -0.046569, 0.010221
0.045196, 0.045390, -0.094979, 0.005443, -0.013030, 0.030689
-0.038205, 0.028528, 0.029277, 0.047474, 0.039903, -0.017765
-0.048920, 0.036544, 0.016444, -0.013583, -0.010935, -0.034939
-0.124535, -0.122025, -0.009573, 0.038251, -0.048846, 0.016045
0.008041, 0.007143, 0.011339, 0.042941, 0.062828, -0.037157
0.074717, -0.004727, 0.146851, 0.021560, 0.058963, 0.066492
-0.049654, -0.005671, -0.025510, -0.024730, -0.011788, 0.038727
0.008945, -0.110163, 0.026254, 0.057084, 0.031476, -0.087854
0.003233, -0.033219, -0.045368, -0.049238, 0.083619, -0.038322
-0.009558, 0.019054, -0.067013, 0.060833, 0.001485, 0.023702
0.003994, -0.017830, -0.072960, -0.005154, 0.098183, 0.069402
0.111306, 0.058474, 0.017428, 0.031315, -0.076650, 0.000074
0.036493, -0.000000, -0.042596, 0.015302, 0.030581, -0.005723
-0.090361, -0.017761, 0.044704, -0.050844, 0.008364, -0.048515
0.005532, 0.019936, -0.011790, 0.000104, 0.008264, -0.086459
0.033246, 0.092479, 0.086886, -0.057892, 0.029055, 0.010962
0.024771, -0.018644, 0.071329, -0.086553, -0.027921, 0.022371
0.012336, 0.012365, 0.136038, 0.035711, -0.040301, -0.101573
-0.054573, -0.020495, 0.043937, 0.091814, -0.012864, 0.012009
-0.030129, 0.029892, 0.018932, -0.010520, -0.083724, -0.002757
0.066868, 0.039621, -0.032797, 0.002116, -0.093032, -0.062756
0.009847, 0.025306, 0.036968, 0.052479, -0.058669, 0.016760
-0.084035, -0.012843, 0.045082, 0.033266, -0.000596, -0.015488
-0.069371, 0.082771, 0.009375, 0.047242, -0.003263, 0.094862
0.010524, 0.002447, -0.062084, -0.039308, 0.004309, -0.023045
-0.005995, 0.009858, -0.003584, 0.072290, -0.002363, -0.028988
-0.031100, 0.005742, 0.033399, 0.049547, 0.046974, 0.041446
0.054911, -0.066151, 0.028685, -0.103541, 0.019329, 0.013016
-0.056750, 0.000000, -0.011310, 0.027844, 0.160401, 0.077541
-0.035121, -0.036105, -0.027201, 0.084773, 0.028148, 0.097254
-0.001346, -0.021332, 0.026405, 0.016836, 0.009747, -0.033748
0.027789, -0.037794, 0.013172, -0.016014, -0.037419, -0.040272
0.049586, -0.068023, -0.023943, -0.006589, -0.054787, -0.014123
-0.104826, -0.082142, 0.000828, -0.057009, -0.020378, 0.043186
-0.032475, -0.031591, 0.032430, -0.068592, -0.003238, 0.004149
0.033337, -0.001841, 0.083871, -0.042815, 0.093884, -0.039134
-0.067425, 0.040762, 0.063846, -0.048146, -0.085926, -0.069121
-0.011171, -0.102016, -0.135273, 0.025737, 0.038071, 0.026529
-0.063914, -0.008786, 0.016598, -0.045542, -0.034657, 0.065943
-0.066468, 0.003503, -0.066585, -0.086463, -0.010630, -0.039347
0.096865, 0.017534, 0.054006, 0.027111, 0.044304, 0.037741
0.028326, -0.037156, 0.013478, 0.053496, -0.026325, 0.038611
-0.038409, -0.049573, -0.042796, -0.033172, 0.042531, -0.068466
-0.059280, 0.009624, -0.000364, -0.029174, 0.026983, 0.023334
0.005870, -0.000000, 0.039766, -0.029704, 0.048712, -0.070114
0.018192, 0.021775, 0.039195, -0.109589, -0.003741, -0.096230
0.036456, -0.028850, -0.060310, 0.007068, -0.054742, -0.032355
-0.080945, 0.050436, -0.002319, -0.094871, 0.037144, 0.009086
0.061998, 0.028858, 0.026860, 0.043591, -0.030073, -0.047871
-0.037187, -0.004568, 0.060231, 0.003002, 0.065579, 0.021307
-0.098478, 0.033971, 0.013935, 0.010847, 0.048879, 0.012164
0.042540, 0.037234, 0.134517, -0.019250, 0.029481, -0.043374
0.033186, 0.028461, 0.033567, -0.140276, 0.118887, 0.009294
-0.037365, 0.033802, 0.008808, 0.019356, -0.018217, 0.015945
-0.098637, -0.054318, -0.011451, -0.073123, -0.041029, 0.037140

==============================================================================

[89] id: Small_Cap_3
category    : Small Cap
scheme      : HDFC Small Cap Fund - Direct Plan - Growth
section     : Absolute returns
source_url  : https://groww.in/mutual-funds/hdfc-small-cap-fund-direct-growth
ingested_at : 2026-10-07T06:17:38+00:00  |  chunk_index: 3
chars       : 54  |  embedding: 384-dim
------------------------------------------------------------------------------
TEXT:
The total return of a mutual fund over a given period.

EMBEDDING (384 floats, rounded to 6 dp):
0.037983, 0.002179, -0.069593, 0.052208, 0.044884, -0.004699
0.024150, 0.041674, 0.040183, 0.043676, -0.006793, -0.001289
-0.044309, -0.019723, -0.085915, -0.039201, -0.091901, 0.002698
0.082825, 0.019074, 0.106168, -0.046521, 0.047961, -0.032146
0.090129, -0.001337, -0.001558, -0.004842, -0.057332, -0.007376
0.025751, 0.023817, -0.006352, -0.047741, -0.040693, 0.048390
-0.026811, 0.014803, -0.006620, 0.037500, -0.078128, 0.022638
0.052940, -0.026032, 0.013147, 0.018586, -0.012928, 0.059083
0.033516, 0.081282, 0.052475, 0.054881, -0.074365, 0.030813
0.059709, 0.048276, -0.063270, -0.009712, -0.046203, 0.019145
-0.010677, -0.024666, -0.016753, 0.042499, 0.050589, -0.013134
-0.102257, 0.005616, 0.010442, -0.001751, 0.023258, -0.054141
-0.041581, -0.108126, -0.030956, 0.040293, 0.014163, 0.018327
0.027289, -0.011718, 0.026324, 0.076460, 0.066791, -0.043371
0.088452, 0.013869, 0.100216, 0.024072, 0.090669, 0.037518
-0.028848, 0.019391, -0.046960, -0.019967, -0.061181, -0.029244
-0.010823, -0.081604, 0.045778, 0.057016, 0.029173, -0.082326
-0.034588, -0.070537, -0.035042, -0.068032, 0.033554, 0.022347
0.005104, -0.001792, -0.062568, 0.046133, 0.040114, 0.014862
0.007589, 0.013343, -0.071365, 0.004928, 0.136732, -0.013102
0.108399, 0.067061, 0.001243, 0.007051, -0.112056, -0.018732
0.032565, -0.000000, -0.081921, -0.009026, 0.045760, -0.025828
-0.071827, -0.020689, 0.044586, -0.027383, 0.000570, -0.072020
0.002566, 0.009761, -0.025314, -0.035562, -0.024356, -0.073206
0.030385, 0.138473, 0.113970, -0.042477, 0.008753, 0.027472
0.040550, -0.001086, 0.094724, -0.087297, -0.060898, 0.002981
-0.025039, 0.036131, 0.095638, 0.024210, -0.071816, -0.094174
0.003150, 0.001492, 0.029988, 0.052454, -0.016110, 0.031842
-0.035033, 0.012803, -0.009310, -0.041324, -0.127725, -0.024819
0.094522, 0.045071, -0.025741, 0.058226, -0.074433, -0.091996
0.007893, -0.017726, -0.005871, 0.020286, -0.062656, 0.019850
-0.090461, 0.010032, 0.080318, 0.020433, -0.029572, 0.000309
-0.074055, 0.072511, 0.035318, 0.035323, 0.012600, 0.089108
-0.053219, 0.004765, 0.028928, -0.019242, 0.013351, -0.078467
0.018475, 0.007179, 0.010499, 0.065883, -0.024166, -0.021167
-0.052510, 0.015739, 0.058144, 0.089441, 0.032020, 0.020395
0.046300, -0.079150, -0.004634, -0.110274, 0.056746, 0.029049
-0.032948, 0.000000, 0.012109, 0.039960, 0.112701, 0.034153
-0.040104, -0.037443, 0.004601, 0.091852, -0.006961, 0.128001
0.054899, -0.038745, 0.021073, 0.016386, -0.012485, -0.043689
0.005411, -0.044998, 0.013432, -0.008475, 0.012143, -0.030262
0.052555, -0.065119, -0.006458, 0.030253, -0.035711, -0.012612
-0.076398, -0.029208, 0.053483, -0.058599, -0.057244, 0.018371
-0.014697, -0.030540, 0.031513, -0.071568, 0.025624, 0.039270
0.070320, -0.029324, 0.125503, -0.025926, 0.093529, -0.056269
-0.011287, 0.046678, 0.075378, -0.066099, -0.082339, -0.063300
0.008777, -0.043545, -0.134387, -0.007408, 0.038550, -0.000410
-0.020746, -0.019260, -0.007756, -0.047423, -0.026461, 0.091510
-0.058948, -0.008370, -0.053518, -0.090945, 0.030120, -0.033507
0.087170, 0.059407, 0.055582, 0.050660, 0.012256, 0.058817
0.023587, -0.066685, 0.010693, 0.068911, -0.060636, 0.024778
-0.028426, -0.010076, -0.029177, -0.045881, 0.017566, -0.039263
-0.008340, -0.030041, 0.011086, -0.022775, 0.061387, 0.073442
0.002041, -0.000000, -0.000686, -0.067832, 0.046491, -0.090907
0.058512, 0.001128, 0.056377, -0.125255, 0.019297, -0.067191
0.048530, 0.001403, -0.032045, -0.004486, -0.095242, 0.003369
-0.053234, 0.033264, 0.006588, -0.058605, 0.048024, -0.022004
0.059576, 0.037812, 0.002358, 0.007816, -0.024905, 0.018268
-0.007048, -0.024035, 0.047946, 0.037973, -0.004177, 0.017882
-0.114999, 0.024714, 0.034744, 0.062587, 0.039313, 0.067939
-0.001054, -0.009817, 0.112980, 0.026056, 0.006799, -0.019398
-0.020460, -0.019003, -0.047028, -0.158588, 0.071378, -0.001150
-0.041071, 0.013247, -0.034455, 0.013692, -0.026520, -0.004222
-0.123283, -0.036609, -0.034719, -0.041239, 0.013317, 0.005495

==============================================================================

[90] id: Small_Cap_4
category    : Small Cap
scheme      : HDFC Small Cap Fund - Direct Plan - Growth
section     : Expense ratio
source_url  : https://groww.in/mutual-funds/hdfc-small-cap-fund-direct-growth
ingested_at : 2026-10-07T06:17:38+00:00  |  chunk_index: 4
chars       : 203  |  embedding: 384-dim
------------------------------------------------------------------------------
TEXT:
A fee payable to a mutual fund house for managing your mutual fund investments. It is the total percentage of a company's fund assets used for administrative, management, advertising, and other expenses.

EMBEDDING (384 floats, rounded to 6 dp):
0.078798, -0.061586, -0.070337, 0.032638, 0.121845, 0.015240
0.108334, 0.021425, 0.049949, 0.038191, -0.047763, -0.038062
-0.002083, 0.044184, -0.078058, -0.082985, -0.011436, -0.014541
0.009620, 0.024470, 0.005205, -0.008266, 0.065634, 0.058631
0.068917, -0.033115, 0.017681, -0.003693, -0.086221, -0.003679
-0.015823, -0.012359, -0.014173, -0.043024, -0.007812, 0.114959
-0.043294, 0.025016, -0.007203, 0.018650, -0.003350, 0.044093
0.055444, -0.018245, -0.030683, 0.082599, -0.029854, 0.028359
-0.001829, 0.078561, 0.014555, 0.037996, -0.020236, -0.007557
-0.015071, 0.029254, -0.001762, -0.018211, -0.015443, -0.038524
-0.040866, -0.068769, 0.043794, 0.026975, 0.013683, -0.042972
-0.044859, 0.064615, -0.020273, -0.071194, 0.058192, -0.013890
-0.026276, -0.061348, -0.015144, 0.033363, 0.022577, 0.080852
0.040859, -0.009961, -0.047796, 0.014770, 0.132494, 0.006855
-0.007075, 0.004073, 0.067675, -0.042525, 0.072961, 0.026637
0.010574, 0.017798, -0.058614, -0.054567, 0.008397, 0.065015
-0.054049, -0.050018, -0.059699, 0.017506, 0.016538, -0.085248
-0.026203, -0.003444, -0.005717, -0.037425, 0.055934, 0.004300
0.073929, 0.040957, -0.040986, 0.071679, 0.047145, -0.004642
0.025823, 0.076119, -0.066782, -0.027965, 0.167564, -0.002313
0.051648, 0.006046, -0.012664, -0.109638, -0.043007, -0.023041
-0.054153, -0.000000, -0.004483, 0.059310, -0.026578, 0.016258
-0.116566, 0.002192, 0.013165, 0.024445, -0.081662, -0.078610
0.022917, 0.070310, 0.017887, 0.001514, -0.043945, -0.094475
0.014983, 0.127335, 0.108107, -0.029297, 0.009884, 0.113666
-0.020669, -0.015702, -0.000837, -0.055134, -0.001212, 0.018025
0.055814, 0.019349, 0.029390, 0.043273, -0.014111, -0.054747
-0.062089, 0.004989, -0.067335, 0.011311, -0.030782, 0.036116
0.002258, -0.014003, -0.000846, -0.097831, -0.142741, -0.003795
0.080675, 0.036371, -0.038128, -0.002478, -0.061951, -0.064686
-0.007177, 0.023181, 0.031689, -0.006242, -0.010873, -0.060086
-0.053027, -0.031445, 0.014080, -0.033388, -0.036802, 0.041009
-0.027524, 0.010565, 0.011626, 0.032265, 0.042731, 0.034797
-0.048931, -0.027078, 0.045378, 0.054421, -0.019657, -0.038710
0.006731, 0.031342, 0.050768, 0.129367, -0.043735, -0.056211
-0.003778, 0.049632, 0.039366, 0.003044, 0.030440, 0.058572
-0.064848, -0.048837, 0.081518, -0.041903, -0.014584, 0.038702
-0.041431, 0.000000, -0.024455, 0.012718, 0.079150, 0.045592
-0.010165, -0.016833, -0.036986, 0.002649, 0.046631, 0.012659
-0.092435, -0.044607, -0.041863, -0.045379, -0.068410, -0.117856
-0.069392, -0.030077, 0.015279, -0.004064, 0.024875, -0.028977
0.056297, -0.012172, -0.044185, 0.025289, -0.061495, 0.030833
-0.043981, 0.069082, 0.021939, -0.046670, -0.076145, 0.015810
-0.071261, -0.023945, 0.012279, -0.019950, -0.009335, 0.022650
-0.004897, 0.020090, 0.084456, -0.015790, 0.091778, 0.003002
-0.070156, -0.084041, 0.051075, -0.043208, -0.148250, -0.059278
0.001534, -0.047995, -0.123212, 0.003169, 0.003736, 0.137829
0.047438, 0.017792, 0.054277, 0.025494, 0.009128, 0.096416
-0.100586, 0.072728, -0.065338, -0.085452, -0.024294, 0.068684
0.016228, 0.034036, 0.037091, 0.077511, 0.001896, 0.062659
0.083810, -0.044193, 0.034149, 0.014921, 0.074283, -0.006356
-0.024938, -0.021620, 0.013780, -0.060649, 0.013046, -0.035211
-0.046277, -0.060685, 0.008197, -0.080271, 0.065688, 0.103723
-0.046720, -0.000000, -0.007112, -0.050041, 0.020072, -0.079432
-0.055047, -0.034390, 0.024321, -0.027068, 0.065764, 0.032833
0.064491, 0.004207, -0.095529, -0.002992, -0.052501, -0.032312
-0.058067, 0.074990, -0.002048, 0.029156, 0.047389, 0.017834
-0.047465, 0.026239, 0.060918, -0.030815, 0.064947, 0.031324
-0.007145, -0.023326, -0.002133, 0.032508, 0.042681, 0.059279
-0.074459, 0.087729, -0.065621, 0.021941, 0.035040, 0.104008
0.022585, -0.025039, 0.023114, -0.039512, 0.012971, 0.004061
-0.065961, -0.010231, -0.030178, -0.095928, 0.062872, 0.076544
-0.024988, 0.039154, -0.084755, 0.018344, 0.010748, 0.004300
-0.070594, -0.029610, -0.027209, -0.052003, 0.018249, -0.019761

==============================================================================

[91] id: Small_Cap_5
category    : Small Cap
scheme      : HDFC Small Cap Fund - Direct Plan - Growth
section     : Tax
source_url  : https://groww.in/mutual-funds/hdfc-small-cap-fund-direct-growth
ingested_at : 2026-10-07T06:17:38+00:00  |  chunk_index: 5
chars       : 252  |  embedding: 384-dim
------------------------------------------------------------------------------
TEXT:
A percentage of your capital gains payable to the government upon exiting your mutual fund investments. Taxation is categorized as long-term capital gains (LTCG) and short-term capital gains (STCG) depending on your holding period and the type of fund.

EMBEDDING (384 floats, rounded to 6 dp):
0.042902, -0.088269, -0.022038, 0.014382, 0.112398, 0.072874
0.073796, 0.046410, 0.024837, 0.020267, 0.003600, 0.009986
-0.059097, -0.030407, -0.020498, -0.064357, -0.053782, 0.031038
0.041733, -0.019265, 0.035263, 0.009572, -0.011416, 0.005090
0.149107, -0.065567, -0.036505, -0.004288, 0.041097, -0.003106
-0.011829, 0.020100, -0.065155, -0.020317, -0.047055, 0.059815
-0.009699, -0.083398, 0.038903, -0.061099, 0.023981, -0.008025
0.058213, -0.001834, -0.038246, 0.016817, 0.024530, 0.019717
-0.060633, 0.018361, 0.070984, 0.029374, -0.066926, 0.099309
-0.039246, 0.002073, -0.019052, 0.031051, 0.008218, -0.010029
-0.057290, -0.044977, 0.050802, -0.010035, 0.000416, -0.020087
-0.021829, 0.024763, 0.042436, -0.023370, -0.006200, -0.035742
-0.054709, -0.097691, -0.106762, 0.047759, 0.006909, 0.064740
0.026315, -0.056622, 0.007043, 0.087465, 0.088647, -0.051134
-0.004416, -0.016895, 0.069955, 0.042448, 0.069995, 0.053008
0.061399, 0.035414, -0.034908, 0.005167, -0.059626, -0.038428
-0.020001, -0.070377, -0.045573, 0.024273, 0.042801, -0.017656
-0.017170, 0.001388, 0.033382, -0.044628, -0.022491, -0.009912
0.024564, -0.084364, -0.080777, 0.146623, -0.008685, 0.020858
-0.045802, 0.096014, -0.053700, -0.022121, 0.063981, -0.049371
0.004676, -0.003069, -0.046730, -0.018829, -0.056190, -0.030462
-0.010067, -0.000000, -0.086308, 0.011247, 0.032540, -0.000426
-0.069124, 0.006751, 0.076894, -0.049250, -0.009889, -0.073778
0.003967, 0.035441, -0.007289, 0.047274, 0.062609, -0.126933
-0.049204, 0.079048, 0.114975, -0.044196, 0.052300, 0.076976
0.030046, 0.015167, 0.094016, 0.019989, -0.066364, 0.000930
-0.050664, 0.024698, 0.054655, 0.091321, 0.003101, -0.040507
-0.039591, -0.011018, -0.051041, -0.031317, 0.042524, 0.010549
-0.007652, -0.049581, 0.037516, -0.056060, -0.152174, -0.023536
0.045884, 0.056790, -0.056113, -0.007594, 0.035888, -0.088477
-0.091110, -0.036611, 0.021168, 0.019381, -0.070180, -0.030023
-0.045761, -0.015262, 0.018280, -0.027842, -0.037419, 0.004766
-0.080775, 0.063422, -0.061886, 0.004424, 0.050684, 0.039517
-0.014145, -0.013822, 0.001813, 0.051986, 0.102397, -0.038827
-0.080523, 0.051549, 0.038429, 0.083367, -0.006222, 0.004256
-0.059443, -0.068370, 0.072383, 0.019153, 0.026539, -0.020761
0.001827, -0.043007, 0.025062, -0.038826, 0.036564, 0.030566
-0.080453, -0.000000, -0.004094, 0.002405, 0.011875, 0.020223
-0.029143, -0.011320, 0.010204, 0.016744, -0.046417, 0.070008
0.010180, -0.036489, -0.097035, -0.007010, -0.076841, -0.139324
0.018098, -0.016063, -0.008278, -0.006085, 0.058570, -0.043029
0.023200, 0.086945, -0.024020, -0.020032, -0.085323, 0.032797
-0.045090, 0.034488, 0.048633, 0.053246, -0.040586, 0.009640
0.005777, -0.054932, 0.054079, -0.024701, 0.039575, 0.058207
0.014097, 0.014730, 0.133351, 0.054387, 0.061031, -0.033939
-0.004267, 0.047228, 0.019706, 0.002944, -0.018195, -0.026650
0.007308, -0.035066, -0.062196, 0.045118, -0.003996, -0.028214
-0.068098, 0.016045, 0.048427, 0.057942, -0.032234, 0.060486
-0.000891, -0.078391, -0.029099, -0.074181, 0.078874, -0.041378
0.059223, -0.001089, -0.020447, -0.023096, 0.005245, -0.000705
0.065810, 0.017128, 0.072852, -0.022279, 0.031203, -0.016181
0.028646, -0.001076, -0.008306, -0.010566, -0.004209, -0.034502
0.077256, -0.047181, -0.022221, -0.014984, 0.087086, 0.049616
0.047272, -0.000000, -0.025301, -0.002974, -0.003150, -0.017422
-0.047344, 0.033489, -0.017999, -0.046238, 0.011841, -0.017523
0.028825, 0.027562, -0.079360, -0.053219, -0.155176, -0.032996
-0.027655, 0.051104, 0.040434, 0.005388, 0.054404, -0.013506
-0.007866, 0.085994, 0.029558, -0.030296, 0.103007, 0.080583
0.001700, 0.042006, 0.059481, 0.017847, -0.011450, 0.093842
0.000877, 0.073312, 0.051541, 0.020638, 0.046540, 0.165223
0.002222, 0.053866, 0.072858, -0.025522, -0.120632, 0.009560
-0.028086, -0.018962, 0.012534, -0.075602, 0.105472, -0.041371
-0.103318, -0.030749, -0.051870, -0.029800, -0.019603, 0.047200
-0.107707, -0.085703, -0.039795, -0.058549, 0.029091, 0.006410

==============================================================================

[92] id: Small_Cap_6
category    : Small Cap
scheme      : HDFC Small Cap Fund - Direct Plan - Growth
section     : Exit load
source_url  : https://groww.in/mutual-funds/hdfc-small-cap-fund-direct-growth
ingested_at : 2026-10-07T06:17:38+00:00  |  chunk_index: 6
chars       : 149  |  embedding: 384-dim
------------------------------------------------------------------------------
TEXT:
A fee payable to a mutual fund house for exiting a fund (fully or partially) before the completion of a specified period from the date of investment.

EMBEDDING (384 floats, rounded to 6 dp):
0.052803, -0.007138, -0.040792, 0.046013, 0.104875, 0.036901
0.059843, -0.007241, 0.005164, 0.049381, -0.015521, -0.000176
-0.033192, 0.030129, -0.093092, -0.097774, -0.030436, -0.022626
0.049056, 0.052378, 0.032581, 0.016657, 0.012014, 0.060660
0.102230, -0.049554, 0.042550, -0.021612, -0.022316, -0.002548
0.017371, 0.007045, -0.033675, -0.067110, 0.047934, 0.090009
-0.033885, 0.035777, 0.003681, 0.015389, 0.020128, -0.001820
0.061054, 0.025660, -0.019356, 0.088598, -0.023835, 0.009759
-0.028104, 0.080436, 0.025480, 0.037534, -0.033819, 0.010317
0.002052, 0.059788, 0.006211, -0.036483, -0.033523, 0.002738
-0.006629, -0.047089, -0.031379, -0.011242, 0.006998, -0.003997
-0.049709, 0.029311, 0.043756, 0.010930, 0.031055, -0.034115
-0.082086, -0.062556, -0.012688, 0.047081, 0.030685, 0.048678
0.023084, -0.048460, -0.036691, 0.020814, 0.113079, -0.034437
-0.000040, 0.002165, 0.033410, 0.012876, 0.120492, -0.005748
0.031030, 0.020662, -0.034305, -0.042192, -0.001799, -0.022592
-0.030885, -0.104017, -0.009658, 0.055548, 0.048122, -0.068163
-0.096494, -0.006077, 0.033901, -0.055289, 0.031785, 0.005684
0.033652, 0.008188, -0.069861, 0.021529, 0.098431, -0.021544
0.029272, 0.131737, -0.059416, -0.004700, 0.209032, -0.047771
0.071409, 0.050824, -0.039489, -0.120854, -0.047755, -0.027437
0.019886, -0.000000, -0.016071, -0.024486, -0.047525, -0.011986
-0.086494, -0.029179, -0.006029, 0.006285, -0.043961, -0.078290
0.063091, -0.048049, -0.032141, -0.067407, -0.027147, -0.120695
0.020524, 0.128649, 0.147499, -0.026789, 0.083674, 0.032374
0.006555, -0.001473, 0.024123, -0.053740, -0.010493, -0.015102
0.087322, 0.039791, 0.020863, 0.045616, -0.050439, -0.029406
-0.055809, 0.004690, -0.074059, -0.020947, 0.012123, -0.022423
0.001952, 0.008409, -0.041846, -0.047658, -0.094072, -0.065352
0.131063, 0.014527, -0.061622, 0.000668, -0.054210, -0.076216
-0.038618, -0.036846, -0.030591, -0.010413, -0.021059, -0.027583
-0.049179, -0.045292, 0.067410, -0.006406, -0.059801, 0.030301
-0.106561, -0.006959, -0.014852, 0.000349, -0.006722, 0.020518
-0.037707, -0.009511, 0.055581, -0.038260, -0.002826, -0.031160
-0.007773, 0.001752, 0.104741, 0.079993, 0.011629, -0.058993
-0.027961, 0.045618, 0.104081, 0.001330, 0.050398, 0.009405
-0.064643, -0.111047, -0.000892, -0.036483, -0.000373, 0.014556
0.001418, 0.000000, 0.023295, -0.041176, 0.053346, 0.074416
-0.003256, -0.012571, -0.032008, 0.028722, 0.032181, 0.037155
-0.044364, -0.044097, 0.049823, -0.025186, -0.073829, -0.123636
-0.002113, -0.061848, 0.045406, 0.042037, 0.056054, -0.041343
-0.019845, -0.050269, 0.000396, 0.026460, -0.044719, 0.066909
-0.120084, 0.071590, -0.009468, -0.021086, -0.047155, 0.019292
-0.069003, 0.020197, 0.021299, 0.021157, -0.061934, 0.092478
0.052185, -0.000497, 0.116051, -0.012298, 0.088245, -0.018823
-0.054528, -0.042495, 0.044990, -0.004589, -0.133141, -0.036293
0.036821, -0.034876, -0.099525, 0.008035, 0.074246, 0.104374
0.006588, 0.062999, 0.048688, 0.020394, 0.064841, 0.057896
-0.027912, 0.023034, -0.059325, -0.057061, 0.007088, 0.011499
0.046723, 0.064314, -0.018269, 0.057159, 0.021421, 0.061307
0.082754, -0.056191, 0.014744, -0.026121, 0.005855, 0.014961
-0.021299, 0.032517, 0.032883, -0.090308, -0.043924, -0.054362
0.011044, -0.039168, 0.019828, -0.056478, 0.127086, 0.038111
-0.064500, -0.000000, 0.003556, -0.011287, 0.041784, -0.054630
0.024740, -0.072995, 0.068370, -0.001550, 0.058924, -0.003175
0.071604, 0.050566, -0.004817, 0.012399, -0.109384, -0.053488
0.015445, 0.028268, -0.021110, 0.005389, 0.046738, -0.008632
-0.030874, -0.019756, 0.019283, -0.046233, 0.049224, 0.025708
0.034427, -0.033522, -0.022697, 0.062495, 0.062403, 0.040115
-0.075955, 0.080891, -0.054946, 0.027109, -0.047467, 0.067303
0.019448, 0.009631, -0.010866, -0.051644, 0.041458, -0.010013
-0.049028, -0.041864, -0.022332, -0.068583, 0.066319, 0.018862
-0.014823, 0.038802, -0.047026, -0.007685, -0.008871, 0.021166
-0.091510, -0.028177, -0.011409, -0.044423, 0.019294, 0.010150

==============================================================================

[93] id: Small_Cap_7
category    : Small Cap
scheme      : HDFC Small Cap Fund - Direct Plan - Growth
section     : Stamp duty
source_url  : https://groww.in/mutual-funds/hdfc-small-cap-fund-direct-growth
ingested_at : 2026-10-07T06:17:38+00:00  |  chunk_index: 7
chars       : 71  |  embedding: 384-dim
------------------------------------------------------------------------------
TEXT:
A form of tax payable for the purchase or sale of an asset or security.

EMBEDDING (384 floats, rounded to 6 dp):
-0.049208, 0.047441, -0.069193, -0.055288, -0.036805, 0.083522
0.142021, 0.002716, -0.012919, 0.012594, 0.086963, 0.025872
0.003698, -0.000248, -0.031874, -0.040897, 0.006225, 0.038600
0.030651, 0.087477, 0.066796, 0.033032, -0.036630, 0.007053
0.041480, -0.066381, -0.029460, -0.011686, 0.023656, -0.000264
0.043610, -0.030712, -0.050073, 0.033722, -0.000594, -0.014444
0.012046, -0.067872, -0.028192, -0.009344, 0.014002, -0.050385
-0.086404, 0.004498, -0.048751, 0.049378, 0.086711, -0.005664
-0.003902, 0.048394, 0.051135, 0.075290, -0.050603, 0.094426
-0.050070, -0.097329, -0.017109, -0.008384, 0.007106, -0.079518
-0.012319, -0.046010, 0.002343, 0.003396, 0.035328, -0.011314
-0.040953, -0.059287, -0.089151, -0.071730, 0.046780, -0.081627
-0.033031, 0.011333, -0.056921, -0.120907, 0.056116, 0.013859
-0.031231, -0.035200, -0.024518, 0.105580, -0.013434, -0.067167
0.029957, 0.009323, 0.018665, -0.011698, 0.146750, 0.032375
-0.035613, -0.024411, 0.034035, -0.064212, -0.000411, -0.018897
0.091165, -0.022345, 0.057049, 0.032303, 0.063688, 0.017086
0.001820, -0.006982, -0.051842, -0.014144, 0.007114, 0.003109
-0.015540, -0.015762, -0.099575, -0.022199, -0.068980, 0.007087
0.023529, 0.101983, -0.092302, -0.022693, 0.075199, -0.127451
0.069358, 0.018467, -0.006711, -0.093245, -0.054491, -0.031556
0.008149, -0.000000, -0.022035, 0.036453, -0.058805, -0.011050
0.008344, 0.024334, 0.041427, 0.007527, -0.053099, 0.045065
-0.031696, -0.015446, -0.001001, 0.059351, 0.089852, 0.067495
-0.106963, 0.104621, 0.189021, -0.026526, 0.072784, 0.014883
0.092760, -0.012759, -0.010404, -0.038483, -0.041387, -0.047401
0.010571, 0.020497, 0.071022, 0.032351, 0.042160, -0.017129
-0.012259, 0.046049, -0.033021, -0.022134, 0.067696, -0.047424
0.009142, -0.085307, 0.055174, -0.008822, -0.067316, 0.053921
-0.021698, 0.056772, -0.037398, 0.045060, -0.003121, -0.053440
0.006165, -0.094113, -0.027429, -0.056114, -0.001234, -0.000911
-0.097140, -0.041083, 0.017096, -0.011061, 0.004088, 0.009361
-0.150648, -0.058090, -0.004001, -0.035944, 0.091026, -0.068892
-0.072791, 0.034357, 0.069885, -0.001991, 0.040772, -0.027668
-0.035261, 0.041262, 0.081234, 0.071858, -0.100289, -0.066196
-0.038058, 0.038174, -0.040961, 0.077744, 0.019261, -0.038167
-0.046496, -0.092421, -0.017828, -0.014446, -0.033347, 0.016095
0.069096, 0.000000, -0.005560, -0.088743, -0.055661, 0.062746
-0.041115, -0.002515, -0.016782, -0.041651, -0.059479, 0.027183
-0.115379, -0.038874, 0.043379, -0.017117, -0.000736, -0.064659
-0.038986, -0.004611, 0.060762, -0.006744, 0.000209, 0.074719
0.068034, 0.046823, -0.037065, 0.015289, -0.083492, -0.007232
0.022962, 0.056730, 0.017699, 0.004569, -0.017303, -0.033683
-0.040720, -0.012200, 0.104672, -0.017398, 0.037057, -0.007368
0.007153, 0.013499, 0.123243, 0.075528, 0.057384, -0.024296
-0.015904, -0.001687, 0.051718, -0.021180, -0.003550, 0.041027
-0.014123, 0.008980, -0.079737, 0.121406, -0.043725, 0.039732
0.034134, 0.069162, 0.069193, 0.027631, 0.019087, 0.081433
0.007961, -0.015645, 0.001433, -0.083581, 0.046035, -0.005549
0.020682, -0.112115, -0.015170, -0.055881, -0.005181, 0.004492
0.037635, 0.004025, -0.000456, -0.031985, -0.030931, -0.021177
0.000499, 0.056213, 0.021064, -0.132063, -0.041567, -0.064054
0.054650, -0.059202, -0.065833, -0.034185, 0.000877, 0.046739
-0.065530, -0.000000, 0.006222, 0.010956, 0.003141, 0.034082
-0.023291, -0.032726, 0.012416, 0.002333, -0.003750, 0.007281
0.061682, -0.038989, -0.032394, 0.007980, -0.043799, 0.029172
-0.003272, 0.065446, -0.058911, 0.035061, 0.046037, -0.054025
-0.018986, 0.018511, -0.022410, -0.034165, 0.072136, 0.047158
0.077583, 0.044919, -0.012662, 0.082416, 0.068911, 0.050610
-0.027588, 0.081180, -0.009850, 0.039876, -0.003072, 0.023843
-0.031643, 0.000625, -0.002042, 0.015371, -0.009042, 0.039741
-0.122605, -0.052462, 0.007660, -0.024608, 0.079900, 0.009420
0.027541, 0.011926, -0.092146, 0.012655, 0.005126, -0.020299
0.061260, -0.010466, 0.027479, -0.022753, 0.064440, -0.002237

==============================================================================

[94] id: Small_Cap_8
category    : Small Cap
scheme      : HDFC Small Cap Fund - Direct Plan - Growth
section     : Exit Load
source_url  : https://groww.in/mutual-funds/hdfc-small-cap-fund-direct-growth
ingested_at : 2026-10-07T06:17:38+00:00  |  chunk_index: 8
chars       : 396  |  embedding: 384-dim
------------------------------------------------------------------------------
TEXT:
08 May 2015

Exit load of 1% if redeemed within 1 year: 18 Dec 2014

Exit load of 2% if redeemed within 12 months, 1% if redeemed after 12 months but within 24 months and 0.50% if redeemed after 24 months but within 36 months

01 Jul 2014

Exit load of 2% if redeemed within 12 months and 1% if redeemed after 12 months but before 18 months

01 Jan 2013

Exit load of 1% if redeemed within 1 year

EMBEDDING (384 floats, rounded to 6 dp):
0.013411, 0.033065, -0.026871, -0.005593, -0.020650, 0.024240
-0.002013, 0.076016, 0.034086, 0.024837, 0.056119, -0.020799
-0.043694, 0.001715, 0.004864, 0.098797, -0.041208, -0.049127
-0.021555, -0.040696, 0.041772, -0.074092, -0.102628, -0.023454
0.039690, 0.029760, -0.021102, -0.017949, 0.024569, 0.027530
0.020243, 0.008554, 0.007781, -0.067821, 0.032392, -0.036429
-0.101660, -0.053692, 0.029543, -0.036858, -0.083790, 0.012300
-0.061753, 0.074105, 0.046335, -0.000197, -0.079317, 0.070517
-0.054481, 0.143379, 0.043956, 0.027383, 0.013131, 0.089322
-0.050943, -0.019308, 0.031833, 0.012223, -0.013015, 0.018175
0.022702, -0.012395, -0.079329, -0.029858, 0.011490, -0.010371
-0.001523, -0.045933, 0.001449, -0.000263, -0.074233, -0.083283
-0.051632, -0.062512, 0.006097, 0.027608, 0.067021, 0.019285
0.010596, -0.081730, -0.018522, 0.035730, 0.027294, -0.050564
0.030703, -0.035819, -0.009590, 0.046585, 0.067779, 0.000038
0.048881, 0.170076, 0.019197, 0.043894, 0.019218, -0.015958
-0.084521, -0.012218, 0.044572, 0.035393, -0.008210, -0.004605
-0.035203, -0.033625, 0.001238, -0.060713, -0.024886, -0.010038
0.028543, -0.003170, -0.017025, -0.006860, 0.110521, -0.050914
0.056235, 0.043574, -0.037940, 0.063994, 0.027233, 0.004076
0.084850, 0.066661, -0.006910, -0.052163, -0.055482, -0.013266
0.063204, 0.000000, -0.005366, -0.133724, -0.092874, -0.015649
-0.043107, -0.054393, 0.077564, 0.060070, -0.008374, -0.004220
-0.012064, -0.029606, -0.044998, -0.061657, 0.016976, -0.013254
0.034816, -0.040091, 0.090344, 0.011448, 0.020730, -0.152795
0.019192, 0.009437, 0.052190, 0.043590, 0.005910, -0.033969
-0.024674, -0.010243, 0.101754, -0.037688, -0.040457, -0.114137
0.047458, 0.046785, 0.065257, 0.020530, 0.041065, -0.034678
-0.011048, 0.052702, 0.044695, -0.002220, -0.036744, -0.139450
0.064847, -0.038981, 0.032386, 0.104773, -0.050959, -0.040756
-0.046827, 0.017106, -0.050096, 0.022473, -0.105078, -0.046058
0.018182, -0.033518, 0.038719, -0.038264, 0.029388, -0.083910
-0.117664, -0.026758, 0.025311, -0.045422, -0.148643, 0.054896
0.003178, -0.018886, 0.053029, -0.087430, 0.022412, -0.056980
0.087355, 0.054770, 0.054999, 0.056270, 0.028776, 0.010858
-0.011107, -0.006044, -0.001453, 0.020080, 0.119441, -0.089089
-0.075691, 0.009851, -0.024786, -0.091356, 0.006017, 0.045394
0.081706, -0.000000, -0.043572, 0.075897, -0.058556, 0.004882
0.014168, 0.009092, 0.007831, 0.141177, 0.000626, 0.073459
0.033701, 0.035497, 0.023821, 0.058038, 0.005762, 0.010445
-0.022908, 0.024082, -0.006494, 0.007834, -0.002252, 0.011978
-0.029358, 0.040418, -0.008421, -0.015361, -0.056810, -0.027480
-0.088185, -0.053011, 0.028857, -0.062831, -0.025257, 0.068352
-0.037018, -0.042893, 0.027676, -0.007132, 0.012807, 0.066849
0.068534, -0.033514, -0.018128, 0.011839, -0.015216, 0.027710
0.071013, 0.037805, 0.074336, -0.039337, 0.045524, 0.004613
0.020981, 0.054649, -0.018175, 0.078520, 0.052822, -0.014989
-0.018968, -0.026362, -0.007356, -0.019712, 0.087857, -0.077270
0.003681, -0.056478, 0.015450, 0.038876, 0.046655, 0.026178
0.044843, 0.024813, 0.016487, -0.051897, -0.042440, 0.017902
-0.006561, -0.059323, -0.007198, -0.048270, -0.041370, 0.037005
-0.062523, 0.069923, -0.061687, -0.058037, 0.035411, -0.071133
-0.057557, 0.027036, 0.009730, 0.016424, 0.025517, -0.017110
0.000960, -0.000000, 0.023989, -0.013008, 0.070601, -0.041088
0.083185, 0.053398, 0.042185, 0.034121, -0.046187, 0.005812
0.127984, 0.035589, -0.112072, -0.091640, -0.129068, 0.067478
-0.039012, 0.026032, 0.023904, -0.057115, -0.022923, 0.003854
0.039631, -0.037156, -0.074279, -0.015724, 0.047070, 0.104947
0.001668, -0.026593, 0.032013, 0.056198, 0.058479, -0.078182
-0.080799, 0.039679, -0.035122, 0.003394, -0.021797, 0.033891
0.018368, 0.002508, 0.028547, 0.004853, -0.041832, -0.038908
-0.053045, -0.000051, 0.042583, -0.097425, -0.012712, -0.087435
-0.040152, 0.051462, 0.041839, -0.065336, -0.019039, 0.017948
-0.063914, 0.016190, -0.006235, -0.016716, -0.069314, -0.036618

==============================================================================

[95] id: Small_Cap_9
category    : Small Cap
scheme      : HDFC Small Cap Fund - Direct Plan - Growth
section     : Exit load
source_url  : https://groww.in/mutual-funds/hdfc-small-cap-fund-direct-growth
ingested_at : 2026-10-07T06:17:38+00:00  |  chunk_index: 9
chars       : 41  |  embedding: 384-dim
------------------------------------------------------------------------------
TEXT:
Exit load of 1% if redeemed within 1 year

EMBEDDING (384 floats, rounded to 6 dp):
-0.034824, 0.049772, -0.001151, -0.002537, -0.016034, -0.019888
0.018659, 0.028649, 0.008786, 0.033646, 0.039772, -0.035691
-0.012797, -0.021805, 0.000791, 0.065409, -0.068024, -0.004062
-0.027047, -0.042346, -0.003719, -0.078022, -0.095209, 0.027652
0.019558, 0.002230, -0.009726, -0.006010, -0.005474, 0.004067
0.052783, -0.004876, 0.022839, -0.076896, 0.051144, 0.029361
-0.126860, -0.038793, -0.010192, -0.003968, -0.047840, 0.026943
-0.014944, 0.027644, -0.002848, -0.008528, -0.053015, 0.118457
-0.013789, 0.132119, 0.089036, 0.030219, 0.014186, 0.062647
-0.053075, -0.019128, 0.076886, 0.007267, -0.069771, -0.022617
-0.001821, 0.021852, -0.029377, -0.053407, -0.019623, 0.019181
0.039642, -0.022510, -0.032770, 0.019765, -0.016145, -0.123674
-0.056018, -0.043822, 0.003025, 0.006434, 0.056180, 0.038286
-0.002030, -0.025306, 0.024391, 0.016814, 0.016733, -0.082429
0.003048, 0.006331, 0.021917, 0.032254, 0.089035, -0.014898
0.002336, 0.148877, 0.075305, 0.000972, 0.017222, 0.017251
-0.100236, -0.023550, 0.011167, 0.045787, -0.033084, 0.028752
0.010390, -0.071996, 0.034839, -0.083206, -0.027035, 0.024225
0.034866, -0.015948, 0.005809, -0.022584, 0.143866, -0.008995
0.043316, 0.016432, -0.023789, 0.079528, 0.005126, -0.011751
0.129669, 0.068363, -0.035638, -0.005686, -0.021091, -0.042603
0.097568, 0.000000, -0.043799, -0.107348, -0.048853, -0.025608
-0.071494, -0.043774, 0.039879, 0.084088, -0.030168, -0.013319
0.002544, -0.038472, -0.041023, -0.035508, -0.009294, 0.006990
0.020976, -0.007645, 0.101688, -0.041179, -0.002795, -0.130616
0.017520, -0.000592, 0.049802, 0.014157, -0.024522, -0.046978
-0.027835, -0.036068, 0.107585, 0.015850, -0.016880, -0.116100
-0.005892, 0.026780, 0.103760, 0.045287, 0.075112, -0.007259
-0.074415, 0.036375, 0.029173, 0.038476, -0.037544, -0.167406
0.073465, -0.021950, -0.049865, 0.085776, 0.010099, -0.062259
-0.037353, 0.012523, -0.078420, -0.009327, -0.056695, -0.005013
0.024127, -0.051805, 0.051162, -0.077602, -0.020204, -0.016406
-0.122629, -0.008235, 0.044133, -0.004876, -0.132834, 0.068093
0.017142, -0.058782, 0.043523, -0.101301, 0.010448, -0.008545
0.101039, 0.065410, 0.072470, 0.014916, 0.037734, -0.037285
-0.020491, 0.001137, 0.050798, 0.033332, 0.120643, -0.102405
-0.070282, -0.007905, 0.012438, -0.072359, 0.008060, 0.026626
0.097191, -0.000000, -0.032712, 0.026748, -0.026153, 0.003240
-0.002299, 0.003578, -0.027965, 0.073829, -0.036486, 0.071086
0.020047, 0.031554, 0.015204, 0.093224, -0.024681, 0.009448
0.023556, 0.024707, -0.055419, 0.032092, 0.004696, -0.002199
-0.059730, 0.044623, -0.036600, 0.017919, -0.099466, 0.001522
-0.048506, -0.029250, -0.067775, -0.065608, -0.003374, 0.014539
0.008283, -0.023879, 0.005087, -0.005153, -0.002836, 0.116183
0.061220, -0.018693, -0.065537, -0.010114, 0.038132, -0.036907
0.043181, 0.028555, 0.073569, -0.025457, 0.010232, -0.000181
0.051832, 0.077113, -0.037891, 0.067564, 0.061831, -0.016869
-0.049347, -0.004153, -0.041309, -0.012025, 0.091431, -0.015589
0.004020, -0.080606, 0.029912, 0.042709, 0.045931, -0.009152
0.086995, 0.079751, 0.059139, -0.058918, -0.023543, 0.005996
-0.034340, -0.075447, 0.003755, 0.001062, -0.032428, 0.042714
-0.038278, 0.061425, -0.032886, -0.023100, 0.025942, -0.074026
-0.021532, 0.043606, 0.009091, 0.003268, 0.025413, -0.024823
-0.009848, -0.000000, 0.035075, 0.055814, 0.108940, -0.008846
0.098248, 0.026332, 0.024646, 0.002521, -0.064969, -0.009446
0.089570, 0.023311, -0.039302, -0.047037, -0.133963, 0.048493
-0.037068, 0.024468, 0.015782, -0.015246, -0.027625, 0.052051
-0.020107, -0.047782, -0.061538, -0.044302, 0.090148, 0.094535
0.030176, -0.072560, -0.004559, 0.002857, 0.059033, -0.053956
-0.069454, 0.011396, 0.007911, 0.005820, -0.024678, -0.005462
0.027729, 0.066011, 0.010172, -0.010031, -0.072422, -0.023256
-0.060781, -0.004127, 0.032298, -0.075281, 0.043008, -0.029078
-0.049654, 0.093962, 0.026595, -0.064036, -0.034919, 0.064155
-0.080649, 0.037846, -0.003623, -0.020764, -0.058268, -0.030776

==============================================================================

[96] id: Small_Cap_10
category    : Small Cap
scheme      : HDFC Small Cap Fund - Direct Plan - Growth
section     : Stamp duty on investment: 0.005% (from July 1st, 2020)
source_url  : https://groww.in/mutual-funds/hdfc-small-cap-fund-direct-growth
ingested_at : 2026-10-07T06:17:38+00:00  |  chunk_index: 10
chars       : 18  |  embedding: 384-dim
------------------------------------------------------------------------------
TEXT:
from July 1st 2020

EMBEDDING (384 floats, rounded to 6 dp):
-0.005528, -0.004964, 0.020407, 0.012797, 0.036582, 0.018029
-0.024132, -0.045879, -0.058652, 0.062237, 0.029509, -0.001876
0.039458, 0.031301, 0.019227, 0.025915, 0.029155, -0.064853
0.041752, -0.040702, -0.029552, 0.023912, -0.047139, 0.010897
-0.005044, 0.030909, -0.003052, -0.021220, 0.039694, 0.016806
0.084966, -0.045665, -0.075278, 0.019486, 0.036823, -0.022707
-0.010017, -0.031961, -0.009881, 0.014985, -0.085837, -0.153053
-0.023646, 0.053961, 0.093181, 0.027024, -0.015122, 0.064952
-0.015687, 0.098590, -0.020512, -0.010330, 0.027294, -0.047701
0.010622, 0.048837, -0.007204, -0.031001, 0.041152, 0.013695
0.012180, -0.089632, -0.092812, -0.034549, -0.011575, -0.045192
0.037035, 0.025025, 0.041286, -0.063475, -0.024249, -0.004598
0.044293, -0.020794, 0.023124, 0.055101, 0.044484, 0.087545
0.085190, -0.076454, -0.024914, -0.080408, 0.063067, -0.049364
-0.035120, 0.048471, -0.050686, 0.032176, 0.031252, 0.017937
-0.021224, 0.062312, 0.005312, 0.069167, -0.130827, -0.017575
-0.015774, -0.023576, 0.093939, 0.146736, -0.020859, 0.075139
-0.032411, -0.044780, -0.035906, -0.002149, 0.062076, -0.074591
0.002944, -0.067133, -0.041359, -0.016319, 0.079644, 0.003114
-0.011955, 0.025277, 0.000276, 0.031137, 0.071093, -0.053211
0.071697, 0.037656, -0.021857, 0.011757, -0.058914, -0.015073
-0.031471, -0.000000, 0.002084, -0.009338, 0.009111, 0.086410
-0.047935, -0.032563, 0.087292, -0.072377, -0.002948, -0.035939
0.011965, -0.052459, -0.046526, -0.071680, 0.020236, -0.058852
-0.051802, -0.043993, -0.009861, 0.073274, -0.004039, -0.079600
-0.020603, -0.025747, -0.014296, -0.025149, -0.018739, -0.062194
-0.006122, 0.058382, 0.001090, -0.016142, -0.070685, -0.008283
-0.013972, 0.011680, -0.048385, -0.058484, -0.040824, -0.001396
0.083153, 0.030167, 0.035061, -0.027967, 0.027134, 0.013551
0.047815, 0.074327, 0.060952, -0.009929, -0.022204, 0.023254
-0.074867, -0.046735, 0.023945, 0.013362, -0.071629, -0.058798
0.077757, -0.036105, 0.015846, 0.065026, -0.061834, 0.012601
-0.106995, 0.006446, 0.055397, -0.030031, -0.035016, -0.007250
0.055524, 0.011959, -0.014370, -0.134821, -0.020314, -0.021353
0.119826, -0.080592, 0.038476, 0.053880, -0.028698, 0.098003
0.074597, 0.017148, 0.063048, -0.065245, 0.028190, 0.043391
0.041678, -0.089367, -0.074626, -0.082691, 0.048434, 0.060396
-0.043439, -0.000000, 0.014108, 0.107207, 0.052504, -0.009936
0.016013, -0.046024, 0.065627, 0.193857, 0.021569, 0.019052
0.035688, 0.010997, 0.081358, 0.064505, 0.000244, -0.024739
0.026101, -0.029409, -0.096948, -0.014056, -0.085152, 0.019320
-0.074742, 0.012239, -0.071278, 0.017321, 0.126294, -0.044484
-0.070826, -0.046304, -0.039966, -0.065893, -0.017325, 0.016588
0.040324, 0.035756, 0.082680, -0.035650, 0.027616, 0.029612
0.032779, 0.007047, -0.039537, 0.064123, 0.005390, 0.005171
0.032594, 0.011171, 0.052051, 0.000433, -0.043293, 0.043910
-0.049219, 0.034040, 0.002919, -0.002611, 0.011901, 0.018918
0.026135, -0.027826, -0.043333, 0.010260, -0.022728, -0.020328
0.022332, -0.050755, -0.047591, 0.069472, 0.046390, 0.062243
0.043159, -0.017016, -0.157317, -0.009101, -0.063427, -0.022333
0.014545, -0.010710, -0.000529, -0.056507, -0.052863, 0.064517
-0.040508, 0.036712, 0.071396, -0.007925, -0.009990, -0.079938
-0.028787, -0.050142, -0.065786, -0.042245, -0.017048, 0.048631
0.015301, -0.000000, 0.052224, 0.044551, -0.045483, 0.095200
0.086823, 0.048034, -0.020627, -0.045389, 0.053345, 0.031835
0.075444, 0.001098, 0.023931, 0.000915, 0.034274, 0.137698
-0.033775, 0.024088, 0.002418, -0.055969, 0.013470, 0.028930
0.083159, 0.021509, -0.018701, -0.027944, -0.065601, 0.062704
-0.024556, -0.046799, 0.013632, 0.013303, -0.023708, -0.096261
-0.050086, 0.015305, -0.096374, 0.044887, 0.048090, -0.038715
0.032367, 0.019866, 0.037841, 0.076351, 0.004458, -0.092688
-0.046156, -0.036947, -0.020173, -0.085031, -0.098562, -0.011884
0.041290, -0.022072, 0.086564, 0.047409, -0.041503, -0.039248
-0.020825, 0.025289, 0.098251, -0.048234, 0.008890, 0.035399

==============================================================================

[97] id: Small_Cap_11
category    : Small Cap
scheme      : HDFC Small Cap Fund - Direct Plan - Growth
section     : Tax implication
source_url  : https://groww.in/mutual-funds/hdfc-small-cap-fund-direct-growth
ingested_at : 2026-10-07T06:17:38+00:00  |  chunk_index: 11
chars       : 174  |  embedding: 384-dim
------------------------------------------------------------------------------
TEXT:
If you redeem within one year, returns are taxed at 20%. If you redeem after one year, returns exceeding Rs 1.25 lakh in a financial year are taxed at 12.5%.

Check past data

EMBEDDING (384 floats, rounded to 6 dp):
-0.013113, -0.037038, -0.042176, -0.021699, 0.000801, 0.034358
0.077987, 0.050187, 0.007713, 0.018998, 0.079016, 0.012598
-0.065295, -0.014643, 0.005963, 0.014451, -0.047694, -0.013140
-0.028823, -0.031359, 0.133993, -0.037194, -0.077347, -0.037466
0.100319, -0.074828, 0.002324, -0.012916, -0.032882, -0.016930
0.083141, 0.002027, -0.048639, -0.046966, -0.011587, 0.009091
0.014093, -0.064164, 0.013091, -0.037579, -0.074550, 0.034277
-0.049244, -0.046095, 0.060854, -0.042179, 0.017080, 0.058845
-0.016868, 0.106356, 0.029973, 0.120448, -0.020928, 0.054235
-0.038305, -0.093072, -0.030026, 0.098236, -0.001273, -0.113165
-0.037923, -0.034197, -0.008082, -0.024761, -0.037463, 0.007658
-0.016216, -0.077719, -0.032085, -0.036096, -0.044966, -0.079607
0.000720, -0.065477, -0.044630, -0.054217, -0.005822, 0.087366
-0.055829, -0.056838, 0.063081, 0.058092, -0.009397, -0.083742
0.013447, 0.003817, 0.018291, 0.052637, 0.037069, 0.038906
0.099699, 0.051238, 0.030601, 0.039606, -0.032467, -0.032604
-0.005574, 0.000468, 0.077146, 0.030034, -0.030091, 0.071809
-0.066267, -0.027249, 0.002674, -0.020131, 0.019718, 0.041570
0.021937, -0.052136, 0.003560, 0.061405, -0.005297, 0.028435
-0.022919, 0.066881, -0.064632, -0.019778, -0.023881, -0.038424
0.066042, 0.011591, 0.001968, -0.045002, -0.042644, -0.110508
0.047231, 0.000000, -0.026806, 0.038106, -0.033618, -0.117408
-0.040333, -0.004304, 0.071255, 0.052480, -0.025621, 0.001521
-0.032859, -0.015573, 0.039639, -0.031421, 0.020393, 0.040796
-0.041026, -0.007348, 0.078709, 0.038408, 0.028555, -0.053967
0.049512, -0.007721, -0.027336, 0.073357, -0.041467, -0.031375
-0.043225, 0.006360, 0.061356, 0.038973, 0.075098, -0.080859
-0.030570, 0.084911, 0.116410, -0.003104, 0.014019, 0.006071
0.017995, 0.049152, 0.048980, 0.004469, -0.084088, -0.067857
0.021950, 0.011542, 0.004974, 0.073814, -0.035269, 0.000627
-0.015087, -0.032780, -0.042393, -0.012877, -0.015121, -0.003144
0.008752, 0.015463, 0.034484, -0.102027, 0.008753, -0.017867
-0.080409, -0.031880, 0.106370, -0.023541, -0.010241, -0.011494
-0.021857, -0.038917, 0.027233, -0.026458, 0.035586, 0.032991
0.050504, 0.011941, 0.080188, 0.057684, -0.042607, -0.046517
-0.132837, -0.050928, 0.018373, 0.071923, 0.036257, -0.045452
0.002539, 0.017224, 0.076421, -0.044042, 0.027058, -0.061849
0.070850, -0.000000, 0.020758, 0.042477, -0.039748, 0.020913
-0.066064, 0.052009, 0.039655, 0.115740, -0.098613, 0.128879
0.002820, 0.015691, 0.053601, 0.048288, 0.030233, 0.015604
-0.013570, 0.068109, 0.010991, -0.050827, 0.023586, 0.080966
0.074546, 0.073095, -0.010962, 0.064251, -0.059416, 0.031181
0.008025, -0.019184, 0.075485, -0.007895, -0.051299, -0.045593
0.028994, -0.028053, 0.038033, -0.060023, 0.053934, 0.047898
-0.014007, 0.014052, -0.018685, -0.049187, 0.073598, -0.079100
-0.029935, 0.084721, 0.086852, -0.085502, 0.121463, 0.013366
-0.000591, -0.050396, -0.024095, 0.080600, -0.021285, -0.012731
-0.062263, -0.037881, -0.016842, -0.030185, -0.006663, 0.094552
-0.005368, -0.091618, 0.108271, -0.026848, 0.121504, -0.052444
0.007432, -0.089819, 0.025760, -0.028294, -0.014017, 0.046565
-0.050834, 0.032890, 0.090489, 0.010449, -0.003679, 0.014742
0.044537, 0.015258, 0.021747, -0.135526, 0.029663, -0.051438
0.006309, 0.001552, -0.013389, -0.014919, 0.028201, -0.006584
0.057442, -0.000000, 0.014611, -0.007696, 0.026764, 0.058103
-0.021791, 0.059400, -0.019008, -0.008634, -0.096868, -0.052190
0.052748, -0.043233, -0.090960, -0.049939, -0.064278, 0.016902
-0.035044, 0.027045, -0.005284, 0.001490, 0.078734, 0.025645
0.026084, -0.035186, -0.047578, -0.023750, 0.060730, 0.079618
0.015530, -0.043721, 0.003247, -0.004360, 0.012141, 0.000163
-0.043743, -0.059943, 0.039324, 0.020620, 0.007853, 0.012112
0.021526, -0.115443, 0.003418, -0.030628, -0.132474, -0.003857
-0.094913, -0.040273, -0.015778, -0.111173, 0.034615, 0.009855
-0.083470, -0.040385, -0.058420, 0.015726, -0.088924, 0.063321
-0.000664, -0.044228, 0.042864, -0.010637, -0.073453, -0.019798

==============================================================================

[98] id: Small_Cap_12
category    : Small Cap
scheme      : HDFC Small Cap Fund - Direct Plan - Growth
section     : DM Dhruv Muchhal Jun 2023 - Present View details
source_url  : https://groww.in/mutual-funds/hdfc-small-cap-fund-direct-growth
ingested_at : 2026-10-07T06:17:38+00:00  |  chunk_index: 12
chars       : 250  |  embedding: 384-dim
------------------------------------------------------------------------------
TEXT:
Education: Mr. Dhruv has done B.Com, CA and CFA

Experience: Prior to joining HDFC MF,he has worked with Motilal Oswal Financial Services Ltd., Goldman Sachs, CRISIL Global Research & Analytics and Deloitte Haskins & Sells

Also manages these schemes

EMBEDDING (384 floats, rounded to 6 dp):
0.010498, -0.081862, -0.084567, 0.018841, 0.012251, 0.005959
-0.023829, -0.040051, -0.017299, -0.018819, -0.022153, -0.022120
-0.040402, 0.039019, -0.004279, 0.027751, -0.012746, 0.003688
0.048736, -0.075334, -0.093033, -0.017494, 0.024280, -0.031283
-0.009157, -0.027049, -0.028747, 0.043082, -0.041491, -0.052233
0.046244, 0.066014, 0.007893, 0.017218, 0.046516, 0.086551
-0.018233, 0.046202, -0.056152, -0.084752, -0.019246, -0.051809
0.016656, 0.014254, 0.053424, -0.027332, -0.008034, 0.025012
0.025760, -0.009837, -0.096942, -0.046054, 0.008528, -0.023508
0.003650, 0.074504, 0.006557, 0.005536, 0.022222, -0.022347
-0.078726, 0.006430, -0.003189, 0.043921, 0.040330, 0.005921
-0.069790, 0.004631, -0.041129, -0.062703, -0.000288, -0.141710
-0.057318, -0.016847, 0.038994, 0.040998, -0.002860, -0.011917
0.048217, -0.089848, 0.065960, 0.054824, -0.004976, 0.055980
-0.040395, -0.086433, 0.000128, -0.036231, -0.007868, -0.063391
0.142581, 0.007732, -0.019514, 0.010273, -0.077322, -0.073111
0.019193, 0.080779, -0.029307, 0.012986, -0.003326, -0.041205
-0.062746, -0.009477, -0.090268, 0.017911, 0.050277, 0.127418
0.031282, 0.023032, 0.010776, 0.134570, -0.068872, -0.047659
0.077196, -0.035830, -0.037811, 0.026978, 0.014809, -0.063399
-0.062271, 0.060255, -0.029640, -0.113051, -0.063492, -0.047129
-0.096818, 0.000000, 0.009864, 0.064833, 0.036214, 0.001323
-0.005836, -0.001140, 0.073661, 0.006003, -0.032291, 0.037905
-0.001643, 0.114626, -0.003283, 0.009238, -0.061709, -0.084468
0.000886, -0.007710, 0.009058, 0.034297, 0.051241, 0.052136
0.021263, -0.010465, 0.098186, -0.039122, 0.094116, 0.047211
0.080982, 0.052600, -0.038071, -0.018280, -0.106553, -0.033439
-0.012105, 0.032295, -0.090361, -0.085162, -0.057031, -0.080559
-0.056467, 0.066219, -0.014754, -0.051342, -0.079444, 0.055749
0.022099, 0.081245, 0.037859, 0.022855, -0.032191, -0.060026
-0.002821, -0.000703, 0.026320, 0.080841, 0.021289, -0.050444
0.016467, 0.047071, -0.024612, 0.001502, -0.147162, -0.025685
-0.035457, -0.015043, 0.033691, -0.060863, 0.048187, -0.037787
0.024491, 0.083655, 0.040520, 0.011272, -0.054371, -0.070056
-0.044005, 0.148224, 0.026666, -0.000522, 0.043958, 0.078574
0.135130, -0.018340, 0.050617, 0.056978, 0.005985, -0.009971
-0.053616, 0.022311, -0.054239, -0.088540, 0.119300, 0.098307
0.003307, -0.000000, -0.057772, -0.051207, 0.013903, -0.011283
-0.007586, 0.041297, 0.034933, 0.008013, 0.026875, 0.000827
0.058449, 0.059903, 0.035709, -0.050487, -0.048827, -0.043467
0.017882, -0.017596, -0.034787, -0.037529, 0.068723, 0.013717
0.027878, 0.014058, 0.014127, -0.003171, 0.045210, 0.008163
-0.052374, 0.054371, 0.040870, 0.006098, -0.102425, 0.034288
-0.035618, -0.033707, -0.040504, 0.060042, -0.004746, 0.048582
-0.063290, 0.047974, 0.022058, -0.060803, -0.011069, 0.026904
-0.032077, 0.023864, 0.094192, -0.051685, -0.090458, -0.013994
-0.008495, -0.023970, -0.044708, 0.020246, 0.088551, 0.000793
-0.008676, -0.004464, -0.006698, 0.094835, 0.056979, 0.064010
0.070768, 0.069683, -0.040101, -0.049478, 0.015233, -0.089868
0.041854, -0.066459, 0.006779, -0.021101, -0.017549, -0.023957
-0.038113, -0.039629, -0.040158, 0.066711, 0.126342, -0.024781
0.010278, 0.090349, -0.014025, -0.041755, 0.055851, -0.112843
0.018519, 0.007779, -0.028424, -0.054702, 0.006157, -0.023922
0.034783, -0.000000, -0.045457, -0.017916, -0.034083, -0.062458
-0.032089, -0.021458, -0.033034, 0.031597, 0.057703, 0.065739
0.047290, -0.026287, -0.104207, 0.016733, -0.032937, -0.020809
0.053501, 0.084220, 0.024919, 0.047400, 0.089760, 0.022284
0.032737, 0.055651, 0.039954, 0.002446, -0.022357, -0.042809
0.065751, 0.066336, -0.053055, 0.015736, 0.045089, -0.040596
0.033963, 0.014624, -0.001687, -0.007791, 0.004469, 0.083980
-0.015901, 0.009328, 0.049860, 0.010165, 0.008630, -0.017968
-0.107186, 0.059042, 0.035978, 0.019583, 0.026923, -0.029088
0.023728, -0.049963, -0.008760, -0.047522, 0.017960, -0.027425
-0.005051, 0.009561, 0.076414, -0.105508, 0.050746, 0.059015

==============================================================================

[99] id: Small_Cap_13
category    : Small Cap
scheme      : HDFC Small Cap Fund - Direct Plan - Growth
section     : CS Chirag Setalvad Jun 2014 - Present View details
source_url  : https://groww.in/mutual-funds/hdfc-small-cap-fund-direct-growth
ingested_at : 2026-10-07T06:17:38+00:00  |  chunk_index: 13
chars       : 228  |  embedding: 384-dim
------------------------------------------------------------------------------
TEXT:
Education: Mr. Setalvad is a B. Sc and MBA from University of North Carolina.

Experience: Prior to joining HDFC AMC he has worked with New Vernon Advisory Services Ltd., HDFC AMC and ING Barings N.V.

Also manages these schemes

EMBEDDING (384 floats, rounded to 6 dp):
-0.010952, -0.026427, -0.089140, -0.001575, -0.093418, 0.146006
-0.038068, 0.018652, -0.035423, 0.004553, -0.115085, -0.006666
-0.003852, 0.006102, -0.032415, -0.002895, 0.020133, -0.041964
0.095091, 0.020656, -0.022925, 0.064235, -0.035316, -0.059687
0.017564, -0.017642, 0.028069, -0.046350, -0.016649, -0.039749
0.030183, -0.008882, -0.021045, -0.022417, 0.034477, 0.056650
-0.033952, 0.084739, -0.058634, -0.000740, 0.023087, 0.024337
-0.020139, -0.007198, -0.006899, -0.049202, 0.006057, -0.029996
0.044802, -0.016759, -0.031389, -0.029101, 0.039141, -0.063639
0.016601, 0.094876, 0.048491, 0.004069, 0.008797, -0.103506
-0.012204, 0.035309, -0.029262, 0.019851, 0.074671, 0.004596
-0.043540, 0.037334, 0.012372, -0.135000, -0.022822, -0.002532
0.002640, 0.041807, 0.009421, 0.027057, 0.045993, 0.026631
0.109091, -0.116668, -0.000422, -0.016385, -0.120235, 0.025772
-0.035501, 0.050677, 0.046770, -0.055304, 0.043996, 0.012943
0.101374, -0.027574, 0.003723, 0.002878, -0.023508, -0.000903
-0.096331, 0.043150, -0.013699, 0.014664, 0.020222, 0.074203
-0.021893, -0.012367, -0.065614, -0.029623, 0.062289, 0.043520
-0.015291, -0.043882, 0.054917, 0.043261, -0.035056, 0.002915
0.025817, 0.057684, 0.009496, -0.042570, -0.062415, -0.143675
-0.026862, -0.011386, 0.015994, -0.046181, -0.017000, -0.084559
-0.021462, 0.000000, 0.002654, -0.022945, -0.010749, 0.031098
0.010073, 0.027921, -0.053540, 0.007775, -0.010226, 0.064231
0.010209, 0.076081, -0.014728, 0.026647, -0.090139, -0.032305
-0.042137, 0.014915, -0.044271, 0.004702, -0.060706, 0.087557
0.037127, -0.004806, 0.028798, -0.034728, 0.083396, 0.039325
0.105255, 0.038378, -0.004538, 0.048076, -0.114949, -0.035061
0.017922, 0.014324, -0.058479, -0.054903, -0.082773, -0.047864
0.015111, 0.010485, -0.021734, 0.056342, -0.035801, -0.061192
-0.015240, 0.039689, 0.055186, -0.006320, -0.073349, -0.055763
-0.009907, -0.079744, 0.003569, -0.038940, 0.002604, 0.043005
0.113678, -0.008591, 0.053612, 0.052220, -0.067262, 0.068614
-0.037985, -0.052224, 0.075668, -0.077868, 0.060779, -0.068051
0.050621, 0.028661, 0.039001, 0.027152, -0.045713, -0.073937
-0.012267, 0.131565, 0.017607, -0.002551, 0.012178, 0.057707
0.041862, -0.014029, 0.048282, -0.040988, -0.028018, 0.004852
-0.026094, 0.041284, -0.037022, 0.023674, 0.036411, 0.113798
-0.010927, -0.000000, -0.119260, -0.022048, -0.042358, -0.000004
0.050059, 0.031054, 0.048961, 0.034587, -0.024750, -0.051425
0.039588, 0.086968, -0.023496, 0.007321, -0.002321, -0.045880
0.097712, -0.087827, -0.093965, -0.062351, 0.014145, 0.048105
-0.032539, 0.043097, 0.051312, 0.046536, 0.023147, 0.101190
-0.134902, 0.040653, 0.020676, 0.029389, -0.092200, 0.072364
-0.097061, -0.072355, 0.085142, 0.041498, -0.042392, 0.022863
-0.049997, 0.018255, -0.087798, -0.034615, 0.046968, -0.050203
0.012328, -0.043764, 0.052178, 0.047127, -0.033691, -0.033514
0.088322, 0.001083, 0.065166, -0.012606, 0.029084, -0.021539
0.085463, 0.038092, 0.044550, 0.073004, 0.101075, 0.039817
0.034579, 0.056614, 0.018677, -0.014475, -0.053335, -0.065678
0.044631, -0.114290, 0.038898, -0.078957, -0.053335, 0.017841
0.018859, -0.000580, -0.049267, -0.002195, 0.014417, -0.074547
-0.025070, 0.108376, -0.046673, 0.089037, 0.037957, -0.125219
0.032205, 0.037683, -0.058742, -0.047613, 0.003402, -0.059928
-0.017016, -0.000000, -0.051848, -0.000614, 0.000132, -0.017966
-0.010727, -0.076309, -0.111942, -0.004581, 0.017271, 0.015767
-0.023702, 0.013651, 0.000393, -0.012226, 0.049030, -0.054169
-0.038762, 0.088945, -0.063851, -0.001994, 0.104100, 0.012096
0.031833, 0.005438, 0.046793, -0.040390, -0.030833, -0.023053
0.047415, 0.026643, 0.012437, 0.064146, 0.069749, 0.032183
-0.008722, 0.005755, 0.042747, 0.026186, 0.020188, 0.035914
0.007255, -0.063174, 0.068652, -0.013204, -0.048121, 0.003329
-0.073340, 0.066759, 0.024074, -0.006731, -0.037612, 0.025164
0.016836, -0.036446, 0.029186, -0.026708, 0.042144, -0.061020
-0.001662, 0.028575, 0.027915, -0.073732, -0.040384, 0.085697

==============================================================================

[100] id: Small_Cap_14
category    : Small Cap
scheme      : HDFC Small Cap Fund - Direct Plan - Growth
section     : About HDFC Small Cap Fund Direct Growth
source_url  : https://groww.in/mutual-funds/hdfc-small-cap-fund-direct-growth
ingested_at : 2026-10-07T06:17:38+00:00  |  chunk_index: 14
chars       : 465  |  embedding: 384-dim
------------------------------------------------------------------------------
TEXT:
HDFC Small Cap Fund Direct Growth is a Equity Mutual Fund Scheme launched by HDFC Mutual Fund.

This scheme was made available to investors on 10 Dec 1999.

Dhruv Muchhal is the Current Fund Manager of HDFC Small Cap Fund Direct Growth fund.

The fund currently has an Asset Under Management(AUM) of ₹9,86,237 Cr and the Latest NAV as of 06 Oct 2026 is ₹156.12.

The HDFC Small Cap Fund Direct Growth is rated Very High risk.

Minimum SIP Investment is set to ₹100.

EMBEDDING (384 floats, rounded to 6 dp):
0.087077, -0.045655, -0.088895, 0.014038, 0.130819, 0.013519
0.020156, 0.051890, -0.065596, 0.041298, 0.008427, -0.068053
-0.098638, 0.002487, -0.032614, -0.034348, -0.060008, -0.055014
0.044589, -0.017171, -0.002970, 0.008099, 0.010706, 0.029134
0.039125, -0.012438, 0.014787, 0.040480, -0.048640, -0.031741
0.047159, 0.051081, 0.043471, -0.044092, -0.013117, 0.078409
-0.057066, 0.037475, -0.017296, -0.051370, 0.047782, 0.003346
0.037637, -0.008851, 0.040096, -0.016911, -0.056790, 0.053196
-0.021038, -0.044127, 0.007144, -0.018999, 0.012891, -0.030289
0.022662, 0.050128, -0.046303, -0.021696, 0.045267, 0.034349
-0.069902, -0.019290, 0.061424, -0.039051, 0.035623, -0.047267
0.003745, -0.013531, 0.008686, -0.044691, -0.034558, -0.068903
-0.053802, -0.024388, -0.026712, -0.038244, -0.041200, 0.061411
0.072495, -0.039808, -0.065794, 0.021006, 0.066082, 0.032382
-0.052970, 0.017405, 0.044245, -0.113628, -0.048819, -0.068299
0.056820, 0.074437, -0.014063, 0.067819, -0.084680, -0.026542
-0.039469, -0.075531, -0.050539, 0.019541, 0.051228, 0.024614
-0.050700, -0.056784, 0.013065, -0.014774, 0.035245, 0.022123
0.047754, 0.027738, -0.014952, 0.088054, -0.056026, -0.032370
-0.014838, -0.022981, -0.060643, -0.138098, -0.011719, -0.024277
-0.042661, -0.001698, 0.001804, -0.092033, -0.052360, -0.040033
-0.045330, 0.000000, -0.010541, 0.055459, -0.039560, -0.060134
-0.050349, -0.067379, 0.095282, 0.012754, -0.056796, 0.008823
0.018161, 0.036520, -0.020693, 0.017949, -0.034751, -0.141786
0.048698, 0.094645, 0.017118, 0.004600, -0.058666, 0.129930
0.050992, -0.076078, 0.144123, 0.010505, 0.028484, -0.009846
0.089940, 0.079466, -0.006241, -0.000180, -0.066661, -0.083511
-0.077989, -0.010386, -0.065453, -0.075643, -0.040266, -0.007372
0.032807, 0.068875, -0.037407, -0.056045, -0.051448, 0.053979
0.082882, 0.048895, -0.048405, 0.020694, -0.029224, -0.107294
-0.000770, 0.011476, 0.046892, 0.045522, -0.060190, 0.002290
0.053995, 0.043825, -0.018968, -0.046946, -0.162746, 0.091279
-0.061823, 0.058038, 0.086246, -0.037458, 0.032178, -0.046641
0.036021, 0.019522, 0.017465, 0.033367, -0.018943, -0.043867
0.039325, 0.118450, -0.000680, 0.041180, 0.040321, 0.084600
0.086786, -0.008937, 0.012856, -0.025066, 0.001083, 0.076521
-0.054508, -0.015346, 0.020609, -0.056424, 0.093792, 0.004591
-0.002481, -0.000000, 0.008246, -0.024796, -0.022488, 0.009451
0.018385, 0.037404, 0.030373, 0.052002, 0.032942, -0.009497
0.077188, 0.005826, 0.031398, -0.047500, -0.064519, -0.053666
0.035901, -0.021608, -0.020053, -0.024123, 0.058472, -0.016376
0.039195, 0.035165, -0.010968, -0.012507, -0.015307, 0.038847
-0.077950, 0.037839, -0.002309, 0.009244, -0.075834, 0.055821
-0.010731, -0.065223, -0.015782, 0.041840, -0.025709, 0.037177
-0.016522, -0.027105, 0.060493, -0.082633, -0.017332, -0.009109
0.015433, -0.005017, 0.085205, -0.007778, -0.045234, -0.078619
0.079354, 0.003271, -0.055276, 0.031478, 0.090752, 0.073672
-0.008101, -0.016465, 0.033647, 0.004581, -0.010032, 0.102289
-0.010086, 0.034415, -0.066841, -0.133661, 0.019706, -0.070371
0.100290, -0.014264, 0.097417, 0.076384, -0.065799, 0.034867
0.015588, -0.004675, 0.036304, 0.068327, 0.082763, 0.040651
-0.036494, 0.059112, 0.015826, -0.092348, 0.030922, -0.113307
-0.071693, 0.051660, -0.060317, -0.036494, 0.022675, 0.024301
-0.029743, -0.000000, 0.021076, -0.028662, 0.051743, -0.038370
-0.029651, -0.011758, -0.005720, -0.014694, 0.032226, 0.035124
0.071121, 0.064828, -0.040024, -0.022746, -0.049528, -0.048135
0.026481, 0.032919, 0.000856, -0.000664, 0.074028, 0.031382
0.055253, 0.036269, 0.052786, -0.027625, 0.032885, 0.023637
-0.006329, -0.055711, 0.046023, 0.026789, 0.017577, 0.056351
-0.012869, 0.117212, -0.010153, 0.039565, 0.009154, 0.077735
0.017112, -0.072171, 0.037609, -0.075952, -0.063840, 0.010014
-0.061029, -0.013895, 0.037230, -0.113400, -0.002444, 0.005621
-0.020886, -0.051599, -0.025018, 0.063895, -0.004870, 0.002694
-0.028190, -0.050013, 0.031788, -0.019961, 0.011536, 0.096512

==============================================================================

[101] id: Small_Cap_15
category    : Small Cap
scheme      : HDFC Small Cap Fund - Direct Plan - Growth
section     : About HDFC Small Cap Fund Direct Growth
source_url  : https://groww.in/mutual-funds/hdfc-small-cap-fund-direct-growth
ingested_at : 2026-10-07T06:17:38+00:00  |  chunk_index: 15
chars       : 120  |  embedding: 384-dim
------------------------------------------------------------------------------
TEXT:
Minimum SIP Investment is set to ₹100.

Minimum Lumpsum Investment is ₹100.

Exit load of 1% if redeemed within 1 year
;

EMBEDDING (384 floats, rounded to 6 dp):
0.041177, 0.033585, -0.106244, -0.033920, -0.063326, -0.006008
0.093972, 0.114532, -0.009447, 0.009077, 0.049642, -0.068286
0.014693, 0.010342, -0.007405, -0.032587, -0.020199, -0.119642
-0.023048, 0.006169, 0.025407, -0.041580, -0.004118, -0.000788
0.097588, 0.007764, 0.064508, 0.014135, 0.061411, -0.021576
0.108793, 0.109004, 0.105001, -0.113481, 0.056353, 0.018731
-0.057958, 0.006577, 0.021968, -0.047680, 0.000773, -0.021959
-0.003575, -0.006664, 0.025235, -0.036956, -0.064465, 0.115120
0.029453, 0.034598, 0.049629, -0.001714, -0.018777, 0.027108
-0.048142, -0.109519, 0.032596, 0.068438, -0.003559, 0.023748
-0.003274, 0.011074, 0.030895, 0.007897, 0.027005, -0.003191
-0.020728, -0.016535, -0.042395, 0.057345, 0.022935, -0.082204
-0.051422, -0.097698, -0.071217, -0.011969, 0.058452, 0.033081
-0.025992, 0.037674, -0.011252, 0.003195, 0.019934, -0.044663
-0.033269, 0.014879, 0.013784, -0.031992, 0.021103, -0.038035
0.027705, 0.140626, -0.024171, 0.030128, -0.032750, 0.013133
-0.046390, -0.043128, -0.022924, 0.042683, 0.006540, -0.014829
-0.007222, -0.036809, -0.006878, -0.068472, 0.042906, -0.053336
0.028833, 0.013018, -0.091019, 0.025466, 0.048883, -0.025488
-0.060472, 0.043290, -0.020250, -0.031875, 0.053602, 0.000698
-0.004756, 0.038747, -0.007183, -0.066593, -0.081636, -0.045079
0.015348, 0.000000, -0.025980, -0.065099, -0.073906, -0.024110
-0.073846, -0.028589, 0.068987, -0.033158, -0.062345, -0.072110
-0.016179, -0.062117, -0.046713, -0.002185, 0.011556, -0.074022
0.008604, 0.076408, 0.067718, -0.043535, -0.042603, -0.081932
0.010723, -0.033574, 0.107358, 0.044123, 0.041187, -0.092180
0.087583, 0.034733, 0.090847, 0.059675, -0.056514, -0.046612
-0.040735, 0.052432, 0.048157, -0.000183, -0.034205, -0.038573
-0.023978, 0.024153, 0.032988, -0.046992, -0.019165, 0.005028
0.051790, 0.036459, -0.018772, 0.048666, -0.048660, -0.043938
-0.086133, 0.073098, -0.008803, -0.076937, -0.064012, -0.066828
-0.041178, -0.041325, -0.003478, -0.096432, -0.080165, 0.013717
-0.028207, 0.058221, -0.018948, -0.031993, 0.010388, 0.002140
-0.040090, -0.055308, 0.077840, -0.032141, 0.014761, 0.026590
0.095544, 0.070364, 0.044077, 0.069735, -0.028071, 0.057112
-0.007815, -0.040558, 0.044597, 0.013838, 0.049489, 0.003235
-0.048095, 0.017825, -0.031629, -0.032459, -0.000191, 0.070463
0.059111, -0.000000, -0.052915, 0.059270, 0.020422, 0.052563
0.016675, 0.025719, 0.098555, 0.084679, 0.052540, 0.061126
-0.052910, 0.033687, 0.016888, 0.018295, -0.073817, -0.013564
0.028761, 0.012206, 0.029964, 0.007554, 0.033150, 0.019076
0.027455, 0.067157, -0.012813, 0.051418, -0.069610, 0.004000
-0.070100, -0.041420, -0.016315, -0.023165, -0.121921, 0.045107
-0.063560, -0.085029, 0.044879, 0.003201, 0.003253, 0.045295
0.064852, 0.019517, 0.005371, -0.076066, 0.041272, -0.097050
0.042239, -0.026389, 0.022964, -0.099428, 0.042428, -0.025292
0.070027, 0.128618, -0.002781, 0.052849, 0.053323, 0.007674
0.007460, -0.040099, 0.042166, 0.058091, -0.032544, 0.029899
-0.001909, -0.015442, -0.006295, -0.016290, 0.057494, -0.091961
0.034702, 0.045043, 0.108015, -0.008930, -0.024894, 0.024890
-0.026278, -0.101832, 0.058634, 0.008936, -0.028784, 0.126279
-0.019181, 0.000720, 0.038393, -0.039955, 0.033420, -0.109797
0.014050, 0.014693, -0.110370, 0.041064, 0.050977, 0.039273
-0.019790, -0.000000, -0.047723, -0.026871, 0.044077, -0.003945
0.085127, -0.029834, -0.022520, -0.032172, 0.009281, -0.013352
0.067340, -0.005876, -0.068971, -0.012887, -0.093497, -0.040855
-0.013688, 0.010027, -0.031536, -0.066837, 0.041702, 0.027379
0.030164, -0.002091, -0.046336, -0.008193, 0.096683, 0.060502
0.022408, -0.030946, -0.046909, 0.062634, 0.058741, -0.024883
-0.145189, 0.062700, 0.063926, 0.044138, -0.036741, 0.077536
0.016650, -0.122729, -0.001199, -0.092206, -0.063187, 0.024502
-0.065885, 0.009145, 0.001184, -0.078113, 0.071493, 0.012441
-0.039107, 0.017287, -0.003585, -0.048273, -0.044558, 0.054352
-0.055515, -0.019477, 0.006597, -0.006359, 0.010038, 0.034814

==============================================================================

[102] id: Small_Cap_16
category    : Small Cap
scheme      : HDFC Small Cap Fund - Direct Plan - Growth
section     : Investment Objective
source_url  : https://groww.in/mutual-funds/hdfc-small-cap-fund-direct-growth
ingested_at : 2026-10-07T06:17:38+00:00  |  chunk_index: 16
chars       : 202  |  embedding: 384-dim
------------------------------------------------------------------------------
TEXT:
The scheme seeks to provide long-term capital appreciation /income by investing predominantly in Small-Cap companies.

Fund benchmarkBSE 250 SmallCap Total Return Index: Scheme Information Document(SID)

EMBEDDING (384 floats, rounded to 6 dp):
0.099157, 0.024849, -0.029743, 0.036722, 0.106529, 0.034941
0.007911, 0.050538, -0.028728, 0.040854, -0.079114, -0.052321
-0.007001, -0.063068, -0.090474, -0.034563, -0.048548, -0.020616
0.065613, 0.021292, -0.030854, -0.036188, -0.018179, -0.042089
0.075206, 0.001882, 0.046795, 0.017765, -0.043551, -0.008434
0.017835, 0.035046, 0.063357, -0.074629, -0.078203, 0.107421
0.001438, 0.019179, -0.001471, 0.000031, -0.007842, 0.023249
0.039212, -0.045990, 0.000504, -0.045824, -0.038172, -0.012562
-0.038682, 0.016524, -0.003759, 0.022286, -0.024999, 0.025374
-0.056141, 0.020764, -0.127361, -0.037390, 0.008875, -0.012366
0.011766, -0.059858, 0.071914, 0.014351, 0.110137, -0.010234
-0.026650, -0.021504, -0.080938, -0.097033, -0.042402, -0.039315
-0.117978, 0.007729, -0.028661, 0.011799, -0.005426, 0.044923
0.023802, -0.009345, -0.036376, 0.056423, -0.004135, -0.003273
-0.044368, 0.044799, 0.072160, -0.023537, 0.040687, -0.007443
0.069248, 0.028030, -0.038052, 0.011868, -0.050065, -0.083795
-0.067528, -0.024021, -0.010954, 0.070771, 0.036914, 0.016173
-0.020309, -0.100218, -0.023828, -0.055998, 0.087876, -0.024884
0.036493, -0.020041, -0.025613, 0.131787, -0.058382, -0.015982
-0.013422, 0.057028, -0.056651, -0.035287, 0.067365, 0.033376
0.055681, 0.015837, -0.010694, -0.054043, -0.041746, 0.027119
-0.043220, 0.000000, -0.045860, 0.071794, 0.090087, -0.024919
-0.058953, -0.016188, 0.034641, -0.076513, -0.132397, 0.010619
0.037428, 0.092793, 0.045086, -0.004475, 0.044930, -0.051744
0.020628, 0.064165, 0.047321, -0.066227, 0.016426, 0.044257
0.044873, 0.000367, 0.069698, 0.032903, 0.020061, 0.009937
0.049421, 0.047441, 0.008595, 0.097539, -0.043307, -0.091826
-0.019534, 0.040872, 0.000100, -0.056867, 0.018970, -0.002029
-0.010486, 0.043410, 0.007606, -0.068711, -0.122851, 0.003563
0.043845, 0.082221, 0.025647, 0.073665, -0.047083, -0.052206
-0.085704, -0.000397, 0.041897, 0.002625, -0.066678, -0.030073
-0.021822, 0.012724, 0.034474, -0.100741, -0.091325, 0.007502
-0.131790, 0.105751, 0.060319, 0.023383, 0.065656, 0.055197
0.003951, 0.043981, -0.010555, 0.038729, 0.031504, -0.055650
0.041405, 0.084662, 0.021124, 0.031947, 0.014142, -0.013361
-0.014154, -0.014364, 0.060370, -0.004812, 0.042464, 0.038057
-0.025814, -0.037692, 0.004332, -0.011391, -0.015353, -0.012480
-0.077879, -0.000000, 0.009307, -0.035450, -0.008870, 0.007512
-0.006855, -0.024828, 0.043512, 0.045560, -0.037131, 0.030796
0.006160, -0.011607, -0.012962, 0.026961, -0.017553, -0.037530
0.023691, -0.087495, 0.049771, -0.080061, 0.100788, 0.007527
0.027261, 0.040954, -0.038807, 0.050882, -0.101517, 0.053950
-0.086380, -0.040350, -0.033417, -0.016870, -0.056170, 0.019450
-0.017735, -0.017330, -0.004174, -0.076233, 0.008018, 0.087719
0.013689, -0.027685, 0.057716, -0.027353, -0.003426, -0.071134
-0.000698, 0.024620, 0.098062, -0.026226, 0.008111, -0.001913
0.035246, 0.014623, -0.076288, 0.028911, -0.009771, 0.009310
-0.042291, -0.028669, 0.025847, 0.041350, -0.046086, 0.149174
-0.004867, -0.035939, 0.025682, -0.140453, -0.049835, -0.029691
0.070951, -0.100412, 0.095246, -0.000509, -0.062899, 0.062980
0.018867, -0.001319, -0.003027, 0.039759, -0.003989, 0.027230
0.040255, 0.039473, 0.024607, -0.005005, 0.002176, -0.088529
-0.066237, 0.095863, -0.084347, 0.023303, 0.074240, 0.092111
0.056604, -0.000000, -0.013641, -0.053709, -0.025490, 0.024114
-0.046565, 0.042899, -0.027304, -0.069579, -0.053825, 0.040542
0.053659, 0.062162, -0.075862, 0.039318, -0.032608, 0.004734
-0.052234, 0.016885, -0.007453, -0.004265, -0.004460, 0.077990
0.078438, -0.068663, -0.043394, 0.022676, 0.081250, 0.106640
0.013429, -0.061260, -0.014566, 0.057514, 0.027786, -0.032343
-0.024410, 0.120396, 0.020988, 0.091754, 0.049727, 0.064257
-0.001306, -0.035600, 0.011310, -0.056336, -0.042889, 0.026622
-0.099600, 0.027070, 0.068659, -0.106833, 0.000358, -0.020683
-0.056018, 0.021068, -0.033625, 0.058657, -0.058887, 0.010900
-0.044373, -0.052291, -0.015850, -0.066227, 0.004475, 0.014930

==============================================================================

[103] id: Small_Cap_17
category    : Small Cap
scheme      : HDFC Small Cap Fund - Direct Plan - Growth
section     : Fund house
source_url  : https://groww.in/mutual-funds/hdfc-small-cap-fund-direct-growth
ingested_at : 2026-10-07T06:17:38+00:00  |  chunk_index: 17
chars       : 475  |  embedding: 384-dim
------------------------------------------------------------------------------
TEXT:
![AMC Image

HDFC Mutual Fund](/mutual-funds/amc/hdfc-mutual-funds)

Rank (total assets)#2 in India

Total AUM₹9,86,236.84 Cr: Date of Incorporation10 Dec 1999

Phone022 – 66316333

E-mail[[email protected]](https://mail.google.com/mail/?view=cm&fs=1&tf=1&to=shareholders.relations@hdfcfund.com&su=Hello&shva=1)

Website<http://www.hdfcfund.com>

Launch Date10 Dec 1999: Address"HDFC House", 2nd Floor, H. T. Parekh Marg, 165-166, BackbayReclamation, Churchgate Mumbai 400020

EMBEDDING (384 floats, rounded to 6 dp):
0.048723, -0.081122, -0.086029, 0.011180, 0.053011, 0.058185
0.014106, 0.051342, -0.040416, -0.033225, -0.010360, -0.046440
-0.033735, -0.056065, -0.042965, -0.042915, -0.031895, -0.060654
0.053690, 0.019255, -0.033875, -0.032406, 0.008007, 0.022156
0.065675, 0.015579, 0.010553, 0.046407, -0.050961, -0.048551
0.066551, 0.051695, 0.039090, 0.004668, 0.052873, 0.074288
-0.060738, -0.018935, 0.032269, -0.057291, 0.035331, -0.010880
0.059668, -0.069016, 0.041988, 0.001796, -0.008415, 0.057030
0.013166, 0.014428, -0.010484, 0.038860, 0.008511, -0.041832
0.025347, 0.075717, 0.000850, -0.054470, 0.038900, -0.028367
0.021113, 0.031658, 0.046282, -0.017774, 0.099359, -0.034184
-0.011691, 0.007617, 0.041290, -0.031306, 0.036733, -0.076494
-0.040867, -0.036781, -0.069883, 0.016733, -0.016368, 0.042241
0.055147, -0.116018, -0.025529, -0.006334, 0.098547, 0.056208
-0.039472, 0.052089, 0.087757, -0.031355, -0.026349, -0.018304
0.099992, 0.068273, -0.001861, 0.025958, -0.052732, -0.044511
-0.058133, 0.005050, -0.022778, 0.016284, 0.038859, 0.016401
-0.040518, -0.081064, -0.055287, -0.004971, -0.019039, 0.061957
0.086960, -0.035144, -0.072404, 0.073917, -0.037440, -0.040056
-0.057374, -0.022942, -0.043478, -0.110274, 0.043760, -0.069187
0.018282, 0.014583, -0.019578, -0.087088, -0.031323, -0.106671
-0.027801, 0.000000, -0.045047, 0.053802, 0.025827, -0.053342
-0.012969, -0.068484, 0.034913, -0.007906, -0.032111, 0.026030
-0.050628, 0.025221, -0.037214, -0.092726, -0.125852, -0.105904
0.001733, 0.044609, 0.020574, -0.020032, -0.011730, 0.065266
0.010338, -0.024296, 0.045622, -0.022285, 0.041510, 0.014665
0.047411, 0.064914, 0.075288, -0.005829, -0.073989, -0.057178
-0.017922, -0.042260, -0.022414, -0.057224, -0.111576, 0.016139
0.035825, 0.054562, -0.032701, -0.044905, -0.000223, 0.050751
0.099376, 0.104748, 0.092904, 0.032283, -0.136040, -0.069782
0.001603, -0.021953, 0.037069, -0.008811, -0.067642, -0.032959
0.017898, 0.020510, 0.016577, -0.002222, -0.148383, 0.012952
-0.083797, 0.012108, 0.077542, -0.005422, 0.027811, -0.011764
0.055002, -0.029918, 0.069037, 0.023850, -0.037953, -0.052877
-0.011065, 0.076770, 0.036575, 0.062994, -0.004851, 0.067277
0.031768, -0.016569, 0.077450, 0.019338, 0.029675, -0.025169
-0.055311, 0.047903, -0.007938, -0.037630, 0.038430, 0.021593
0.009810, -0.000000, 0.015105, 0.002680, -0.017030, -0.012667
0.009982, 0.063187, 0.042707, 0.087455, 0.054945, 0.041779
0.110838, 0.031144, -0.002493, -0.086057, -0.043373, -0.041454
0.020353, -0.037090, -0.075154, -0.007819, 0.039373, 0.023670
0.010348, 0.081856, -0.032448, 0.061638, 0.022673, 0.064080
0.002917, 0.028059, 0.043567, 0.003244, -0.124397, 0.108598
-0.062476, -0.099695, 0.046755, 0.058851, -0.028238, 0.031073
-0.009470, 0.072103, 0.050391, -0.012123, 0.014831, -0.038717
0.014780, -0.040374, 0.075573, -0.001206, -0.016809, -0.088496
0.069795, -0.035342, -0.076511, 0.059114, 0.089825, 0.077975
-0.003243, 0.006408, 0.057700, 0.083724, 0.018892, 0.115878
-0.000664, 0.007352, -0.062128, -0.057769, 0.028134, -0.070732
0.040697, -0.052368, 0.027789, 0.037035, -0.000162, 0.067355
0.018828, -0.000997, 0.047838, 0.037057, 0.124886, 0.054786
-0.027858, 0.069163, -0.035299, -0.051524, -0.005913, -0.074969
0.021439, 0.010947, -0.065057, -0.025895, 0.036524, 0.053838
-0.032044, -0.000000, -0.001147, -0.057263, 0.032813, -0.069214
-0.005387, -0.090836, 0.014409, 0.011443, 0.013923, -0.018831
0.012814, 0.016356, -0.117418, -0.017603, -0.061468, -0.103735
-0.056095, 0.070097, -0.016625, -0.049092, 0.042532, 0.003697
0.085954, -0.019890, 0.028876, 0.009777, 0.021504, -0.043512
-0.016124, 0.034946, 0.012389, 0.029659, 0.003612, 0.008204
-0.067268, 0.083854, 0.046157, 0.019297, -0.012709, 0.050625
-0.004122, -0.072591, 0.023493, -0.025006, 0.029081, -0.015265
-0.073773, -0.006593, 0.050747, -0.127989, -0.015827, -0.033400
-0.038973, -0.031929, -0.095195, 0.019924, -0.056424, -0.000315
-0.014460, -0.002034, 0.093711, -0.065186, -0.005497, 0.069777

==============================================================================

[104] id: Small_Cap_18
category    : Small Cap
scheme      : HDFC Small Cap Fund - Direct Plan - Growth
section     : Fund house
source_url  : https://groww.in/mutual-funds/hdfc-small-cap-fund-direct-growth
ingested_at : 2026-10-07T06:17:38+00:00  |  chunk_index: 18
chars       : 484  |  embedding: 384-dim
------------------------------------------------------------------------------
TEXT:
CustodianCitibank NA: Registrar & Transfer AgentCams

Email[[email protected]](https://mail.google.com/mail/?view=cm&fs=1&tf=1&to=enq_h@camsonline.com&su=Hello&shva=1)

Websitewww.camsonline.com: Address7th Floor, Tower II, Rayala Towers, 158, Anna Salai,
HDFC Small Cap Fund Direct Growth

Vaishnavi Tech Park, South Tower, 3rd FloorSarjapur Main Road, Bellandur, Bengaluru – 560103Karnataka

GROWW: PRODUCTS

915 TerminalCredit

© 2016-2026 Groww. All rights reserved.Version: 8.0.5

EMBEDDING (384 floats, rounded to 6 dp):
0.010474, -0.030698, -0.050232, 0.006908, -0.016672, 0.021722
-0.063507, -0.007474, -0.065672, -0.025567, 0.019522, -0.109167
0.012528, -0.014477, -0.040099, -0.012007, 0.002353, -0.018272
-0.001481, -0.021888, 0.005692, -0.009707, -0.069917, -0.054694
0.068834, 0.034060, -0.064487, 0.011676, -0.009174, -0.127180
0.037192, 0.033145, 0.020743, 0.033449, 0.105892, 0.060188
-0.050976, 0.033196, 0.016660, -0.069982, 0.023132, 0.002526
0.037396, -0.004383, 0.048786, -0.015847, 0.016621, -0.029381
0.039530, -0.032597, -0.041688, -0.066436, 0.049802, 0.003209
-0.062482, 0.034805, 0.036690, -0.076338, 0.082896, -0.048491
0.091920, 0.049086, -0.052105, -0.042121, 0.013951, -0.075853
-0.037177, 0.051884, 0.045479, -0.115595, 0.017851, 0.004627
-0.009564, 0.076603, -0.056305, 0.092154, -0.023254, 0.013534
0.092081, 0.006132, -0.051537, -0.018938, -0.003582, 0.114362
-0.033821, 0.017371, 0.064187, -0.049187, 0.011815, -0.071650
0.060036, 0.083256, 0.029602, 0.037389, -0.061700, -0.081750
-0.094133, -0.058682, -0.120027, 0.037337, -0.031780, 0.057533
-0.011600, 0.029084, -0.044166, -0.027271, 0.008073, 0.089986
0.030861, -0.055690, -0.044422, 0.036553, -0.036590, 0.002943
0.013928, 0.055404, -0.068982, -0.041473, 0.000412, -0.029119
0.046992, -0.013551, -0.093646, -0.114108, -0.087797, -0.091049
0.064347, 0.000000, -0.026158, 0.099841, 0.021171, 0.029078
0.118453, -0.055619, -0.083446, 0.013370, -0.019751, 0.034093
-0.023037, -0.003134, -0.040010, -0.026013, 0.017715, -0.052718
0.066241, 0.012273, -0.031206, 0.050450, -0.026854, 0.014313
0.026735, -0.014976, 0.037492, 0.006778, 0.016830, 0.014127
0.069377, 0.053537, 0.058897, -0.008126, -0.027612, -0.018020
-0.021674, -0.004228, 0.010274, -0.112075, -0.034547, -0.005327
-0.001647, 0.025015, -0.032104, 0.000672, 0.061967, 0.019909
0.069973, -0.001555, 0.070843, 0.012496, -0.075605, 0.029474
-0.110827, 0.015386, 0.057361, -0.058784, 0.065897, 0.008826
0.073995, 0.009614, -0.007414, -0.025366, -0.084626, 0.051865
-0.057818, -0.090168, 0.066854, 0.013837, 0.072681, -0.039710
-0.035879, 0.008796, 0.095718, 0.045117, -0.063751, -0.015285
-0.143624, 0.061108, -0.023058, 0.040660, -0.022135, 0.064839
-0.011050, -0.048494, 0.112317, -0.026001, 0.042940, 0.019935
0.010829, 0.056949, -0.071885, 0.020795, 0.062485, 0.042585
-0.056050, -0.000000, 0.072625, -0.068756, -0.045076, -0.019170
0.004950, 0.094748, -0.015882, -0.050342, 0.035077, 0.043198
-0.034221, 0.078957, 0.019686, -0.036099, -0.002519, 0.005751
0.076931, -0.058918, -0.109830, -0.019546, 0.030523, 0.058803
-0.144096, 0.049648, -0.011752, 0.098977, -0.035505, 0.041751
-0.014837, 0.054872, -0.053063, -0.046612, -0.075069, 0.096568
-0.055047, -0.101225, 0.068352, 0.031832, 0.016847, 0.075119
0.079825, 0.005555, 0.001080, 0.000565, 0.007696, -0.106581
0.009430, -0.074547, -0.025543, 0.021196, 0.046898, -0.038347
-0.004486, -0.013990, 0.030576, 0.018784, 0.064493, 0.026560
-0.020560, -0.022427, 0.077207, -0.015826, 0.026379, 0.096386
-0.011341, 0.058468, 0.084238, 0.092996, -0.041732, -0.068013
-0.040106, 0.018451, 0.044126, -0.032661, -0.081779, 0.007288
-0.050058, 0.031042, 0.016949, 0.006141, 0.037795, -0.017494
0.021045, -0.000456, 0.055524, -0.037162, 0.024561, -0.014886
0.072968, -0.053717, -0.084759, -0.073936, 0.029535, -0.024458
0.013538, -0.000000, -0.048005, -0.009716, -0.023812, 0.010654
0.049966, -0.113371, 0.027074, 0.066505, 0.011390, 0.013713
0.022705, -0.049958, 0.006207, -0.003065, 0.044165, 0.005718
0.017874, 0.017775, -0.006295, -0.019349, 0.017433, 0.026969
0.073576, -0.008495, -0.072106, -0.030569, -0.008804, 0.016344
0.005880, 0.042368, 0.027613, 0.012751, 0.066017, -0.025573
-0.039831, 0.092944, 0.075095, -0.051349, 0.013600, -0.004097
0.029806, -0.065966, -0.019829, 0.006215, -0.002839, 0.015646
-0.007239, -0.013291, 0.027984, -0.082092, -0.046551, -0.022483
-0.000510, 0.042272, -0.006041, 0.057943, -0.058260, -0.035880
-0.013532, 0.091493, 0.083264, -0.091173, -0.036818, -0.002454

==============================================================================

[105] id: Small_Cap_19
category    : Small Cap
scheme      : HDFC Small Cap Fund - Direct Plan - Growth
section     : Fund house
source_url  : https://groww.in/mutual-funds/hdfc-small-cap-fund-direct-growth
ingested_at : 2026-10-07T06:17:38+00:00  |  chunk_index: 19
chars       : 273  |  embedding: 384-dim
------------------------------------------------------------------------------
TEXT:
All rights reserved.Version: 8.0.5

Share Market: Indices

ETFs: Funds By Groww

Calculators: Miscellaneous

Others:: NSEBSEMCXTerms and ConditionsPolicies and ProceduresPrivacy PolicyDisclosureSMART ODRBug BountyGroww Pay - Terms of useGroww Pay - Privacy policyGroww IFSC

EMBEDDING (384 floats, rounded to 6 dp):
0.014900, 0.034039, -0.049562, 0.062366, 0.075239, -0.014139
0.059326, -0.055827, -0.013028, 0.033404, 0.025716, -0.077272
-0.047521, -0.022753, -0.079894, -0.046802, -0.067302, -0.028331
-0.038022, -0.001521, 0.016636, -0.005903, -0.025557, -0.063789
0.083739, -0.035465, 0.009746, 0.037755, -0.023465, -0.051961
0.011247, 0.009999, 0.028009, 0.017524, -0.004390, 0.002165
-0.047042, -0.068187, -0.049298, -0.014657, 0.036923, -0.086300
0.000466, 0.012507, -0.041435, 0.005849, -0.017975, 0.054690
0.016595, 0.042341, 0.021358, -0.022316, 0.022698, 0.050750
0.044244, -0.020663, -0.073956, -0.025960, 0.034824, -0.006675
0.010637, -0.005398, -0.033916, 0.078251, -0.048256, 0.010706
0.043894, 0.036591, -0.073643, -0.052539, 0.020982, 0.022031
-0.074682, 0.024218, 0.013821, 0.079794, 0.030762, -0.051400
0.088674, -0.087553, -0.068595, 0.021529, 0.053648, -0.009769
-0.032635, -0.010969, 0.024022, -0.017438, 0.098148, -0.031870
0.059696, 0.045148, -0.030744, -0.022709, -0.022526, -0.008401
-0.046669, -0.055509, -0.129975, 0.040090, 0.007954, -0.005236
-0.024182, 0.011707, -0.026634, -0.048224, 0.061575, 0.037968
0.006295, 0.041939, 0.001094, 0.029614, 0.041916, -0.050039
-0.006090, 0.020988, -0.129637, -0.032821, 0.084266, -0.051950
0.089210, 0.074642, -0.072293, -0.032779, -0.087845, -0.050875
-0.062594, 0.000000, -0.054828, -0.021155, -0.013248, -0.054709
0.035366, -0.031673, 0.034585, 0.009446, -0.083263, -0.022086
-0.013909, 0.078461, -0.008487, -0.006559, 0.031546, -0.015655
0.042823, 0.149084, 0.151820, 0.062155, 0.059209, -0.007005
0.032517, 0.016501, -0.011120, -0.008736, -0.002335, -0.101286
0.113335, 0.039785, 0.040909, -0.020252, 0.006500, -0.090075
0.043684, 0.002363, -0.018696, 0.006946, -0.012738, -0.015147
0.032008, 0.001688, -0.011019, -0.101976, -0.143779, 0.021446
0.034912, 0.023439, 0.101330, 0.063222, -0.035561, -0.016547
-0.022615, -0.052611, 0.025142, 0.039154, -0.048127, -0.006845
-0.023570, -0.047973, -0.040678, -0.006093, 0.000152, -0.055032
-0.099619, 0.005833, -0.043527, -0.023749, -0.035266, 0.058721
-0.029854, 0.039304, 0.086752, 0.049962, -0.038723, -0.040336
-0.014244, 0.074169, 0.071171, -0.022419, -0.042830, -0.004751
0.023117, 0.014880, 0.024660, -0.000099, -0.020286, 0.057684
0.036146, -0.020949, -0.005629, -0.088302, 0.006951, -0.067762
-0.084736, -0.000000, -0.041942, 0.024140, -0.034040, -0.027401
-0.005609, 0.055904, 0.028339, -0.024266, 0.072295, 0.020592
-0.024813, 0.090683, -0.008058, -0.085368, 0.032718, -0.078934
-0.004964, -0.025638, -0.061938, -0.017975, -0.097479, 0.025330
0.028026, 0.094301, 0.045352, -0.043225, -0.030595, 0.063381
-0.046207, 0.021055, -0.006784, -0.026252, -0.111277, 0.071067
-0.021989, -0.050249, 0.084648, -0.018114, -0.010654, 0.037904
0.048819, -0.013647, 0.008735, 0.056859, 0.026093, -0.015845
-0.008609, 0.004464, 0.073931, 0.002623, -0.025547, -0.042329
0.028642, 0.014458, -0.105315, 0.082684, 0.066576, 0.040567
-0.007653, -0.037984, 0.028409, -0.001466, -0.036158, 0.100388
-0.006048, -0.003913, -0.113766, -0.057106, -0.032291, -0.066717
0.100647, -0.065124, -0.000789, -0.041853, -0.000361, 0.060719
0.099923, -0.011013, -0.037135, 0.094548, 0.075872, 0.047041
0.046746, -0.003766, 0.004388, 0.017574, 0.060427, 0.039527
-0.028406, 0.022313, -0.115276, -0.046004, 0.008208, 0.066205
0.010595, -0.000000, -0.087566, -0.000432, -0.004081, 0.022526
0.059491, -0.007045, 0.059075, -0.024126, -0.012001, 0.022658
0.092973, 0.012465, -0.097834, -0.011402, 0.001419, -0.105993
-0.118307, 0.039478, -0.042901, -0.051188, -0.049511, 0.017787
-0.053819, -0.022028, 0.020565, 0.002513, 0.063271, 0.015648
0.030457, 0.078925, 0.010650, 0.045778, -0.026358, -0.025514
-0.011436, 0.066443, -0.039025, 0.100102, 0.032303, 0.078794
-0.015885, 0.022016, 0.042906, -0.028496, -0.069122, 0.055240
-0.104241, -0.009512, 0.091559, -0.117343, -0.012112, -0.059075
0.009286, 0.064338, -0.004664, -0.004821, -0.061386, -0.014102
0.004314, 0.031081, 0.095689, -0.125313, -0.013016, 0.056687

==============================================================================
